ChannelUrl,Name,Subscribers,Views,Email,Twitter,Facebook,Instagram,email_get_from
"https://www.youtube.com/channel/UCyL0RJe41itDFjd70KKZIZQ/","Frugal Aesthetic","682124","59423076","FrugalAesthetic@gmail.com","https://www.twitter.com/christianvuiYT","","https://www.instagram.com/christianvui","mnml clothing"
"https://www.youtube.com/channel/UCYP7bjg-DzwpKrFF2n5Mn3g/","Philipp Lüders","6579","601763","","","","http://instagram.com/phil.ldrs","mnml clothing"
"https://www.youtube.com/channel/UCc9Op944CTbAAx1U1b1c1xQ/","Locust&WildHoney","65086","8176599","","","","","mnml clothing"
"https://www.youtube.com/channel/UCYnTGu9fkyuuXYT3Jddc4ZQ/","Harry G. Men's Fashion","3630","940185","harrygbusiness@gmail.com","https://twitter.com/HarryGFashion","","https://www.instagram.com/harrygfashion/","mnml clothing"
"https://www.youtube.com/channel/UCizrhpoal47TutYfGEx5Jvw/","Neemzzz","27767","4024860","adhamineema@gmail.com","https://twitter.com/neemzzzy","","https://instagram.com/neemzzzy/","mnml clothing"
"https://www.youtube.com/channel/UChz9IaGCNtGxRm40Jzbp1MA/","Kadin Yu","33689","10014343","Kadin.Yu@gmail.com","https://twitter.com/KadinYu","","https://www.instagram.com/jiakadin/","mnml clothing"
"https://www.youtube.com/channel/UCI9gIf0scF8jeXziFyXG-Zw/","Richie Le","1020169","184968409","RichieLe@Gmail.com","http://www.twitter.com/richiele23","http://www.facebook.com/richiele","http://www.instagram.com/richiele23","mnml clothing"
"https://www.youtube.com/channel/UCoCaweIbfUtT9uIAnjFmDrw/","Fashion Mechanics","","20552","","","","","mnml clothing"
"https://www.youtube.com/channel/UCNSzoujlv7miNeWvXxUUgmw/","A Closer Look","75338","18606525","officialcloserlook@gmail.com","https://twitter.com/_aclofficial","https://www.facebook.com/A-Closer-Look-161975537616427/","https://www.instagram.com/closerlookofficial/","mnml clothing"
"https://www.youtube.com/channel/UC3bB7KWo_WflMFyBw-5Irlw/","Ty Barone","507","148381","thekickcrew30@gmail.com","","","","mnml clothing"
"https://www.youtube.com/channel/UCD0MOjut2Q6DlCr_FCPCioA/","TheBranflakes TV","6099","450785","brandonmalonzo@me.com","","","","mnml clothing"
"https://www.youtube.com/channel/UCCAXAEtFZR2qIMYigJrEPVQ/","Alex Zevallos","75833","9481491","alexmartinzevallos@gmail.com","https://twitter.com/lordzevallos","","https://instagram.com/lorddzevallos","mnml clothing"
"https://www.youtube.com/channel/UCkeiglrt6KyL-ej2D2hUyaA/","Sneakers Hype Hustle","542","147356","","https://twitter.com/ceoshotss","","https://instagram.com/ceoshots","mnml clothing"
"https://www.youtube.com/channel/UCiCZ6tcemevuCzDL3JOluWg/","Matthew Mahony","142","20448","m.mahony@lafilm.edu","https://twitter.com/MattMMahony","https://www.facebook.com/mahonymatthew","","mnml clothing"
"https://www.youtube.com/channel/UCpKPK38TZCWVBHrGDHKS3cA/","Eleet Fashion","541","91823","info@eleetfashion.com","twitter.com/eleetfashion","","instagram.com/thefashionandsneakers","mnml clothing"
"https://www.youtube.com/channel/UC2SVYohPFmWiEVn1i5Y57DA/","BillyVisuals","31243","6807693","billrelevant@gmail.com","https://twitter.com/billyvisuals","","https://www.instagram.com/billyvisuals/","mnml clothing"
"https://www.youtube.com/channel/UC_vSZ47aQoj0xbMRFBWIPcg/","Payday Pickups","42685","6360078","paydaypickups@gmail.com","","https://www.facebook.com/hadleydominic?fref=ts","https://instagram.com/domhadley_/","mnml clothing"
"https://www.youtube.com/channel/UChy3YhcDWXiQMZgbekmccmA/","Ben.Nguyen420","4","","","","","","mnml clothing"
"https://www.youtube.com/channel/UCjRaVGpeqbWIETTTdOXAZfA/","swzy V","215","10542","","","","","mnml clothing"
"https://www.youtube.com/channel/UCW054fjOU1DfElvFMiyEhIw/","Ryor","112","706840","","","","","mnml clothing"
"https://www.youtube.com/channel/UCoS0SrjyHLPyFAg8wjxXi4A/","Spreezy_","14","318","","","","","mnml clothing"
"https://www.youtube.com/channel/UCgRijYhrL-939Ua1xmkj6ig/","Allen Robateau","2736","411196","Contact@allenrobateau.com","https://twitter.com/allenrobateau","https://www.facebook.com/allenrobateau/","http://instagram.com/allenrobateau","mnml clothing"
"https://www.youtube.com/channel/UCol1SkDpGcM_r3USwWEwXKw/","Kxny. l","143","74284","","","","https://www.instagram.com/real.kingkeny/","mnml clothing"
"https://www.youtube.com/channel/UCKyWfRVN0p54JPcxjXsUogg/","Devo","395","14339","","","","","mnml clothing"
"https://www.youtube.com/channel/UCKe4zjRkgNEBlXHs1GhpbKg/","Tristan Wick","23703","2723706","twkicksofficial@gmail.com","","","","mnml clothing"
"https://www.youtube.com/channel/UC-IVgEK5l_PfCZR9x4HD-pA/","Dustin Mana","26","1018","","","","","mnml clothing"
"https://www.youtube.com/channel/UCCwN3lXbOYGUHPEaMqvWAkg/","Jonathan Fujii","1631","282091","","","","","mnml clothing"
"https://www.youtube.com/channel/UCwcDfJc50BJkPDxFNn0dumQ/","JoeLooks","689","247720","","","","https://www.instagram.com/joelooks/?hl=en","mnml clothing"
"https://www.youtube.com/channel/UCODQ2uCzeG9MtKo0F9LXgIQ/","Jaden Hall","3166","129344","","","","","mnml clothing"
"https://www.youtube.com/channel/UCf9gWLkvsZAAUSWviWXftrQ/","Mhiles Tecson","75","5542","","","","","mnml clothing"
"https://www.youtube.com/channel/UCha9tTa4RTxcbu2cvfQgiIg/","Lavish Liege","1183","205822","oghalealex@yahoo.com","https://twitter.com/oghalealex","","https://www.instagram.com/oghalealex/","mnml clothing"
"https://www.youtube.com/channel/UCID8QRTRcfLHurgjFnyEFgQ/","Yoshi Kris","4006","842688","","https://twitter.com/yoshinori621","","https://www.instagram.com/yoshinori621/","mnml clothing"
"https://www.youtube.com/channel/UC--j-yuiKFQhNAUYLt3v4fA/","Bsneak","686466","81603718","","","","https://www.instagram.com/blakelinder","mnml clothing"
"https://www.youtube.com/channel/UCdgdYbYQwSqRTRlNMRnACuA/","mysmartskills","5820","28802","","","","","mnml clothing"
"https://www.youtube.com/channel/UCsigvPZr1Vj-rR2Eah12hFA/","Jspiritu","5711","1180262","jnmespiritu@gmail.com","","","","mnml clothing"
"https://www.youtube.com/channel/UCBkMAB_jPIgEwTPp7JLqlDA/","CurtisDonDeano","43903","7858489","curtisdondeano@gmail.com","http://www.twitter.com/CurtisDonDeano","","http://instagram.com/curtisdondeano","mnml clothing"
"https://www.youtube.com/channel/UCJsdtZYi1zIDffnHpgMO-zA/","Billy Pardo","41207","35055768","","","","","mnml clothing"
"https://www.youtube.com/channel/UCI863NJAWtlF_8nNHAYNZjQ/","Fresh Air","1550","155347","","","","","mnml clothing"
"https://www.youtube.com/channel/UCUjN75aWH0CK56vPMLFBroA/","Hiroshi Oquendo","3","142","","","","","mnml clothing"
"https://www.youtube.com/channel/UCixLI5UNGFPHd7RmQCDTDsg/","Sam Barnes","3726","325637","sambarneslifestyle@gmail.com","https://twitter.com/sambarnes99","https://www.facebook.com/sambarneslifestyle/","https://www.instagram.com/SamBarnesLifestyle","mnml clothing"
"https://www.youtube.com/channel/UCYcOwQ01sFUERXgWqXzh9fg/","Alice Wragg","133","17280","","","","","mnml clothing"
"https://www.youtube.com/channel/UCQtfmM-j2FEufv0X2bIBHnw/","C Griffin","108","252058","","","","","mnml clothing"
"https://www.youtube.com/channel/UCCoq2yNnNq9XI4kpypjrSkA/","Joshua Daniher","931","123069","daniher.josh@gmail.com","https://twitter.com/Joshuadaniher","","","mnml clothing"
"https://www.youtube.com/channel/UCjVsp8mni7poGmYCBfhJO6A/","Artūr Fitnesas","173","53378","","","","","mnml clothing"
"https://www.youtube.com/channel/UC91lUZOSeNuK7Iu2SUeJmpQ/","Lê Hữu Đạt","","647371","lehuudat210503@gmail.com","","https://www.facebook.com/lehuudatt","https://www.instagram.com/imdatt_x/","mnml clothing"
"https://www.youtube.com/channel/UC53iSbXFlOjoXcb-deU6-Ag/","Ronnie Rios","241","42973","","","","","mnml clothing"
"https://www.youtube.com/channel/UCwHiuUjtakQ2MM4mUPT1f0g/","Amanda Paris","4630","388311","Bookings@AmandaParis.com","https://twitter.com/missamandaparis","https://facebook.com/amandaparisxo","","mnml clothing"
"https://www.youtube.com/channel/UCJA97Glkt7I7OcWRXXTGIGg/","Why Is My Face So Ashy","447","","","","","","mnml clothing"
"https://www.youtube.com/channel/UCYV7MOJsvZ7l39OqfCpJZtA/","Sneak'd Omar","106","21948","","","","","mnml clothing"
"https://www.youtube.com/channel/UC-i6Nyb3XWk88W2vKlmlYfg/","LeviGaming Minecraft","142","","","","","","mnml clothing"
"https://www.youtube.com/channel/UCQd1GQuHfm8RjHr3h9hfYzQ/","Sebastian Yan","477","140090","","","","","mnml clothing"
"https://www.youtube.com/channel/UCw1w6biyilPkVUR_cgb3XsQ/","theairsofting gecko","100","26618","","","","","mnml clothing"
"https://www.youtube.com/channel/UCQIfCfJLDomZwF7PaiN5CIg/","David Negrete","1163","173572","","https://twitter.com/mask_negrete","","https://www.instagram.com/mask_dave/","mnml clothing"
"https://www.youtube.com/channel/UCp2WzNmZtBXL0HqeU2pCqRw/","Mikhail Andrae","215","46504","www.khail1989@gmail.com","","https://www.facebook.com/mikhailandrae.ramones","","mnml clothing"
"https://www.youtube.com/channel/UCJxaiu644AFcCkwZMeAFthg/","DonFootball","151","","","","","","mnml clothing"
"https://www.youtube.com/channel/UCtmfwJ2JFdVTK3Y8W-_bQqA/","CheckMyRetros","113","17998","","http://www.twitter.com/checkmyretros","","http://www.instagram.com/checkmyretros","mnml clothing"
"https://www.youtube.com/channel/UCTkqYcnOuFJj4jigjx-Erkg/","TheFashionChannel","15","1195","TheFashionChannelYT@gmail.com","","","","mnml clothing"
"https://www.youtube.com/channel/UCO07a4SdxjAxxo2uENlzj4w/","Danyal Bridge","1504","214295","","","","https://www.instagram.com/danyalbridge/","mnml clothing"
"https://www.youtube.com/channel/UCgL9g1sShIgPcseyyKzhG5Q/","Gallucks","120055","10277669","gallucks@insanityhq.com","http://www.gallucks.com/","https://twitter.com/gallucks","http://instagram.com/gallucks","mnml clothing"
"https://www.youtube.com/channel/UCtRHVR1217f4rRr7P4bYvBw/","After The Wear","153","35920","afterthewear@gmail.com","","","","mnml clothing"
"https://www.youtube.com/channel/UCnlM6Cml36GCZe6nA6yxVCA/","Sharp Shoes","221","50612","","","","","mnml clothing"
"https://www.youtube.com/channel/UCBfuWHx4xGn4MNMLr3fXG0A/","Boboc Emilia","239","12085","","","","","mnml clothing"
"https://www.youtube.com/channel/UC3Y9uic1dWdKlyDsxy8PW9g/","songatica","595","31382","","","","","mnml clothing"
"https://www.youtube.com/channel/UCqcrJ2N7PpKIIwU489NflKA/","Keemw_","99","9295","akeemhmwhite@gmail.com","","","https://www.instagram.com/keemw_/","mnml clothing"
"https://www.youtube.com/channel/UCAB1g4irVlflsU0QK-ILrbw/","KingEmZ","1002","122252","emilio_smedley@yahoo.com","","","","mnml clothing"
"https://www.youtube.com/channel/UCBYP1Vy6KF85DlHzJ2A7daA/","Trevor Kowalski","2488","541618","lifeofkowalskiyt@gmail.com","","","https://www.instagram.com/trevorkowalskiyt/","mnml clothing"
