ChannelUrl,Name,Subscribers,Views,Email,Twitter,Facebook,Instagram,email_get_from
"https://www.youtube.com/channel/UC--j-yuiKFQhNAUYLt3v4fA/","Bsneak","686466","81603718","","","","https://www.instagram.com/blakelinder","mnml.la"
"https://www.youtube.com/channel/UCvcrB9ZjNk9yUPKD3uXInHw/","ILLSIGHT","123452","15311031","Contact@illsight.com","https://twitter.com/illsight","","https://www.instagram.com/illsight/","mnml.la"
"https://www.youtube.com/channel/UCizrhpoal47TutYfGEx5Jvw/","Neemzzz","27767","4024860","adhamineema@gmail.com","https://twitter.com/neemzzzy","","https://instagram.com/neemzzzy/","mnml.la"
"https://www.youtube.com/channel/UC3GR2tnLJu64fnSSjWr5Z1w/","Alessio Sicurani","6326","876985","alessiosicurani@gmail.com","","","https://www.instagram.com/alessiosicurani/","mnml.la"
"https://www.youtube.com/channel/UCBYP1Vy6KF85DlHzJ2A7daA/","Trevor Kowalski","2488","541618","","","","https://www.instagram.com/trevorkowalskiyt/","mnml.la"
"https://www.youtube.com/channel/UC6g7CrlteuUbDNHAlUJxziw/","mnml","8267","296017","help@mnml.la","","","","mnml.la"
"https://www.youtube.com/channel/UCc9Op944CTbAAx1U1b1c1xQ/","Locust&WildHoney","65086","8176599","locustandwildhoneyyy@gmail.com","","","","mnml.la"
"https://www.youtube.com/channel/UChz9IaGCNtGxRm40Jzbp1MA/","Kadin Yu","33689","10014343","Kadin.Yu@gmail.com","https://twitter.com/KadinYu","","https://www.instagram.com/jiakadin/","mnml.la"
"https://www.youtube.com/channel/UC77uWxiPnPtUvm-unS5TrCA/","JayCeeYG","2211","321419","JayCeeYG@hotmail.com","","","https://www.instagram.com/jaycee_yg/","mnml.la"
"https://www.youtube.com/channel/UC5b05foL_cpyxTpDzithwNw/","TheLifeOfCashK","186644","11227182","thelifeofcashk@gmail.com","","","https://www.instagram.com/thelifeofcashk/","mnml.la"
"https://www.youtube.com/channel/UCha9tTa4RTxcbu2cvfQgiIg/","Lavish Liege","1183","205822","oghalealex@yahoo.com","https://twitter.com/oghalealex","","https://www.instagram.com/oghalealex/","mnml.la"
"https://www.youtube.com/channel/UCH7TpsTFueAOqKFZVbAkDUg/","HXLDT","454","15695","n.hxldt@gmail.com","","","https://www.instagram.com/hxldt/","mnml.la"
"https://www.youtube.com/channel/UCRVOtjdvOHg9knH4Jd7e_1Q/","Sebastiano MNML","167","147992","","","","","mnml.la"
"https://www.youtube.com/channel/UCizrhpoal47TutYfGEx5Jvw/","Neemzzz","27768","4024860","adhamineema@gmail.com","https://twitter.com/neemzzzy","","https://instagram.com/neemzzzy/","mnml.la"
"https://www.youtube.com/channel/UC8bkMNMLLAOCxIIwvYXxUAw/","Cristian crack Montoya","9","3066","","","","","mnml.la"
