ChannelUrl,Name,Subscribers,Views,Email,Twitter,Facebook,Instagram,email_get_from
"https://www.youtube.com/channel/UCgSVkPPNHReTSRcaLEEwd9w/","Dee LaVigne","39531","1835935","queendeefitness@gmail.com","","","","off-white review"
"https://www.youtube.com/channel/UCBJycsmduvYEL83R_U4JriQ/","Marques Brownlee","9211511","1439350006","marques@MKBHD.com","http://twitter.com/MKBHD","https://www.facebook.com/marquesbrownlee","http://instagram.com/MKBHD","off-white review"
"https://www.youtube.com/channel/UCjB_adDAIxOL8GA4Y4OCt8g/","MM7Games","3810285","1739630497","","https://twitter.com/miniminter","","","off-white review"
"https://www.youtube.com/channel/UCE_--R1P5-kfBzHTca0dsnw/","Complex","4109750","1159662339","","https://twitter.com/Complex","https://www.facebook.com/complex","https://www.instagram.com/complex/","off-white review"
"https://www.youtube.com/channel/UCk-tWhQAML2MPxIq9dJ_8rg/","Zarx","1516","150782","mccrafterplay@gmail.com","","","","off-white review"
"https://www.youtube.com/channel/UC2jCfb4QsBHMaQe6R7XBcew/","Jakedasnake Sneaks","976","89675","jakedasnakesneaks@gmail.com","","","","off-white review"
"https://www.youtube.com/channel/UCDplyJXRaxEM4L3EkI-A_bw/","Aldair000","410","141796","","","","","off-white review"
"https://www.youtube.com/channel/UCyL0RJe41itDFjd70KKZIZQ/","Frugal Aesthetic","682124","59423076","","https://www.twitter.com/christianvuiYT","","https://www.instagram.com/christianvui","off-white review"
"https://www.youtube.com/channel/UCMGpMJSdywUDMWtmgPdiDZw/","Off White","847","139594","info.offwhite@gmail.com","","https://www.facebook.com/offwhiterecords","","off-white review"
"https://www.youtube.com/channel/UChWxkAz-n2-5Nae-IDpxBZQ/","Off The Shelf Reviews","18725","4688070","hunterscrow@yahoo.com","https://twitter.com/@OTSReviews","","","off-white review"
"https://www.youtube.com/channel/UCJMFK5Ccdi6pkfKdNcCHxAw/","Lida Martha's","1154","139520","kanyewestshoe@gmail.com","","","","off-white review"
"https://www.youtube.com/channel/UClUCFLqSTjFxF0Kz_gQ31eA/","Lucus Yeezy","1732","196678","lucusyeezys@gmail.com","","","https://www.instagram.com/lucusyeezy/","off-white review"
"https://www.youtube.com/channel/UCmPxMp-5ZvzFNUp3R3_StuA/","Blazendary","1660019","159291491","bookblazendary@gmail.com","","","http://instagram.com/giancarlopurch/","off-white review"
"https://www.youtube.com/channel/UCqyU3kUE2_FxPwPHFIdNqJA/","BUZZKILL CUSTOMZ","402","36018","","","","","off-white review"
"https://www.youtube.com/channel/UCXGqGjRd4_Bs1MMrjmpHLeQ/","Kicks Zone tv","2853","81202","","","","","off-white review"
"https://www.youtube.com/channel/UCtQnzQZkmJUXxIgfPrBurQA/","alejandroibsa","1361","252287","aalejandroibsa@gmail.com","http://www.twitter.com/#!/alejandroibsa2","","http://www.instagram.com/alejandroibsa","off-white review"
"https://www.youtube.com/channel/UCVgI0s7nsx7cJROUa-rgM6A/","otumos payemanu","2","420","","","","","off-white review"
"https://www.youtube.com/channel/UCltqw3QfjKddzh8y-xQg2AA/","AverageIndianGuy","","39464","157224615@N07","","","www.instagram.com/rajgauravlog","off-white review"
"https://www.youtube.com/channel/UCLxtDmsbdffrsOUz6VW00mg/","CORSKICKZ","14692","918209","","","","","off-white review"
"https://www.youtube.com/channel/UCtmaYT4qOQndTdjuOOsWIiQ/","hiphop linda","","159199","","","","","off-white review"
"https://www.youtube.com/channel/UCNSzoujlv7miNeWvXxUUgmw/","A Closer Look","75338","18606525","officialcloserlook@gmail.com","https://twitter.com/_aclofficial","https://www.facebook.com/A-Closer-Look-161975537616427/","https://www.instagram.com/closerlookofficial/","off-white review"
"https://www.youtube.com/channel/UCLqUIChJUeNngddApmm-3Ig/","Tanner James","1025","124178","","","","","off-white review"
"https://www.youtube.com/channel/UC03gIHFL8jMQjo4gnNVEvEw/","PressCAPLOCK","172023","117887358","Presscaplock@hotmail.com","https://twitter.com/presscaplock","https://www.facebook.com/PressCAPLOCK/","https://www.instagram.com/presscaplock","off-white review"
"https://www.youtube.com/channel/UCneIuNv2UUo718jI-w9GTNg/","Martha's Sneakers Filmed By Customers","522","76576","kanyewestshoe@gmail.com","","","https://www.instagram.com/marthayeezysneakers/","off-white review"
"https://www.youtube.com/channel/UCBUgf_ik9jux3sokf2_dZJA/","Reelville Media","777","410714","ondecktv@gmail.com","","","","off-white review"
