url,name,subscribers,views,email,Twitter,Facebook,Instagram,search_keyword
https://www.youtube.com/channel/UC_RkluqFBA8hKxmT1Axp1_g/,Brad Hall,364263,29088496,,https://twitter.com/bradhall_shoes,https://www.facebook.com/Brad-Hall-563251690506222/,https://instagram.com/bradhall_shoes/,sneaker reviews
https://www.youtube.com/channel/UC_3SOr7XbdSrSAAPgR5OpvQ/,SneakerheadPat Reviews,13910,2343085,,,,,sneaker reviews
https://www.youtube.com/channel/UC4pSx1evT620J3yhoFTfDHg/,ICOLLECTKICKS SNEAKER REVIEWS,2217,410324,,https://twitter.com/ICOLLECTKICKS,,http://instagram.com/icollectkicks#,sneaker reviews
https://www.youtube.com/channel/UCSTaLwqO70tmxca63fcUlDg/,Kia's Sneaker Reviews,105,7382,,,,,sneaker reviews
https://www.youtube.com/channel/UC-VzOfWO48Yw-i2pzzbXfSA/,SneakerFiles.com,105348,16663286,,http://twitter.com/sneakerfiles,http://www.facebook.com/sneakerfiles.sneakerfiles,http://instagram.com/sneakerfiles,sneaker reviews
https://www.youtube.com/channel/UCItU3uqDwN_80MqYi9fDGbQ/,SR4U Sneaker Reviews,28788,3262438,,https://twitter.com/soccerreviews4u,http://www.facebook.com/pages/Soccer-Reviews-For-You/218571158186808,http://instagram.com/vujojosh/,sneaker reviews
https://www.youtube.com/channel/UCQxawikQXBjxKj0-ZX-UQYA/,Rep Sneaker Reviews,159,43895,,,,,sneaker reviews
https://www.youtube.com/channel/UCgtHJiyE6ZwaJO65tdudDfw/,Seth Fowler,499262,78184782,,https://twitter.com/realsethfowler,,https://www.instagram.com/realsethfowler/,sneaker reviews
https://www.youtube.com/channel/UCnxGkOGNMqQEUMvroOWps6Q/,JRE Clips,2857465,1565818895,,,,,sneaker reviews
https://www.youtube.com/channel/UCWaeXdUUdCN7vl6E-sNJ3Ig/,Gabby Scheyen,305087,31395210,,https://twitter.com/gabbyschey,,https://www.instagram.com/gabbyschey/,sneaker reviews
https://www.youtube.com/channel/UCbMIlFcK38N-2VJUoi4yYcA/,Luey G,754,144421,,,,,sneaker reviews
https://www.youtube.com/channel/UCLkh8oi0KAnClK7IfZmET8A/,AnotherPair,16005,1573900,anotherpairbusiness@gmail.com,https://twitter.com/anotherpair_,,https://instagram.com/anotherpair_/,sneaker reviews
https://www.youtube.com/channel/UCj9su263SoUrkAzaF4bZAFw/,Casa Station,898,263559,,/redirect?redir_token=2SBbUKa_ZnKGDSDpU1rBDPYAxVB8MTU2NzI2NTEyMEAxNTY3MTc4NzIw&q=https%3A%2F%2Ftwitter.com&event=channel_description,/redirect?redir_token=2SBbUKa_ZnKGDSDpU1rBDPYAxVB8MTU2NzI2NTEyMEAxNTY3MTc4NzIw&q=https%3A%2F%2Fwww.facebook.com%2Fcasastation.usa%2F&event=channel_description,/redirect?redir_token=2SBbUKa_ZnKGDSDpU1rBDPYAxVB8MTU2NzI2NTEyMEAxNTY3MTc4NzIw&q=https%3A%2F%2Fwww.instagram.com%2Fcasa.station%2F%3Fhl%3Den&event=channel_description,sneaker reviews
https://www.youtube.com/channel/UCdw23eHSSKghXMZZlGEzEVg/,Zane's Sneaker Cleaning,3865,1196944,,,,,sneaker reviews
https://www.youtube.com/channel/UCEQaIfwhtM-jLr2IpZVIlxw/,210 Got Kickz,1852,234101,210gotkickz@gmail.com,https://twitter.com/210Gotkickz,,,sneaker reviews
https://www.youtube.com/channel/UCPhyA9zzFd0GFI3w5a3pyuA/,Anthony Levine,15140,4878257,,https://twitter.com/tonydiamondstdc,https://www.facebook.com/allaboutanthonyblog/,https://instagram.com/verse001/,sneaker reviews
https://www.youtube.com/channel/UCIvdC_S0XOMl2QyBslsP7PQ/,Air Trafficking,,482219,AirTraffickingSales@gmail.com,https://twitter.com/Air_TrafficKing,https://www.facebook.com/pages/Air-Trafficking/827580320689424,https://instagram.com/air_trafficking/,sneaker reviews
https://www.youtube.com/channel/UC0YC4odP4cbUbWmK8UqKj2g/,Laced Sneakers,2500,419146,,,,,sneaker reviews
https://www.youtube.com/channel/UCUU3lMXc6iDrQw4eZen8COQ/,Soccer Reviews For You,628467,195390632,soccerreviewsforyou@gmail.com,https://twitter.com/soccerreviews4u,https://www.facebook.com/pages/Soccer-Reviews-For-You/218571158186808,http://instagram.com/sr4u_josh/,sneaker reviews
https://www.youtube.com/channel/UCZ9l_6_f0PWRYXN5Y7Lcl2A/,Jacques Slade,,167600638,,,,,sneaker reviews
https://www.youtube.com/channel/UC3AKSkkXN9qFgFMmp5cYKkw/,CjCityTv,42275,4676601,,,,https://www.instagram.com/rappercjcity/,sneaker reviews
https://www.youtube.com/channel/UCtZjNyy3-sK_InKZ11mxwsg/,DREAMTVSTUDIOS,33430,11335970,,/redirect?redir_token=6kuvrIp8mLGhsHzM9a142nVYJN18MTU2NzI2NTEzMEAxNTY3MTc4NzMw&q=https%3A%2F%2Ftwitter.com%2FBsVirtualWorld&event=channel_description,/redirect?redir_token=6kuvrIp8mLGhsHzM9a142nVYJN18MTU2NzI2NTEzMEAxNTY3MTc4NzMw&q=http%3A%2F%2Fwww.facebook.com%2Fdreamtvstudios&event=channel_description,http://www.instagram.com/dreamtvstudios,sneaker reviews
https://www.youtube.com/channel/UCGvj4E8Ivzeo1YI4ajR9vng/,SneakerHeadInTheBay,528323,60515258,bayrestorations@gmail.com,http://www.twitter.com/bayareashoehead,http://www.facebook.com/sneakerheadinthebay,http://instagram.com/sneakerheadinthebay,sneaker reviews
https://www.youtube.com/channel/UC2K_O4jYAqwDvDUCdOBm_Wg/,June Be,0,324,,,,,sneaker reviews
https://www.youtube.com/channel/UCl0oefBbDK_1zSiKTmXFtzA/,Sneaker Enthusiast,57,,,,,,sneaker reviews
https://www.youtube.com/channel/UCpXpxgvJ2Eujjv7dhQb1opQ/,King Kasey 23,118,7441,,,,,sneaker reviews
https://www.youtube.com/channel/UCCeLzBn8em0i8zrhx_j7DIw/,Sneaker Reviews,,1299,,,,,sneaker reviews
https://www.youtube.com/channel/UCncnlRN31ckfiS10EsPHPfg/,Hoop And Life,333596,61768331,,,,,sneaker reviews
https://www.youtube.com/channel/UC9IfI2AnxSCgVNqF3-GhypA/,Grantbrady-lopez,14427,2281752,,,,,sneaker reviews
https://www.youtube.com/channel/UC5ucrX7vprjnrgE9JosoGtQ/,Five Minute Sneaker TV,2167,148524,,,,,sneaker reviews
https://www.youtube.com/channel/UCJB93GzXj68MBgG7bL5SRnA/,Picsoleated,22354,4699515,,,,,sneaker reviews
https://www.youtube.com/channel/UCmUzgEBD9EsEwte9qtnRcXg/,Kasey Rayton,264646,20141297,kasey@maxconnectors.com.au,https://twitter.com/kaseyrayton,,https://instagram.com/kaseyrayton/,sneaker reviews
https://www.youtube.com/channel/UCORFQgT1_pwTb4TSJlVVHQQ/,1K - byDeez,2383,195491,1kDeezy@gmail.com,,,,sneaker reviews
https://www.youtube.com/channel/UCYOXcIfqiSUd4J75guOKnog/,Roszko,21776,3218849,,,,https://www.instagram.com/roszko_72/,sneaker reviews
https://www.youtube.com/channel/UCyouEiaSkusM9hL7NIDPf3g/,iLoveMeSomeSNEAKS,214,104930,,https://twitter.com/iLoveSomeSNEAKS,,,sneaker reviews
https://www.youtube.com/channel/UCePihK7DujGe1UkVgPmKabQ/,Sneakersnstreets,25497,6648489,,,,www.instagram.com/sneakersnstreets,sneaker reviews
https://www.youtube.com/channel/UCoMThrOPk4nctc3grRfVatw/,Joseph Uson,3,,,,,,sneaker reviews
https://www.youtube.com/channel/UCyAEhMJhVe73nQ4GW2TxEwg/,jaysmithjordans,271,26531,,,,,sneaker reviews
https://www.youtube.com/channel/UCtlAzXElBaximUuXx7ykJ5Q/,FaceBoys Ent. H.O.O.F Set,413,211842,,https://twitter.com/FaceBoysEnt,,,sneaker reviews
https://www.youtube.com/channel/UC95M9-wrjToLzm8Xal1PbfQ/,cowfreekicks,663,148078,,,,,sneaker reviews
https://www.youtube.com/channel/UCCQC2rqOo971sqcobRk6MCg/,Mark Wood,433,56002,,,,,sneaker reviews
https://www.youtube.com/channel/UCB3tvyt5Lvrc_cATQdqoRsw/,M.E Entertainment,57343,10238433,SixteenBarsME@hotmail.com,,,,sneaker reviews
https://www.youtube.com/channel/UCzPcdviKXlWGWSfC3WoB-0A/,Shev Stax,3989,768219,,https://twitter.com/ShevStax,,https://www.instagram.com/shevstax/,sneaker reviews
https://www.youtube.com/channel/UC9-JxYcD5JvmcxPX5fXFlLA/,Sneakers Lover,446,85121,,,,,sneaker reviews
https://www.youtube.com/channel/UCda9I9qi0P1pJp1tOY1X5Rw/,ChaseNkicks,85,30480,,,,,sneaker reviews
https://www.youtube.com/channel/UCAKXPjZQ0D5Sc1Xi_yZkcww/,KOMOS CHANNEL,7941,1524334,,,,,sneaker reviews
https://www.youtube.com/channel/UC-dVIhIMgtLlgIvM7Q3gYMA/,Brose Files,4420,595564,,,,,sneaker reviews
https://www.youtube.com/channel/UCYXfXN-OS50hfApDysMMd4g/,THE COLLECTS,4604,486760,,,,,sneaker reviews
https://www.youtube.com/channel/UC_rkR4ponvfPmAmVn-iWgBg/,Sneaker reviews Sneakerheaf,3,39,,,,,sneaker reviews
https://www.youtube.com/channel/UC8VG5KN9bxqRiJmniLIi42g/,Sneakerologist 023,1049,285162,,,,,sneaker reviews
https://www.youtube.com/channel/UCyPtoH--hTekOoCPTpz-VqQ/,I’m a Subscription box Addict,336,3406,,,,,sneaker reviews
https://www.youtube.com/channel/UCfFwG-FxqXrIEZCsCHaTgeg/,YOUNGEXBOOM,4,12,,,,,sneaker reviews
https://www.youtube.com/channel/UCm1zOpU3hsdcwSwDTT_vSsQ/,YoManAlberto,3965,1143370,,,,,sneaker reviews
https://www.youtube.com/channel/UCM0PBMmKZpGre91FjxBkXPw/,King Of Kicks,52,8405,,,,,sneaker reviews
https://www.youtube.com/channel/UCg7AiS4FXGC2VACkPj_3XxQ/,Shoemanati,8907,1487728,,,,,sneaker reviews
https://www.youtube.com/channel/UCNIl-fwFdGbJ9S91sbJLsnQ/,Allen Bros.,58,3408,,,,,sneaker reviews
https://www.youtube.com/channel/UC1SrYFm0xzTU0RNdxczBoAQ/,Sneaker Reviews 2016,64,5517,,,,,sneaker reviews
https://www.youtube.com/channel/UCSggldtWR0i_iFce0V1ExvQ/,OverTheRated,8,4024,,,,,sneaker reviews
https://www.youtube.com/channel/UCAZ0yQWVYSL64EXD5_QxjTQ/,Sneaker Plug,,41711,,,,,sneaker reviews
https://www.youtube.com/channel/UCfb5jLrgmnQz8IUxHU--8OA/,HEAT Ledger,40833,6834901,heatledgerkicks@gmail.com,https://twitter.com/HeatLedgerKicks,https://www.facebook.com/Heat-Ledger-1050543758298236/timeline/,http://instagram.com/thomaswadewest/,sneaker reviews
https://www.youtube.com/channel/UCw826NBmzNQhTuwpcj9zimw/,Schmidty's Network,232,21936,,,,,sneaker reviews
https://www.youtube.com/channel/UCepw5ny0ZT_pCFY1OcBqMpg/,Kydoo _,27,3583,,,,,sneaker reviews
https://www.youtube.com/channel/UC_U867URnnPs17h7glnUopg/,sneaker vibes,61,23705,,,,,sneaker reviews
https://www.youtube.com/channel/UC0i94nZxUqRcFM-Yjyxiapg/,Boost B.K,7,429,,,,,sneaker reviews
https://www.youtube.com/channel/UC6pn3W6SsuIRQ8TLe3TG-8w/,Johnny J'z,209,3617,,,,,sneaker reviews
https://www.youtube.com/channel/UCBaJftTKH1fxIqKCFdeJRKw/,Tiger Lynn,26295,17341316,,,,,sneaker reviews
https://www.youtube.com/channel/UC9yBR-97uCub78ih0QXVb_g/,Stone Cold Kicks,6512,622649,,,,,sneaker reviews
https://www.youtube.com/channel/UC8dHkrkKNKvG2y8SxkMdtJA/,Pizzthesneaker head,7,,,,,,sneaker reviews
https://www.youtube.com/channel/UCYeQhkcRq-_oMa6VLiN9j-g/,SneakerheadinthebayVlogs,173419,14905333,,http://www.twitter.com/bayareashoehead,,http://www.instagram.com/sneakerheadinthebay,sneaker reviews
https://www.youtube.com/channel/UCIFEMIIhQEm3Z9yw0G4n4pQ/,Kevin Preem,39,4625,,,,,sneaker reviews
https://www.youtube.com/channel/UCo44inc4e4hvEaa1U5HpRqg/,SneakerTalk,306648,39707863,,https://twitter.com/sneakertalkca,/redirect?q=https%3A%2F%2Fwww.facebook.com%2FsneakertalkCA%2F&redir_token=mges4furj5e4BKXTxmGaOmr6_BF8MTU2NzI2NTE2OUAxNTY3MTc4NzY5&event=channel_description,http://instagram.com/sneakertalkca,sneaker reviews
https://www.youtube.com/channel/UCIvx9dyhYhUfU7VRYBLLyyA/,First in Sneakers,17,819,,,,,sneaker reviews
https://www.youtube.com/channel/UC9djGUiy0ahzj91NanM4i8g/,Laced Up Grace,716,85093,,http://Twitter.com/LacedUpGrace,,http://instagram.com/lacedupgrace,sneaker reviews
https://www.youtube.com/channel/UCRC0jWHw7kf2w8OzIkqAymw/,Noliimitchris _,87,433,,,,,sneaker reviews
https://www.youtube.com/channel/UClYIdW2TwaeZKalWYBftjDQ/,AirBennett23,76,19429,,,,,sneaker reviews
https://www.youtube.com/channel/UClE0HxdATe1ltSGc2b3iyPA/,Sneaker Sensei,175,51178,,,,,sneaker reviews
https://www.youtube.com/channel/UCJ0y3YmL-RsinwQ3Z0BOdmw/,kickonfiress com,,75613,sneakeronfires18@gmail.com,,,,sneaker reviews
https://www.youtube.com/channel/UCUuqriQ4CgXKLeFRxzXJ8kA/,The Shoe- Ru,37,13083,,,,,sneaker reviews
https://www.youtube.com/channel/UC_qTBhir2r-gfe_0NvBzWzg/,Ryan The HypeBeast,27,630,,,,,sneaker reviews
https://www.youtube.com/channel/UCQYnSAnKJo1cH52-g8mRoxw/,Supreme Savage,321,131764,,,,,sneaker reviews
https://www.youtube.com/channel/UC2amzjYPwVG1CfKpj4-iPbw/,Wasically,1915,309805,,https://twitter.com/collegeboytrey,,https://www.instagram.com/collegeboytrey/,sneaker reviews
https://www.youtube.com/channel/UCp0s5NktPM3MArQ6LuAC0uA/,Rondew,210,124633,,,,,sneaker reviews
https://www.youtube.com/channel/UCzzR-qKWyQtxDNWCSW69kjw/,Sneaker Geeks,55,15206,,,,,sneaker reviews
https://www.youtube.com/channel/UCctz2BxspDzr9yrDJ_OugDA/,ColinKicks,33765,5146778,,,,,sneaker reviews
https://www.youtube.com/channel/UC3QuBtUtQ5kleBg-jiVyxdQ/,CleanLyrics,5255,3461670,,,,,sneaker reviews
https://www.youtube.com/channel/UCB6p3wgVRMQ7G0PudSM2gqA/,yathan01,11246,6731293,,,,,sneaker reviews
https://www.youtube.com/channel/UCKQfPIOAC2KM0cJRmU8ssrg/,DOPELUCK!,7076,807004,Wascar.13@gmail.com,,https://www.facebook.com/pages/Dopeluck/1442148732718894,http://instagram.com/Dopeluck,sneaker reviews
https://www.youtube.com/channel/UCnWXFfTeR2mU24PAwdnRx8A/,1 Million subscribers with no videos challenge,781,4857,,,,,sneaker reviews
https://www.youtube.com/channel/UCHvRQOczjhJZNoulyk5casg/,tokyzm,23,36558,,,,,sneaker reviews
https://www.youtube.com/channel/UCviDkjMehtQEfVydImHwmew/,KiNGJiT,20,,,,,,sneaker reviews
https://www.youtube.com/channel/UCSK3zJycFAl9TX5MAZvRjdw/,LeafyGreens,65,3405,,https://twitter.com/LeafyGreensYT,,https://www.instagram.com/leafygreensyt/?hl=en,sneaker reviews
https://www.youtube.com/channel/UC2SPBRixDBY1rjWcmhm7Rpw/,PAIN82,1264,16353,,,,,sneaker reviews
https://www.youtube.com/channel/UCouHjq31NywQt3DoXolzQWA/,Hated Crew,494,65936,,,,,sneaker reviews
https://www.youtube.com/channel/UCrlAX6CrFeL_yyLKl0ItKOA/,London Beltre,113,16538,,,,,sneaker reviews
https://www.youtube.com/channel/UCeL9M0xrLzN2-Tkqj-oCPQg/,Trung Vuong,1851,603464,TrungLKNG@gmail.com,,,,sneaker reviews
https://www.youtube.com/channel/UC1tBARwDWeya30ITnp-gi1w/,Diecast Direct,839,241663,,,,,sneaker reviews
https://www.youtube.com/channel/UCj7bcFXRskxkJXlk_oEUfpA/,Tidemall K,25,14438,tidemall@hotmail.com,,,,sneaker reviews
https://www.youtube.com/channel/UCa18hHcl4IG6_eAPYZaKaHQ/,redfeather Gotti313,249,,,,,,sneaker reviews
https://www.youtube.com/channel/UC9pw7vEUK3eaQ81Vv0O7zXA/,Zar's Variety Channel,2907,7960387,,,,,sneaker reviews
https://www.youtube.com/channel/UCXSuSxx05WFsgwD_3HyQI3w/,RJ Montero,,4402,,,,,sneaker reviews
https://www.youtube.com/channel/UCGMXDAJOm3nqgsDpLnRwToA/,JAYZ TV,559,902,,,,,sneaker reviews
https://www.youtube.com/channel/UCeAeDevTy3wMitdiJaVNYPw/,mrnikesb6,11177,1445664,,https://twitter.com/mrnikesb6,,http://instagram.com/mrnikesb6,sneaker reviews
https://www.youtube.com/channel/UC0OQrJMvczEXQznRt7jGKdA/,Crayonaline,69,5573,,,,,sneaker reviews
https://www.youtube.com/channel/UC8Rr0HCjs5dzXqT2MIu9FoA/,Sartorius Tube,6072,332598,,,,,sneaker reviews
https://www.youtube.com/channel/UCoP88uoEnoa2xU701LBADKg/,Acesswizzle 1998,0,164,,,,,sneaker reviews
https://www.youtube.com/channel/UCVCtE7Jmsu5afDppLPrM1Og/,Erkies,267,303607,,,,,sneaker reviews
https://www.youtube.com/channel/UCjGRk984j8yA0-50qpCy6Iw/,Jeffry Hargrave,1488,,,,,,sneaker reviews
https://www.youtube.com/channel/UCWxHJTe9b0D10xtknyg_tuw/,Closet Crashers,81,10845,,,,,sneaker reviews
https://www.youtube.com/channel/UCaDHoPfGnxIE-1_wBUxg3YQ/,Lisa Ma Mayweather,559,638990,,,,,sneaker reviews
https://www.youtube.com/channel/UCPrlRwxcSHBD-fHeWWWOxcw/,chi-town kicks,82,50104,,,,,sneaker reviews
https://www.youtube.com/channel/UCUm64uxgIFE_xbOyIvtsGdQ/,Rosario Lagat,261,3132,,,,,sneaker reviews
https://www.youtube.com/channel/UCN8OxuBrKg6YJ-Kv4UB5Hjg/,Keith Adam,129163,8996910,,https://twitter.com/KeithAdam10,,https://www.instagram.com/keith_adam_/,sneaker reviews
https://www.youtube.com/channel/UCalMGIuQuq1sWVb1ND4elzA/,Impressive Kickz,906,162244,,,,,sneaker reviews
https://www.youtube.com/channel/UCeClI15-2VS9_4eTqung9bA/,Keenan Joshua,221,10641,,https://twitter.com/Kee_Check,,https://www.instagram.com/keenan_rmr/,sneaker reviews
https://www.youtube.com/channel/UCNqf0_W_hqoG2mQeCoqKGCA/,BAraCk OsamA,183,54554,,,,,sneaker reviews
https://www.youtube.com/channel/UCUIr3rzOcZmIjSQ2Gh6Ljfg/,Breakdance Decoded,25516,1750290,,,https://www.facebook.com/breakdancedecoded/,,sneaker reviews
https://www.youtube.com/channel/UCBkL03Y0hIZAsv3rWyrSCtw/,The Kavalier,85010,11613198,,https://twitter.com/the_kavalier,,https://instagram.com/the_kavalier/,sneaker reviews
https://www.youtube.com/channel/UCC9CkEbGde7BUmgzOF334pg/,Sam Alxr,142359,13341633,,,,,sneaker reviews
https://www.youtube.com/channel/UC1_ffldNytLn_oWDWu4yGng/,UNMADE HUMAN,41,1357,,,,,sneaker reviews
https://www.youtube.com/channel/UCRYyUDCXUmgnIWKhPQeljNA/,Best Shoes Online,765,188168,,https://twitter.com/bestshoesonlin,,,sneaker reviews
https://www.youtube.com/channel/UCJXWKorUnYMFu1V4KJawZiA/,i review it,1486,232694,,,,,sneaker reviews
https://www.youtube.com/channel/UC2TzYTWHJ91H7XszRGpiH-g/,mixedhypebeast vids,1841,153165,,,,,sneaker reviews
https://www.youtube.com/channel/UCUEtw1ARYzOSYruiadV_eBA/,G&G TV,396,53531,,,,,sneaker reviews
https://www.youtube.com/channel/UCXpf9NSaTEHVmPZjwneA-9w/,Flooor,130,120,,,,,sneaker reviews
https://www.youtube.com/channel/UCRuaETBlOx0PdGyGFbVbHvg/,Kris Bartels,766,345498,,http://www.twitter.com/krisbartels,https://www.facebook.com/kris.bartels.1,http://instagram.com/krisbartels,sneaker reviews
https://www.youtube.com/channel/UCAsioGOD9yrSXWAFFe6Kleg/,Sole Lord,5965,767167,,http://www.twitter.com/SoleLord_,,http://www.Instagram.com/SoleLord_,sneaker reviews
https://www.youtube.com/channel/UCvjuvYv4myRPmiDKsHhh1Ew/,DenZu,117,417,,,,,sneaker reviews
https://www.youtube.com/channel/UCS4muTwNH3oTyjOV3y4J7-Q/,Prynze Stylez,2163,431255,,,,,sneaker reviews
https://www.youtube.com/channel/UCaJ4aEEeQgH7F71MyPCeu-A/,rikki motl,3,1669,,,,,sneaker reviews
https://www.youtube.com/channel/UCxCNbSz6RxTWxRCBDZD7j7w/,SpecialKicks,1685,155484,SpecialKicks16@gmail.com,,,,sneaker reviews
https://www.youtube.com/channel/UCanitqwfZuy6ieC4EFUskwA/,Ron Reviews 2.0,1571,223185,,,,,sneaker reviews
https://www.youtube.com/channel/UC2orU0nBySjKX7d7t3QVXgw/,Bird Customs,554,6415,,https://twitter.com/WillCreator,https://www.facebook.com/Burden.william/,https://www.instagram.com/_birdcustoms,sneaker reviews
https://www.youtube.com/channel/UCXoOWH7qok1yXUOA4X5wpAw/,Dreaded Basket,1611,207007,,,,,sneaker reviews
https://www.youtube.com/channel/UCSkgNGCGltLZer9tKMbEjQA/,JyA Delgado,406,25294,,,,,sneaker reviews
https://www.youtube.com/channel/UCwv5xX43wnUSJDPW2sCmExA/,Camcorder Banks,247,17505,,http://www.twitter.com/camcorder_banks,,http://www.instagram.com/camcorder_banks,sneaker reviews
https://www.youtube.com/channel/UCoabaprWPOTHMQEjF_3iZwA/,Sneakers On Feet,983,480987,,,,,sneaker reviews
https://www.youtube.com/channel/UC-fUXsEebCW9rVgWUTSRI_w/,Jay OvOkid,340,1515,,,,,sneaker reviews
https://www.youtube.com/channel/UC2BsIVLzhDsN1vVtFnztHVA/,Kenjijr,289,40799,,,,,sneaker reviews
https://www.youtube.com/channel/UCnE3c-6NdtM5DFiRQrrSQMQ/,Bigmoneymike,297,11596,,,,,sneaker reviews
https://www.youtube.com/channel/UC-ynEcjZJ6TFmxDRGXQ2ExA/,Nike Air Force One - Topic,201,,,,,,sneaker reviews
https://www.youtube.com/channel/UCNnyiMfdarYbMqhel6uUkAw/,Lifestyles Defined Tech,5974,1391621,Lifestylesgeneral@gmail.com,http://twitter.com/lifestylesdef,https://www.facebook.com/LifestylesDefined,http://instagram.com/lifestylesdefined_tech,sneaker reviews
https://www.youtube.com/channel/UCQD7i3uoOnyXM4w8js_8CuQ/,DJDELZTV,4901,2486147,,http://TWITTER.COM/DJDELZ,,,sneaker reviews
https://www.youtube.com/channel/UCgJNIEUnpopQgQxRwQ2XczA/,Dhgate Customer Service,151,,,,,,sneaker reviews
https://www.youtube.com/channel/UCjUz8YpbmRRyUH8YkAfk7xw/,10BackReviews,233,84681,,,,,sneaker reviews
https://www.youtube.com/channel/UChw-y_3bLkMiWx-Bmf_w_Ug/,Jiggy Cruz,1826,205511,,,,,sneaker reviews
https://www.youtube.com/channel/UCL5EIzdMaeZxOVkaRhbM_6g/,Uneak Sneaks,119,4989,,,,,sneaker reviews
https://www.youtube.com/channel/UC9oDBIAV8T-7A52RMAuKCdA/,Pabs Money Bagz,424,182770,,,,,sneaker reviews
https://www.youtube.com/channel/UCxe8vmTNpk5cscKt1ArXc6Q/,JhunGaux,24002,30952949,,,,,sneaker reviews
https://www.youtube.com/channel/UCJJTJlQkGvXd6ryvrJjjgdQ/,Solaris100,480,55258,,http://www.twitter.com/solaris100,,http://www.instagram.com/solaris100,sneaker reviews
https://www.youtube.com/channel/UCLhaTcemlBFWTnYm4QvCO8A/,cel2301,1279,339745,,,,,sneaker reviews
https://www.youtube.com/channel/UCETMtrhjKh0_Z53b7dP4BUA/,Wasp Kicks,186,155237,,,,,sneaker reviews
https://www.youtube.com/channel/UCJMFK5Ccdi6pkfKdNcCHxAw/,Lida Martha's,1154,139520,kanyewestshoe@gmail.com,,,,sneaker reviews
https://www.youtube.com/channel/UC9-czNUwS5X8rVoYgwbDbJw/,Lonewolf22406,279,100629,,,,,sneaker reviews
https://www.youtube.com/channel/UC_Bqtr8PeUzOSGW0K7qVu_g/,Sneaker Saints,2729,191350,,,,,sneaker reviews
https://www.youtube.com/channel/UCxrV3E-5EZBvcexU6INxoQQ/,Toolmapp,2339,1785661,,,https://www.facebook.com/tool.mapp,,sneaker reviews
https://www.youtube.com/channel/UCqG2wjSWOFCKnZAMc1RUOPg/,GEEK OF SNEAKERS,1848,301693,geekofsneak@gmail.com,https://twitter.com/geekofsneak_,,https://www.instagram.com/geekofsneak_/,sneaker reviews
https://www.youtube.com/channel/UCcZGnLFQkIf1KYmX5GS0qoQ/,Ochaco,365,77750,,,,,sneaker reviews
https://www.youtube.com/channel/UCMouaoOgexM130eSm8OX_eA/,CJ Sneakers,20973,3739950,,https://twitter.com/cj_sneakers,,https://www.instagram.com/c.j.sneakers,sneaker reviews
https://www.youtube.com/channel/UCyLFbwZrTtblFFJGs1HKGIw/,Litt Ron,454,313466,,,,,sneaker reviews
https://www.youtube.com/channel/UCdgMwZ1r97rOObanAJ-rI6Q/,Cox Gang,1009,17282,,,,,sneaker reviews
https://www.youtube.com/channel/UC88kCmsOLmKXUhmQJxYIovg/,edward loviyandhi,2520,1065427,,,,,sneaker reviews
https://www.youtube.com/channel/UCdv8N12G9-wxSyo5tF6D13A/,Sniper J0nes,28249,2228087,,,,,sneaker reviews
https://www.youtube.com/channel/UC3-P4KdkYhP_8Sydt9OExfA/,TDKBlackBelt10,2693,2064561,,,,,sneaker reviews
https://www.youtube.com/channel/UCsc4vv4Dp8igpYtmlooAUQw/,SoBasically,69,34171,,,,,sneaker reviews
https://www.youtube.com/channel/UCL8nEjJjOo0SiwX_Rmdf1gg/,Aldaysha Juliet,1404,109092,aldayshaj@gmail.com,https://twitter.com/aldayshajuliet,,https://www.instagram.com/aldayshajuliet/,sneaker reviews
https://www.youtube.com/channel/UCryMhDLpqIrViNTX8YDDELA/,Lordkicks May,29,11180,,,,,sneaker reviews
https://www.youtube.com/channel/UCTzqL5pQrmTuD5x7NE7-TiQ/,AA- RON,103,,,,,,sneaker reviews
https://www.youtube.com/channel/UCvcVwhR1BUgUGcWLLrrCAAw/,Fuzzyslippers,415,41548,,,,,sneaker reviews
https://www.youtube.com/channel/UCgfFTVcJTIN75B10D4HvYwA/,Official- Kisa,172,33734,,,,,sneaker reviews
https://www.youtube.com/channel/UCfF7aJQoS4Jk2HN6KHPA7NA/,Sneaker Grandpa,728,16396,,,,,sneaker reviews
https://www.youtube.com/channel/UCi1DM224GSEMqHV_7wlj5fw/,Hollinger Investments,219,27728,,,,http://instagram.com/mghfitness,sneaker reviews
https://www.youtube.com/channel/UCc9p9zMLW2ZDcqnuJlOc0_g/,The Carnivors,13,7204,,,,,sneaker reviews
https://www.youtube.com/channel/UCF69g6al6XGIWM-xNF_MlmQ/,Mo_Snkrs,30,,,,,,sneaker reviews
https://www.youtube.com/channel/UCuK83LhYOnlLR8T_rfMtgyw/,CodsterGames,226,61749,,,,,sneaker reviews
https://www.youtube.com/channel/UC0VIhkx-lgfJW9XkV90alCA/,GCKICKS,28062,3674354,,https://twitter.com/IAMGCKICKS,https://www.facebook.com/chris.gutierrez.351,https://www.instagram.com/iamgckicks/?hl=en,sneaker reviews
https://www.youtube.com/channel/UCPGihmYnPATzgT0ziuWoMmw/,Brett Schram,667,,,,,,sneaker reviews
https://www.youtube.com/channel/UCiXjKDpDj67k0xk_45xohzA/,NaveedNaheed Music,1060,11363,,,,,sneaker reviews
https://www.youtube.com/channel/UC7aLzT9IJASo51piJiVmw5A/,Lil Gunher,642,34672,,,,,sneaker reviews
https://www.youtube.com/channel/UCL5rJuqTdRjz8IF3Y2kWeXg/,HundredMillz,568,365831,,,,,sneaker reviews
https://www.youtube.com/channel/UC7T5Oh5Id4YSuuNNKN5g7RA/,Kev Fitz,47,400,,,,,sneaker reviews
https://www.youtube.com/channel/UC-ktNNXI5Vr3naC4krsOmDQ/,Raul19xx,147,35591,,,,,sneaker reviews
https://www.youtube.com/channel/UCM_kXVLsQ73aq2cevFgmG0g/,Ken Cheung,164,7449,,,,,sneaker reviews
https://www.youtube.com/channel/UC_rEXgnHkKpKdpEl9qHE3qA/,Martin Brown,71,,,,,,sneaker reviews
https://www.youtube.com/channel/UC-h9gKCFjZSqAVemqr1jG8g/,Kid SneakerReviews,0,112,,,,,sneaker reviews
https://www.youtube.com/channel/UCIJ0no_N2FOrb_Y_18zmxxQ/,dizzzizit,2698,1292248,,https://twitter.com/andyleeeee,https://www.facebook.com/andy.lee.188478,http://instagram.com/dizzzizit,sneaker reviews
https://www.youtube.com/channel/UC28z7yOpbhfxGKG0UmatG8w/,Spyros Theodore,843,681378,,,,,sneaker reviews
https://www.youtube.com/channel/UCeJ7o5Bx00CBnwMMnUqmcAA/,willnoonan,,65194,,http://twitter.com/willnoonan,http://facebook.com/willnoonancomic,http://instagram.com/willnoonanthecomedian,sneaker reviews
https://www.youtube.com/channel/UCfPulfFje1-4QU2hVbeoQ2g/,Matthew Volz,462,114212,,,,,sneaker reviews
https://www.youtube.com/channel/UCPZ53VBu5C0V1-cOhxKBamA/,The Flaming Gamer,14,1417,,,,,sneaker reviews
https://www.youtube.com/channel/UC3qu4NyBMp0RojDbro-mHFg/,6IX REVIEWS,22168,4136270,,,,,sneaker reviews
https://www.youtube.com/channel/UC34jzZLbIiQ9WtUFBLr1qdA/,BigAppleKicks,45,2659,,https://twitter.com/JJtheKing14,,https://www.instagram.com/jj.jcksn/?hl=en,sneaker reviews
https://www.youtube.com/channel/UCc1pNbb-byd3nRBztBXrqng/,Abdul 85,4562,1034537,,,,,sneaker reviews
https://www.youtube.com/channel/UCo2b5QV_faZShnTFBksNZZg/,The Delzy Sisters,623,155489,,,,,sneaker reviews
https://www.youtube.com/channel/UCJKiXSfjGQvYjcwxbYPySYw/,DFWsportsgnome,269,426402,,,,,sneaker reviews
https://www.youtube.com/channel/UCsygEe1VchcZCU4GdYInPLA/,danvincent999,797,209855,,,,,sneaker reviews
https://www.youtube.com/channel/UCNtqxrdlQfgXo3uteZ6wUyg/,KeySoWavy,1459,63299,,https://twitter.com/iamKB__,,https://www.instagram.com/key.sowavy/,sneaker reviews
https://www.youtube.com/channel/UCLA3Dw8bncNpsMfQV2QeZ6w/,TheViper 1019,1008,2379,,,,,sneaker reviews
https://www.youtube.com/channel/UCW7l6T4FLlDDWEA4K0ht2GQ/,SimplyMo,56,5115,,,,,sneaker reviews
https://www.youtube.com/channel/UCTvpKs5wiTGow4WYY5cdR8Q/,SneakerState,480,224346,,http://www.twitter.com/SneakerState,http://www.facebook.com/SneakerState,http://instagram.com/sneakerstate,sneaker reviews
https://www.youtube.com/channel/UC3NSSGvGmxKvuqZIaiwte3A/,Kyle Reid,252,17148,,,,,sneaker reviews
https://www.youtube.com/channel/UCuwhr-PiOiuwFJN3QHyLYtA/,Billion Dollar Twin,2570,750031,,,,,sneaker reviews
https://www.youtube.com/channel/UCdSBOiVqZRLhu-jNn7NdBGQ/,Future Kicks,115,5223,,,,,sneaker reviews
https://www.youtube.com/channel/UCzuqCbLZOsunW9sd7CQhgfg/,CHRACK,307,121903,,https://twitter.com/_chrack_,,https://www.instagram.com/chrack_/?hl=en,sneaker reviews
https://www.youtube.com/channel/UClyEU1WIe8CEqJ1f0Um9PzQ/,English Sole,477,39730,,,,,sneaker reviews
https://www.youtube.com/channel/UCbtpay4NrDJX1ocpzE-b8eQ/,Hayden Pence,465,23879,,https://twitter.com/ihaydenpence,,https://instagram.com/ihaydenpence/,sneaker reviews
https://www.youtube.com/channel/UCIWbjmESbEvw6WuGvdB_VxQ/,Justin Dearinger,103,1505100,,,,,sneaker reviews
https://www.youtube.com/channel/UCbnEBrzPHFmKmQ2tB2fKZHQ/,kristine grace paras,352,142984,,,,,sneaker reviews
https://www.youtube.com/channel/UCHbJuCBZaFXOkfH9-pA0MOA/,The Bridge TV,743,83744,,,,,sneaker reviews
https://www.youtube.com/channel/UCX7CwULoyA9yYBU7mtMXzyg/,MadPen12,118,47385,,,,,sneaker reviews
https://www.youtube.com/channel/UCLQ1Y7r0ESlL-S3OS5L24wQ/,E46 Kris,591,148185,,,,,sneaker reviews
https://www.youtube.com/channel/UCU10ETf8gzWpWY3U9MpypMw/,859approved,537,126363,859approved@gmail.com,,,,sneaker reviews
https://www.youtube.com/channel/UCj-22p-IvRIHOv87WToD1fg/,AARUNDEL BKICKZ,1215,938,,,,,sneaker reviews
https://www.youtube.com/channel/UChe-S8TeGYXc3A6GC-xPmUw/,Voltaire Taguiba,72,2401,,,,,sneaker reviews
https://www.youtube.com/channel/UCoQP2uB__c4bFn1zkGtrdOA/,MGKICKS,13385,1367897,,,,,sneaker reviews
https://www.youtube.com/channel/UCISidUUJKSnpZemjVCIsuwA/,Teddy _Bomber,3655,722448,,https://twitter.com/Teddy__Bomber,,https://www.instagram.com/teddy_bomber/,sneaker reviews
https://www.youtube.com/channel/UCi5FiarrPlUw-x__wjwWygg/,SneakerholicBeez,4004,698575,sneakerholicbeez@gmail.com,https://twitter.com/sneakerholicbee,https://www.facebook.com/Sneakerholicbeez,https://www.instagram.com/sneakerholicbeez,sneaker reviews
https://www.youtube.com/channel/UC3ccOa6Kkw7PSKWEOzMFV1A/,Trent Capaul,0,154,,,,,sneaker reviews
https://www.youtube.com/channel/UC3wzLWM3ohONdgHvy0l6TzA/,deliasilber,0,7778,,,,,sneaker reviews
https://www.youtube.com/channel/UCs0LS0UIObnlbqL36mVHcjg/,Cispi™ ツ,702,203519,,,,,sneaker reviews
https://www.youtube.com/channel/UC8N2qum2-JSs9R0ETlKHcsQ/,jayyycee,31471,4975919,,https://twitter.com/jayyycee10,,https://www.instagram.com/jayyycee10/,sneaker reviews
https://www.youtube.com/channel/UCTM8NfKbrKuVXjzKBqEPheQ/,Laces Out,1266,595170,,,https://www.facebook.com/shoelacesout/,https://www.instagram.com/shoelacesout/,sneaker reviews
https://www.youtube.com/channel/UCvKPynEdu0FyLqYMimWg6ZA/,TheBen G,123,20099,,,,,sneaker reviews
https://www.youtube.com/channel/UCzGJNhEcjgYFDOlywtqj8aQ/,sneaker Cindy,,19620,vipsister1@gmail.com,,,,sneaker reviews
https://www.youtube.com/channel/UCjsP7LiFtpyBQHb1OC8SG3A/,JDKicks,4050,842687,,,,,sneaker reviews
https://www.youtube.com/channel/UC6K7pjkKwyhcNKU1QrefiZA/,Neil Edward Diaz,180,184002,,,,,sneaker reviews
https://www.youtube.com/channel/UCY5GD3FgLK-I8AvYrb7ydpQ/,Courtney Chinn,323,612,,,,,sneaker reviews
https://www.youtube.com/channel/UCQWwQJURXDGNqemJbivv7FQ/,N _iori,21,1110,,,,,sneaker reviews
https://www.youtube.com/channel/UChXpdkosh_SPnilTlk0QtkQ/,Mason Alsuhaily,0,565,,,,,sneaker reviews
https://www.youtube.com/channel/UCXzVaWp61uDu2ym-QBLWRYg/,Juan Ramos,47,76026,,,,,sneaker reviews
https://www.youtube.com/channel/UCzqSxrNquw9hpvOzScl3J2g/,Live and Lavish,110,29656,,,,instagram.com/liveandlavishclothing,sneaker reviews
https://www.youtube.com/channel/UCGBXi5e-IhUe3poH7vlvqtw/,Above Basics,213,36910,,,,www.instagram.com/abovebasics,sneaker reviews
https://www.youtube.com/channel/UC1Pvl9Z9lgRcQDE2tDOjFnw/,Khan Pop Giveaway,560,17273,,,,,sneaker reviews
https://www.youtube.com/channel/UCy826YV_Iu5hXICY3QKevcg/,clerks37,199,269324,,,,,sneaker reviews
https://www.youtube.com/channel/UC88And8kLa1sswZ-U05ohVA/,king Dappa,291,74648,,,,,sneaker reviews
https://www.youtube.com/channel/UCg8cxZAlcI7U6iOsDBIk9-A/,Raw Denim,1196,177850,,,,,sneaker reviews
https://www.youtube.com/channel/UCm3qmNRi5tVUJRNplnnyKsA/,jamesbon72,587,304158,,,,,sneaker reviews
https://www.youtube.com/channel/UC8hfgrm-B1fvHd6Wz1O29JA/,Mighty Mark,194,38616,,http://www.twitter.com/iammightymark,http://www.facebook.com/iammightymark,,sneaker reviews
https://www.youtube.com/channel/UC1vMXCQH8yfQarigZB6434Q/,Morgan Johnson,250,69805,,,,,sneaker reviews
https://www.youtube.com/channel/UC2gFusTH54kFornn5vRQWoA/,Chinky Nipa,286,219668,,,,,sneaker reviews
https://www.youtube.com/channel/UCZE-UPnGdFWEvyltQ4Qvf6w/,burty,128,3833,,,,,sneaker reviews
https://www.youtube.com/channel/UCzWEhcKlmlMQZwxo7Hikq7w/,Ric sanchez,132,53036,,,,,sneaker reviews
https://www.youtube.com/channel/UC8TjnmfivUw4bLB-VEn0_Sw/,This Is Antwon,37174,4037622,,https://www.twitter.com/thisisantwon,,https://www.instagram.com/thisisantwon,sneaker reviews
https://www.youtube.com/channel/UClm3hzs1TZ0O2dxQzOo4q_A/,keezy GanG,621,3651,,,,,sneaker reviews
https://www.youtube.com/channel/UC0t0IqxfP_idFzKGEkgEixg/,MARKCHES,10736,1255966,,,,,sneaker reviews
https://www.youtube.com/channel/UCcrpqrzJHwM92qx1Yvu9JgQ/,The Kit Lab,5840,825456,,,,,sneaker reviews
https://www.youtube.com/channel/UC-dKFFxpvnBrKOy6GMc1LJA/,Kasper White,103,1262,,,,,sneaker reviews
https://www.youtube.com/channel/UCYFpqBLJ9BP8nBfQISs8Ztg/,EasyCaws,65,58595,,,,,sneaker reviews
https://www.youtube.com/channel/UC4f9fS5_tcFjAQ-vXwN3JHQ/,TherealJMerk,69,41648,merkj@hotmail.com,,,,sneaker reviews
https://www.youtube.com/channel/UCPCFjmrIGIZfjbfPmNjbgNA/,FTManOfSteel,198,18088,,,,,sneaker reviews
https://www.youtube.com/channel/UCdbMMz7OpJDyZY1DLwq0BZg/,Adam DeFalco,53,35334,,,,,sneaker reviews
https://www.youtube.com/channel/UCd4ScjkKfLQiWXBklM29mKQ/,Hassain Alabed,776,350888,,,,,sneaker reviews
https://www.youtube.com/channel/UCxmbA-I8FDmMvoKK4ktHwJw/,MyTop10Reviews,2481,1487394,,,,,sneaker reviews
https://www.youtube.com/channel/UC5pcgmhqU8_1mVzV2QFoxgA/,Revenge Magazine,280,136659,,,,,sneaker reviews
https://www.youtube.com/channel/UCtrtRuEG091Y38Yk7qpb0Ig/,Jack Lee,118,1304,,https://twitter.com/jacklee14_,,https://www.instagram.com/jackleefs,sneaker reviews
https://www.youtube.com/channel/UC1OFQBFCSaILax36B-2g9Ww/,SNEAKER BAR,4950,3039394,,,,,sneaker reviews
https://www.youtube.com/channel/UCPSOwlFLHx_QTZFTTnlpJ4g/,A1 Customs,99,1290,,,,,sneaker reviews
https://www.youtube.com/channel/UCotvDPRREv8ky8VTf7EIhtw/,James Malloy,186,111187,,,,,sneaker reviews
https://www.youtube.com/channel/UC0ERrNrZqvRe_wHOeIxl5Tg/,Classic Restores,188,7165,,,,,sneaker reviews
https://www.youtube.com/channel/UCOGIrDTmKkpZ_jK3pbEZk7A/,Alex Absher,1155,167719,,/redirect?q=http%3A%2F%2Fwww.twitter.com%2Falexabsher1231&event=channel_description&redir_token=U-ylDZxKQy4WHD29fw1uUlWwykh8MTU2NzI2NTIyOEAxNTY3MTc4ODI4,,http://www.instagram.com/alex_absher,sneaker reviews
https://www.youtube.com/channel/UCF8Xi0am79lTGRJoIyTO35w/,Pogi Problems,2,2092,,,,,sneaker reviews
https://www.youtube.com/channel/UCW28m6qypnwC0ZCut73s1iA/,The Future,109,128754,,,,,sneaker reviews
https://www.youtube.com/channel/UCr-rCZkeL3waR3NWYvHl_SQ/,BetterNikeBot,2702,408959,,,,,sneaker reviews
https://www.youtube.com/channel/UCxTGJLwxbjZSbCiK7I019hQ/,Larry Barberan,6088,563413,,,,,sneaker reviews
https://www.youtube.com/channel/UCI0BSEc_OE-IO5zOxT462uA/,Typical Reviews,155805,6481529,,http://www.twitter.com/TypicalReviews,http://www.facebook.com/TypicalReviews,http://www.instagram.com/TypicalReviews,sneaker reviews
https://www.youtube.com/channel/UC3wGrKkq6llPZ2Z7OVOasXQ/,mounties777,0,32,,,,,sneaker reviews
https://www.youtube.com/channel/UCDSUjvz97ibinAA8sNFwFpQ/,E Z,152,244515,,,,,sneaker reviews
https://www.youtube.com/channel/UCOma_YqhvfyuQoS_XoiS3HQ/,Icy PlayzGamez,108,16552,,,,,sneaker reviews
https://www.youtube.com/channel/UC_A-44tMynpJ7DbQs0Nw5OQ/,HootProductions,323,311253,,https://twitter.com/HootUnboxings,,,sneaker reviews
https://www.youtube.com/channel/UC5Smyha6QoecxpWwgMRBYdw/,Kam Naficy Productions,188,2434,,,,,sneaker reviews
https://www.youtube.com/channel/UCaxG7u2dOgKbif7SsqBbsHA/,GKJUMPMAN,12983,3162247,,https://twitter.com/gkjumpman,,https://www.instagram.com/gkjumpman/,sneaker reviews
https://www.youtube.com/channel/UCpjV1OMAv_5dpuN18djAHqQ/,giovi,27,90,,,,,sneaker reviews
https://www.youtube.com/channel/UCKaO-G3vS-9MPTvMf4zMuwA/,Sneaker Ghost,19,,,,,,sneaker reviews
https://www.youtube.com/channel/UCIzgaJ35jujzMp-w312pkUQ/,Villematic,2852,1044102,,,,,sneaker reviews
https://www.youtube.com/channel/UCer7XQgiQT3uJGBybW7TpHA/,Saleh Reviews,1367,32814,,,,https://www.instagram.com/saleh2k22/,sneaker reviews
https://www.youtube.com/channel/UC7yCKWjC1WaaEasdK5j-eQg/,SirBrisco,308,17271,,,,,sneaker reviews
https://www.youtube.com/channel/UCHLxa9qYXEXLvwWXfSxzOhA/,Sascha E,203,,,,,,sneaker reviews
https://www.youtube.com/channel/UC0CZfImONwDejqSKH8Nj99g/,Ivan Wong,233,41470,,,,,sneaker reviews
https://www.youtube.com/channel/UCTQiHWdeyzp9e_Iacmju-xw/,Catherine Lim,25,40247,,,,,sneaker reviews
https://www.youtube.com/channel/UCDG4VpbEjCmZGNvcdmnhiSA/,LifeOnWheels,1369,77478,,,,,sneaker reviews
https://www.youtube.com/channel/UCiKyOnDecStpluzVjqnWXrw/,MYNUH BIGDEE!!!,2,100,,,,,sneaker reviews
https://www.youtube.com/channel/UCoM5NS2DdVsvzeQsEv7SLoQ/,Luca Natale,41,11703,,,,,sneaker reviews
https://www.youtube.com/channel/UCuJkyAkXgmSACgYbayUuAJw/,M.O.L REPORT,127,28507,momentoflifereport@gmail.com,,,,sneaker reviews
https://www.youtube.com/channel/UCJm8OV5dRNEvQx2jVmK78sQ/,Average Snkr Boi,77,2548,,,,,sneaker reviews
https://www.youtube.com/channel/UCtKFEBwvXp4gdjpQKlIK6Qg/,Your Average Sneakerhead,2882,266348,,,,http://www.instagram.com/youraverage_sneakerhead,sneaker reviews
https://www.youtube.com/channel/UCBpIbk3gnCmwWrDMR0R7vmA/,Projecto 'Vós Por Nós',43,19866,,,,,sneaker reviews
https://www.youtube.com/channel/UCUdSsRtq4SrzCyeEF9YmCRQ/,EightiesManiac96,116,271976,,,,,sneaker reviews
https://www.youtube.com/channel/UCCwdVKt6_7K4TDgsWGMolSg/,Matt Brooks,935,190082,,,,,sneaker reviews
https://www.youtube.com/channel/UCFGRodYfFoJgU8f4jHg2QpA/,DUB KICKS,173,47394,,https://twitter.com/dub_kicks,,https://www.instagram.com/dub.kicks/?hl=en,sneaker reviews
https://www.youtube.com/channel/UCOlgW2-RYz7MJDTtwaIVLQQ/,BravoBline,172,107915,,,,,sneaker reviews
https://www.youtube.com/channel/UCHq1-yTvroMqU93FQUt4ccg/,Cool funny Videos,0,74,,,,,sneaker reviews
https://www.youtube.com/channel/UC-LrKdsXfer1D_5EOlqE1VA/,Mamshie Eih,149,135200,,,,,sneaker reviews
https://www.youtube.com/channel/UCMCI-3prssXga6eSnGk6wzA/,NARUTAY,493,17130,,,,,sneaker reviews
https://www.youtube.com/channel/UCToK0MJlVRgGucrcdOctkeQ/,Walli Indigesto,682,50192,,,,,sneaker reviews
https://www.youtube.com/channel/UCiopkVMxPlmtaL95erYWIxA/,Sean Go,61115,12052442,,https://twitter.com/seandotgo,,https://instagram.com/sgo8,sneaker reviews
https://www.youtube.com/channel/UC9ulc7wSTrdN0oJXqusbAsA/,J Derinor,769,17064,,,,,sneaker reviews
https://www.youtube.com/channel/UC7TPpRediotzAwtIn4ktBRw/,footie reviews,19,93,,,,,sneaker reviews
https://www.youtube.com/channel/UCNHPKbFJ5FPx6T96TuCWA7A/,Jay Adan,19,,,,,,sneaker reviews
https://www.youtube.com/channel/UCr9BPvjlhbOFRx12N8AWadQ/,Life of Isaiah,402,24084,,,,,sneaker reviews
https://www.youtube.com/channel/UCkD1tG9ecxTZKxjQAs7S7QQ/,THE MENDOZAS,223,20766,,,,,sneaker reviews
https://www.youtube.com/channel/UCQ2DzZpyxZXRuhAhk0oR6jw/,Highend Reviews,575,206505,,,,,sneaker reviews
https://www.youtube.com/channel/UCaopecFrFZcCuriJKv01Ukg/,King Leonidas,751,189675,,,,,sneaker reviews
https://www.youtube.com/channel/UCjKtgWQP5Dsx-5m3cOe0rSA/,ForceField Fresh,459,140169,,https://twitter.com/forcefield,,https://www.instagram.com/forcefieldfresh/,sneaker reviews
https://www.youtube.com/channel/UCpwrc73Tfb9ypSKXUTluztQ/,KikayRunner,449,101622,,https://www.twitter.com/kikayrunner,https://www.facebook.com/kikayrunner,https://www.instagram.com/kikayrunner,sneaker reviews
https://www.youtube.com/channel/UCgKAPGnPmaiL9ogrsS-9H9A/,TYATIS1,182,102200,,https://twitter.com/TVacek23,,http://instagram.com/tvacek23,sneaker reviews
https://www.youtube.com/channel/UC5snTcytvIwXjhKE-8g5aTw/,franklin TV,1346,129497,Franklin.ianpelin@gmail.com,,,,sneaker reviews
https://www.youtube.com/channel/UCefdFYyjRn6rF2Ht6_vhRaQ/,RJ Chan II,23307,609886,,https://twitter.com/RJay_TheSecond,https://www.facebook.com/RJayTheSecond,https://www.instagram.com/rjay_thesecond/,sneaker reviews
https://www.youtube.com/channel/UC21ABwgn1A1Ltf4wnC0KxyQ/,Bryan Villanueva,825,552632,,,,,sneaker reviews
https://www.youtube.com/channel/UCCfhGL1QXMCrPKTQVql_GAQ/,RoyalRampage,102,1839,,,,,sneaker reviews
https://www.youtube.com/channel/UCiWwp932UDmWV1nHoz43yXQ/,Vintage Goddd,187,1330,,,,,sneaker reviews
https://www.youtube.com/channel/UCkMr0jQw5rpK2Je7wGcc8gA/,JayTicket TV,369,22327,,https://Twitter.com/jayticket10,,https://instagram.com/jayticket,sneaker reviews
https://www.youtube.com/channel/UCfJne8TvTHlyWmKqwz-rf9A/,Andreas Raditya,2,1704,,,,,sneaker reviews
https://www.youtube.com/channel/UCunduyTf__7T9XliHhySxdg/,Nizzy nOah,92,15399,,https://twitter.com/noahTHOU,,https://www.instagram.com/noahthou1/,sneaker reviews
https://www.youtube.com/channel/UCFHHzpUK3eKY_xLJC3CFJwg/,L Barkowsky,5,1969,,,,,sneaker reviews
https://www.youtube.com/channel/UCxv57868L2jtLTrcNZCyfmw/,solesmooth,490,3877821,,,,,sneaker reviews
https://www.youtube.com/channel/UChqaQ0oIr-v2e_nRyw3dsxw/,ambotnimo70,141,70263,,,,,sneaker reviews
https://www.youtube.com/channel/UCn-3hc9MRCwsJORWbLWQVJg/,Kevin Chen,1194,259014,,https://twitter.com/kevintheape,,https://www.instagram.com/nutrichen_facts/,sneaker reviews
https://www.youtube.com/channel/UCXMkPU5r9u2rpGiPl1iSMqQ/,OG LUWAP,2160,373398,,,,,sneaker reviews
https://www.youtube.com/channel/UCpRmrQOFCuFIW0nwt69r8-A/,Hype Reviews,341,62529,,,,,sneaker reviews
https://www.youtube.com/channel/UCmGJUKVrPkQjkZSO_Rou5NQ/,Brian Quilo,437,912679,,,,,sneaker reviews
https://www.youtube.com/channel/UCwUAGcaeOyDAuiuWadbJUAw/,EastCoastCentral - #1 Multi-Content Channel!,149,18816,,,,,sneaker reviews
https://www.youtube.com/channel/UC5eHFZI0uRIrcE3gs0wC5HA/,Ron Helbig,0,1069,,,,,sneaker reviews
https://www.youtube.com/channel/UCLlWANiQoJxCcLThLolVONA/,Tay Beats,130,26558,,,,,sneaker reviews
https://www.youtube.com/channel/UCGGypkG4ILVVoy5dYHj51Pw/,Crook Bladez,61,63828,,,,,sneaker reviews
https://www.youtube.com/channel/UCIZJ5VJBTfoNYImZ6mXmAcA/,Triple Play Baseball Reviews,103,1290,,,,,sneaker reviews
https://www.youtube.com/channel/UC0n3Cd01TyhqSQwezds4tvA/,The holy penguin,97,1,,,,,sneaker reviews
https://www.youtube.com/channel/UCCen8_IerJrWfzUFIDXRmHA/,a1inabox,1822,790774,,,,,sneaker reviews
https://www.youtube.com/channel/UCRvHQ_2hxg5_ggJj-3mkqzA/,Lace Em Up,160,38266,,https://twitter.com/LaceEmUp3,,https://www.instagram.com/laceemup3/,sneaker reviews
https://www.youtube.com/channel/UCTKY-22csnph31g-e3e8ccw/,Real Life Sports Product Reviews,96,107304,,,,,sneaker reviews
https://www.youtube.com/channel/UCoTMdyn5p3abt2QltrujskQ/,Eliaz YT,72,,,,,,sneaker reviews
https://www.youtube.com/channel/UCr-AW1CRA2EssIEZA4gHmrA/,Illusion Master,357,55206,,,,,sneaker reviews
https://www.youtube.com/channel/UCwxpCQX5-TtdDoOE9UjpHrg/,Rafa Siguion-Reyna,441,192122,,,,,sneaker reviews
https://www.youtube.com/channel/UC22j4QduD47gQ2v8t3y5heQ/,Rieche Silvosa,446,254548,,,,,sneaker reviews
https://www.youtube.com/channel/UCFttEeWE4PGQidpR5_z82OA/,Reviews 4you,708,138459,,,,,sneaker reviews
https://www.youtube.com/channel/UCv-1s-XXGHaCstsvn0-VLHw/,JAHRONMON,144181,26127340,,https://twitter.com/jahronmon,,https://www.instagram.com/jahronmon/?hl=en,sneaker reviews
https://www.youtube.com/channel/UCwF2ryO1OYZoEhSvrOdSVJw/,Agrim Reviews,7450,898114,agrimlive@gmail.com,,https://www.facebook.com/agrim.sharma.14?fref=ts,,sneaker reviews
https://www.youtube.com/channel/UC6-AI9pASIfVCs4mJ9t7RZg/,Jay L,118,123418,,,,https://www.instagram.com/jaylrev,sneaker reviews
https://www.youtube.com/channel/UC0G1Q69oXCq9wPORDogs1Pw/,Zach Thornton Jr.,297,1332,,,,,sneaker reviews
https://www.youtube.com/channel/UCu3PIMm-dWlUstjjHtXG2wA/,Sneaker 63 Official Manchester,36,491,,,,,sneaker reviews
https://www.youtube.com/channel/UCBXwYIki5PQ1HJmHIKOXWAw/,TheMotoStation,1582,420318,,https://www.twitter.com/#!/nazirthecreator,,http://instagram.com/nazirthecreator,sneaker reviews
https://www.youtube.com/channel/UCeXRfTEbrWwE9skcZZzTrwQ/,The Culture,467,66351,,,,,sneaker reviews
https://www.youtube.com/channel/UClvS4HJrKp3eLT62pNgUJNw/,QrewTV,1203099,245866488,BookQias@Gmail.com,http://www.Twitter.com/QiasOmar,,http://instagram.com/qiasomar,sneaker reviews
https://www.youtube.com/channel/UCGYjowcF-1DBJbnZMs4hhGA/,HecksVision,1219,749288,,https://twitter.com/HawkAK74,https://www.facebook.com/HecksVision-184058701425/,https://www.instagram.com/hecksvision/?hl=en,sneaker reviews
https://www.youtube.com/channel/UCBWnp8h5UJwZATXjk_NjOXw/,Gerardo Moj,205,351127,,,,,sneaker reviews
https://www.youtube.com/channel/UCK-MRuRlj6kJn9hM0H2gFRw/,SMASHERS World,50932,39721327,,,,,sneaker reviews
https://www.youtube.com/channel/UCCSUAnsBDmnIiojpdGbDqWw/,wizard hack,3,,,,,,sneaker reviews
https://www.youtube.com/channel/UCsex-1Otlfbu5rINGIc2b3g/,Sae Graffiti,129,16935,,,,,sneaker reviews
https://www.youtube.com/channel/UCVrgjCDxg4-jQ0RAFo1FfEg/,Nina’s Life,2580,156717,,,,,sneaker reviews
https://www.youtube.com/channel/UCpKG6rYjILXQrp1DOacb2yA/,AlMoonie57,102,,,,,,sneaker reviews
https://www.youtube.com/channel/UC94P4IU7BM5lYDTcsmqnOMQ/,SNEAKER WARRIOR,37,8550,,,,,sneaker reviews
https://www.youtube.com/channel/UCOLdrJliHw-zYidrgr9eYzA/,Therigbaby 12,115,2725,,,,,sneaker reviews
https://www.youtube.com/channel/UC_EDybePngqgUegFQu44HOA/,s3oodi rap,174,98629,,,,,sneaker reviews
https://www.youtube.com/channel/UCqAu2IAFoBuxqT_bMTBuqEA/,Classic Queen,160,7420,,,,,sneaker reviews
https://www.youtube.com/channel/UCChu3C3J0H6gzDQ6eHcHKkQ/,Nickolas Kim,840,751166,,,,https://www.instagram.com/_nickolaskim/?hl=en,sneaker reviews
https://www.youtube.com/channel/UC6utaE-kd8OMCvclXlcVs3Q/,GodLike David,472,684,,,,,sneaker reviews
https://www.youtube.com/channel/UCiS7CkI6F2S2jsZ5uohU5yg/,Hayward Toy Television,3483,132923,,,,,sneaker reviews
https://www.youtube.com/channel/UCHZ45eey-wHyX6FTUVMLjiA/,Boaz Tang,1066,678874,,,,,sneaker reviews
https://www.youtube.com/channel/UCqdjyH60QRPcndDnOo-OoQw/,Myrene Kate Gannaban Dela Pena,141,70865,,,,,sneaker reviews
https://www.youtube.com/channel/UCo4nbx48AlZ7G_UDiyFuU1w/,OGSneekerz,1445,113191,,https://www.twitter.com/OGSneekerz,https://www.facebook.com/OGSneekerz,https://www.instagram.com/OGSneekerz/,sneaker reviews
https://www.youtube.com/channel/UCe-jpBoTJ3X1wG97Uo5rcUw/,Cecil Perez,58,5605,,https://twitter.com/ceanp_versace,,https://www.instagram.com/cecil.perez/,sneaker reviews
https://www.youtube.com/channel/UCHEb-vKguC5ic0lP_J-yD5A/,ML FANATICS,693,33134,,,,,sneaker reviews
https://www.youtube.com/channel/UCBuQZ-S-dkFVy26vhNJoKPw/,PJ Reviews Anything,62,65911,,,,,sneaker reviews
https://www.youtube.com/channel/UCl8CjcTQR41xygUpl6FkMVw/,Francis Buenvenida,2,568,,,,,sneaker reviews
https://www.youtube.com/channel/UCFTADgwnDGPreW-eLThBwyg/,DETROITKICKS,129,369,,http://twitter.com/detkicks,,http://instagram.com/detkicks,sneaker reviews
https://www.youtube.com/channel/UCmPeRrE-Ogv4PWPbKoclpzA/,Pio Fronda,235,246936,,,,,sneaker reviews
https://www.youtube.com/channel/UCFkdsd_X6qM3oSqzC3Wug2w/,Chandler Tennant,102,49073,,,,,sneaker reviews
https://www.youtube.com/channel/UC6bkqpyHcBZD21tIlUTxmYg/,LaPolo Films,826,210143,,,,,sneaker reviews
https://www.youtube.com/channel/UCYMOzhOcVTcip8_hV3tHNlg/,funnytimeCh,1778,901345,,,,,sneaker reviews
https://www.youtube.com/channel/UCsKmKLfleHMdN5CpdBSNVfg/,Javotega94,20958,2044854,,,,,sneaker reviews
https://www.youtube.com/channel/UCefpKv5-yeSdaU1kQz--xFA/,masterxiaolin,354,14693,,,,,sneaker reviews
https://www.youtube.com/channel/UCjOCJ9ZDn3I19FRLvwn5ytA/,Pickles Cuts,214,,,,,,sneaker reviews
https://www.youtube.com/channel/UCkzrHHFLgUDdSd3POaFRdfA/,HD Goods,47,2556,,,,,sneaker reviews
https://www.youtube.com/channel/UCA2AYdT8fw0fvvIeDaQ9dGA/,Pourquoi Tu lis mon nom?,110,43678,,,,,sneaker reviews
https://www.youtube.com/channel/UCbWJwkogjBsNFDAjBqle7hw/,djdale music,120,22700,,,,,sneaker reviews
https://www.youtube.com/channel/UClX28KsnxyFdhOibzBDFUUQ/,Blake Wynn,421330,47554998,,https://twitter.com/justwynn_?lang=en,,https://www.instagram.com/just_wynn/?hl=en,sneaker reviews
https://www.youtube.com/channel/UCydQfakVoZgfBPcjZJSCf9w/,FreshViibez,165,12685,,https://twitter.com/BofFreshViibez,,https://www.instagram.com/boffreshviibez/,sneaker reviews
https://www.youtube.com/channel/UCfT_oTOQ36YViPg5X-sBvhg/,jpainte06,3018,1456878,,http://www.twitter.com/jpainte06,,http://www.instagram.com/jpainte06,sneaker reviews
https://www.youtube.com/channel/UC4qk9TtGhBKCkoWz5qGJcGg/,Tati,9797189,1285209299,,https://twitter.com/GlamLifeGuru,https://www.facebook.com/GlamLifeGuru,http://instagram.com/glamlifeguru/#,sneaker reviews
https://www.youtube.com/channel/UCOHMhhWevNrWMvxPF4c9BQQ/,feed your feet manila,3021,116936,,,,,sneaker reviews
https://www.youtube.com/channel/UCoYwV8_cLVIyXYWfezoGCDA/,Danilo Shimoda,771,710533,,,,,sneaker reviews
https://www.youtube.com/channel/UCjQsiIi2oYJ3Dyuz_31kdYw/,Connor PattersonVlogs,118,1461,,,,,sneaker reviews
https://www.youtube.com/channel/UCWeaCl2sZc14oghVMXQljCA/,docLUXURY,3059,517080,,,,,sneaker reviews
https://www.youtube.com/channel/UCYWSoyhqAWPvkYR-tLMWVHA/,Ialfrhood,465,256021,,,,,sneaker reviews
https://www.youtube.com/channel/UCQQckBFa4MGU69mzZzOpuxQ/,CriteekTV,,229613,,https://twitter.com/Criteekit,https://www.facebook.com/criteek,https://instagram.com/criteekit,sneaker reviews
https://www.youtube.com/channel/UC-qEd2NERvLyFtlmPIbslNg/,PoloJayy,6673,656537,,,,,sneaker reviews
https://www.youtube.com/channel/UCtHDLbPuKdHdzcAv80ZeYWg/,shouldyoupayresell,1,44,,,,,sneaker reviews
https://www.youtube.com/channel/UCQx0dSNgv4oKSdv8s3YAG1w/,ExtremeSneakList,69,19242,,,,,sneaker reviews
https://www.youtube.com/channel/UCyxSZJeIAFifSSMYB7dEWsQ/,Kanefu Store,6,303,Info@Kanefustore.com,,,,sneaker reviews
https://www.youtube.com/channel/UCw5j81B8B_IsbakAKZUWWTg/,Rm Sneakers,303,23499,,,,,sneaker reviews
https://www.youtube.com/channel/UCQ9t7qq3ri32Yk_L-c0R5IQ/,John Eldian,255,107139,,,,,sneaker reviews
https://www.youtube.com/channel/UCKVBdG3K6lshjXPxkPabIDQ/,Sonia M.,519,83,,,,,sneaker reviews
https://www.youtube.com/channel/UCuUeB1eJDpNHiLc2tnnSlOA/,Jay C.,1024,232964,,https://twitter.com/jaycauthen02,,https://www.instagram.com/jonathan.cauthen17/,sneaker reviews
https://www.youtube.com/channel/UCg7L2YJA-TzihiedL0LHRUQ/,Kate Swan,2916,400837,,,,,sneaker reviews
https://www.youtube.com/channel/UCLD5fj9d409PyrrcEoyFd-A/,STUDIO 718,1752,673322,,,https://www.facebook.com/Studio718USA/,https://www.instagram.com/studio718/,sneaker reviews
https://www.youtube.com/channel/UCDRusadH8TtgRZ6UhSMZn6w/,NishUnleashed,,9875998,,https://twitter.com/NishUnleashed,http://www.facebook.com/NishUnleashed23,http://instagram.com/NishUnleashed/,sneaker reviews
https://www.youtube.com/channel/UCh1Z72Pkc4u-gaiTQq8y_CA/,Annatar House,13784,5858990,,https://twitter.com/Annatar_House,https://www.facebook.com/AnnatarCustomizer/,,sneaker reviews
https://www.youtube.com/channel/UCCXxV9IRBlCYGmLpVBcSahQ/,Austin B,2,55,,,,,sneaker reviews
https://www.youtube.com/channel/UCEoO3eQLmwfRP_Aeud4RxYA/,Sneaker Knowledge,32,1312,,,,,sneaker reviews
https://www.youtube.com/channel/UC_wZltDuZunY-EZ7rZ09BIg/,jgotgone,1,595,,,,,sneaker reviews
https://www.youtube.com/channel/UCbY2VY-8rPs4DZbwl-sZFxQ/,heygem,1287,862181,,http://twitter.com/gemgem,https://www.facebook.com/GemIsMyName/,http://instagram.com/gemoninstagram,sneaker reviews
https://www.youtube.com/channel/UCNGlc-qGE7oxoj99aLjX2Lg/,Little Things B Loves,791,162371,,,,http://instagram.com/littlethingsbloves,sneaker reviews
https://www.youtube.com/channel/UCvaH1ofYcC0laIlmY_FrvKA/,Daz Games,1144,,,,,,sneaker reviews
https://www.youtube.com/channel/UC-WYsnznM_iw4hZAtAU557A/,Chris Weathers,713,133847,,,,,sneaker reviews
https://www.youtube.com/channel/UChpDhMDxQHZitb5E3yFOj9w/,AM KICKS,1167,52803,,https://twitter.com/themichaelhong,,https://www.instagram.com/kicks_am,sneaker reviews
https://www.youtube.com/channel/UCS4xDIBjJBTnzO0RO1VnMfQ/,sneaker genuis,16,9514,,,,,sneaker reviews
https://www.youtube.com/channel/UCjReVNxVkTpXxSjPC6VFVVw/,Street Life,114,20474,,,,,sneaker reviews
https://www.youtube.com/channel/UCT6s4E2u_7Q2TRR_RUQZ6FQ/,Mike Rodrigues,224,1768044,,,,,sneaker reviews
https://www.youtube.com/channel/UCO1tgYp2gN9qMAuzvsylM5A/,kaan berk altun,4,363,,,,,sneaker reviews
https://www.youtube.com/channel/UCTwbR5rUycX_7aCiLKeMnBg/,Joni REVIEWS,37,48227,,,,,sneaker reviews
https://www.youtube.com/channel/UCOEVKLvt6IJLw34mqvpGjTQ/,Tyler9197,177,19729,,,,,sneaker reviews
https://www.youtube.com/channel/UCCVKEfCwVZO60HhdhcN56HA/,Sophie Shohet | Fashion Beauty Lifestyle,266174,35167042,sophie@sophieshohet.com,https://twitter.com/sophieshohet,http://www.facebook.com/SophieShohetFashionBeautyLifestyle,https://instagram.com/sophieshohet/,sneaker reviews
https://www.youtube.com/channel/UCB1g3VT3sUCb7Hgsci-LUfg/,Ty Kix,1601,314587,,,,,sneaker reviews
https://www.youtube.com/channel/UCauzUQFQWtFLzxfRAYJPKOw/,Nikki Hilton,,254916,Dimesetchick24@gmail.com,http://twitter.com/dimesetchick21,http://facebook.com/dimesetchick21,/redirect?event=channel_description&redir_token=Uvs-IzoqVJFnwQl_diKJCcGEbEV8MTU2NzI2NTI3OUAxNTY3MTc4ODc5&q=instagram.com%2Ftopnotch_world,sneaker reviews
https://www.youtube.com/channel/UCPv9klWDWv-up1Vavk1p9gw/,XnittyCracked,3540,6996,,,,,sneaker reviews
https://www.youtube.com/channel/UCXzMzGHHywM0G6dereggH_A/,@itsSpazzi,7,65,,/redirect?redir_token=Uvs-IzoqVJFnwQl_diKJCcGEbEV8MTU2NzI2NTI3OUAxNTY3MTc4ODc5&event=channel_description&q=http%3A%2F%2Fwww.twitter.com%2FitsSpazz_,,/redirect?redir_token=Uvs-IzoqVJFnwQl_diKJCcGEbEV8MTU2NzI2NTI3OUAxNTY3MTc4ODc5&event=channel_description&q=http%3A%2F%2Fwww.instagram.com%2Fits_Spazz,sneaker reviews
https://www.youtube.com/channel/UCk66YGPUltbdOzy-miiu1mA/,Seppy,2889,170456,,https://twitter.com/seppy1107,https://www.facebook.com/Manilagotsole,http://instagram.com/seppy1107,sneaker reviews
https://www.youtube.com/channel/UC7A0phEYIGaGyZWiFiL97Jg/,Jenny Corpuz,46,6061,,,,,sneaker reviews
https://www.youtube.com/channel/UC6TXkitwqnhwh6jOfvkhYhw/,Street Starters,32,1553,,,,,sneaker reviews
https://www.youtube.com/channel/UCWYDCQIvJn2oihM7xEYX6jQ/,COOP3RDRUMM3R,2226310,481403029,,http://www.twitter.com/coop3rdrumm3r,http://www.facebook.com/thecoop3rdrumm3r,http://www.instagram.com/coop3rdrumm3r,sneaker reviews
https://www.youtube.com/channel/UCg7lal8IC-xPyKfgH4rdUcA/,djvlad,3480157,2360036624,,https://twitter.com/vladtv,https://www.facebook.com/vladtv,http://instagram.com/vladtv,sneaker reviews
https://www.youtube.com/channel/UCz4WmL4Vsw93wwqZq2u6V3g/,Lpskawaiikaley,18,243,,,,,sneaker reviews
https://www.youtube.com/channel/UCTElWaEVXgNe_BLlJeW2rfg/,Rob Taylor,487,,,,,,sneaker reviews
https://www.youtube.com/channel/UCUqTv9vaHRwd8WU3BmQCbdA/,xLira21,2,1619,,,,,sneaker reviews
https://www.youtube.com/channel/UCdiIkZuWGYjI_FKaC12Et3Q/,Krypto,2,,,,,,sneaker reviews
https://www.youtube.com/channel/UCt_h6CFgfoU8Q25VNwagJOQ/,LIFEXTIME,2,62,,,,,sneaker reviews
https://www.youtube.com/channel/UCQYIrEa4GIs914PbyNvrHvg/,Nameless,466,578,,,,https://www.instagram.com/dustin_1610/,sneaker reviews
https://www.youtube.com/channel/UCrDQpc-jDpxW8ApN4OOJzdA/,Heart_an_Soles,3079,459185,,,,,sneaker reviews
https://www.youtube.com/channel/UCpVbR5zeufdiR80jOrqxcng/,Cloutio B,935,68255,,,,https://www.instagram.com/cloutiob/,sneaker reviews
https://www.youtube.com/channel/UCA1N8Oaghmt2oUgDiGyWW5Q/,Hatsana,961,880899,,,,,sneaker reviews
https://www.youtube.com/channel/UCGibMdZ8emRy356yW7zDUzA/,tb kicks,1,30,,,,,sneaker reviews
https://www.youtube.com/channel/UC1XVJqXCtfLPKTPR3dVi7UA/,Randy Ugalde,37595,6420281,,,,,sneaker reviews
https://www.youtube.com/channel/UCSPOCyyLlhvuJ2OBcxDSXFw/,Le'Trell Filder,12,3754,,,,,sneaker reviews
https://www.youtube.com/channel/UCubyCG1LqFlpbtJGetWikVA/,iAmNeko Aires,175,44898,,,,,sneaker reviews
https://www.youtube.com/channel/UCxvdQwOWBoIjuWDAyG6_d-A/,Meagan Hesham,1203,133291,,,,,sneaker reviews
https://www.youtube.com/channel/UCb8gX2p6z8j-Oi7lHj8d0yA/,Shesasneakerhead22,1013,67890,,,,,sneaker reviews
https://www.youtube.com/channel/UCDIkBPKk8R2_siGL3zWWaUw/,ShoeKrewVA,6,683,,,,,sneaker reviews
https://www.youtube.com/channel/UCuPXy8b1vdNTmcuMqrHT9DA/,SneaksSoClean 7,4139,1183950,,,,,sneaker reviews
https://www.youtube.com/channel/UCQJWtTnAHhEG5w4uN0udnUQ/,Amazon Prime Video,386414,326878341,,http://twitter.com/primevideo?lang=en,http://facebook.com/PrimeVideo,https://www.instagram.com/amazonprimevideo/,sneaker reviews
https://www.youtube.com/channel/UC9our-mPVlWN5dIHzkQ5TaQ/,Barcos 94,10,,,,,,sneaker reviews
https://www.youtube.com/channel/UCovW4CbuLDzr-oWOVQLEhKg/,JSteen,1569,225244,,,,,sneaker reviews
https://www.youtube.com/channel/UCOeBh24sQmLp7s2xpdMaThg/,ClarenceNYC TV,2200181,154665965,bookings@spicymanagement.com,https://twitter.com/clarencenyc_,,https://www.instagram.com/clarencenyc/,sneaker reviews
https://www.youtube.com/channel/UCszj9PuUNb110d0jA1B3i_A/,Undouchey,42,762,,,,,sneaker reviews
https://www.youtube.com/channel/UCEZUgO1FZ4-AfVcnI4hYFsg/,Blizza Kickz,578,59946,,https://twitter.com/joshuabovey,,https://instagram.com/joshuabovey,sneaker reviews
https://www.youtube.com/channel/UCMzuLb5ubeq0zVAISh5-oXg/,Fly Nerd,101,8985,,,,,sneaker reviews
https://www.youtube.com/channel/UCXwRxm0zS0jBNTMOVI6xZJw/,KHOU 11,67377,46909928,newstips@khou.com.,,,,sneaker reviews
https://www.youtube.com/channel/UC1eH5fOeSijHLpdufs6kNPw/,Timtrums,16,387,,,,,sneaker reviews
https://www.youtube.com/channel/UCL_U2MiBHB6SrBE98UIeZgA/,Big Ray Talkz,114,1658,,,,,sneaker reviews
https://www.youtube.com/channel/UCYsf_UHGMsDHgPXeUzZrpfQ/,Remarkable Reviews,73,49766,,,,,sneaker reviews
https://www.youtube.com/channel/UClBXk2fjWnr5ARImDr61MTA/,Sebastian Llerena Rosen,67,3465,,,,,sneaker reviews
https://www.youtube.com/channel/UCoaUiRMlDUFcy9itp1AKuLg/,black_ beardd_,,4840,,https://twitter.com/AliDaGreat1942,,,sneaker reviews
https://www.youtube.com/channel/UCsko3mX_B3U1Cl2F8ivHX2w/,Retro Gamer,7,176,,,,,sneaker reviews
https://www.youtube.com/channel/UCePnpg6mVG4Y9hhyvVlyOUg/,Mr Stoltz,7567,1895817,,https://twitter.com/misterstoltz,,,sneaker reviews
https://www.youtube.com/channel/UCOgUcv_9DaivXzsN9mcHIzQ/,TGFbro,4992515,914546901,,,,,sneaker reviews
https://www.youtube.com/channel/UCF2eRp_Fm9UxxEXD9EnljPA/,ElectricShock,85337,9011674,aodm80@hotmail.com,,,,sneaker reviews
https://www.youtube.com/channel/UCZwpK3sO5Ek6IPMC00ZCb0Q/,Randy Ortiz,1,69,,,,,sneaker reviews
https://www.youtube.com/channel/UC00KZEHx-2887UQL3JOCcSQ/,soulgem82,57,119641,,,,,sneaker reviews
https://www.youtube.com/channel/UCmEG9SflsIkPou5eA5a_IhA/,Tacoby Bennett,0,2,,,,,sneaker reviews
https://www.youtube.com/channel/UCNVIIbqAdsqcaQ8mTt4WV1g/,Xxhoodie23xX,6,21,,,,,sneaker reviews
https://www.youtube.com/channel/UCjOl2AUblVmg2rA_cRgZkFg/,Top Gear,6722230,2369771893,,https://twitter.com/bbc_topgear,https://www.facebook.com/topgear,,sneaker reviews
https://www.youtube.com/channel/UCwKTAvM2mY5-A4dFY4xCgqw/,ZIAS!,3129562,430889276,zik-asiegbu@utulsa.edu,https://twitter.com/JustZik,,https://www.instagram.com/justzik1,sneaker reviews
https://www.youtube.com/channel/UCKd0yGbJC7y7OoApTE7DZVw/,Baiq Cakra,230,26,,,,,sneaker reviews
https://www.youtube.com/channel/UCbQtUIq7FFSCQeAZWYCFSCw/,Eddie L. Rosado-Nieves,44,3730,,,,,sneaker reviews
https://www.youtube.com/channel/UCMofElKP5RZI5tj2HX9cmfQ/,MikesCarInfo,147590,85954012,,,,,sneaker reviews
https://www.youtube.com/channel/UC-kEum9oLpRQ6Zbu3iArLyA/,Liquid Mike,9829,7453282,,,,,sneaker reviews
https://www.youtube.com/channel/UCdoYnY4TSB7WwIwZC8QfkJQ/,ken blaiseau,111,28864,,,,,sneaker reviews
https://www.youtube.com/channel/UCgG-uiVD0-lA1MSDJPpyg_w/,Jaden Telfer,142,3608,,,,,sneaker reviews
https://www.youtube.com/channel/UCcRs54810s1DoKD_5Z0aLEA/,Ethan Curley,4,50,,,,,sneaker reviews
https://www.youtube.com/channel/UCgiLZU-ExgSMQgQwJdfFDwA/,Jordan2GotKicks,222,58336,,,,,sneaker reviews
https://www.youtube.com/channel/UC-P1PzEB8jtZSn507xDGZ0A/,2JsEnt Jawz and Young Jacob Williams,337,59915,jason293056@yahoo.com,,,,sneaker reviews
https://www.youtube.com/channel/UCj9Xvf4MmZYoHFDBqv8PBzg/,Stephen Culhane,6,188,,,,,sneaker reviews
https://www.youtube.com/channel/UCPmcxUE82vkzGVueeipf8Sg/,Spencer Mahon,438,2776,,,,,sneaker reviews
https://www.youtube.com/channel/UCvxZ6OebLpwFcu1pd1O33Aw/,Claudia Miranda,126,23394,,https://twitter.com/ghostmeat,,,sneaker reviews
https://www.youtube.com/channel/UCNrhnwvlWcnWj87AV7gdWqw/,Sneaker Boki & TMidnight,921,76391,,,,,sneaker reviews
https://www.youtube.com/channel/UCSdBGH775DDbsOKRWKAyg0Q/,BTS2013,1596,700258,,,,,sneaker reviews
https://www.youtube.com/channel/UCqtDYApAykhwMVXn0UXmUyw/,Bryson K,204,120240,,,,,sneaker reviews
https://www.youtube.com/channel/UCTeXe9ALGwZvjuiSH8SV7oQ/,CLT Proudictions,107,65,,,,,sneaker reviews
https://www.youtube.com/channel/UChpFB9Unv5bfezMttZfl41g/,josh222467,11,6712,,,,,sneaker reviews
https://www.youtube.com/channel/UCPCP1n1aa5ecBv0J_-PpKew/,Shane Marchut,56,,,,,,sneaker reviews
https://www.youtube.com/channel/UCIMIgjCPvCSkysyNGhTmv8Q/,ARDL 1,71,65820,,,,,sneaker reviews
https://www.youtube.com/channel/UCd8oe8M2jy4lOH46YHPZTTA/,Paul Soles,27981,3896443,,,,,sneaker reviews
https://www.youtube.com/channel/UCQ8xcMpzxzGhVorsfyrOZXg/,Charlie Zhu,0,21,,,,,sneaker reviews
https://www.youtube.com/channel/UCWGBsvQnictoFaXbPqWZj_Q/,Ace Vlogz,235,3102,,,,,sneaker reviews
https://www.youtube.com/channel/UCqKPQx458XOGexqVYWTErqg/,IrepDaWest133,14,6559,,,,,sneaker reviews
https://www.youtube.com/channel/UCQjbO9XmTpYj_eJjhXlGX0g/,Kurl,433,6898,,,,,sneaker reviews
https://www.youtube.com/channel/UCrVlZMlLiVeXaTAn5qIap8Q/,Jason Greenberg,6764,1547696,,https://twitter.com/TheSneacasso417,,https://instagram.com/jason_g25/,sneaker reviews
https://www.youtube.com/channel/UCrFfXgEezA5hgXO_1mNGOtA/,Frugal Fashion,917,744951,,,,,sneaker reviews
https://www.youtube.com/channel/UCEESmR_qu_9ob_cJpl9--5g/,Two Kicks,149,2645,,,,,sneaker reviews
https://www.youtube.com/channel/UCOGIrDTmKkpZ_jK3pbEZk7A/,Alex Absher,1155,167719,,/redirect?event=channel_description&q=http%3A%2F%2Fwww.twitter.com%2Falexabsher1231&redir_token=J25X71p9QBW-R0lkibXVb0PUiGR8MTU2NzI2NTMwMEAxNTY3MTc4OTAw,,http://www.instagram.com/alex_absher,sneaker reviews
https://www.youtube.com/channel/UC8aHtZSSsno_8FNxu8vhYQw/,Andrew Dominguez,12,,,,,,sneaker reviews
https://www.youtube.com/channel/UCCVbzVozj2tQc312dRDI8BA/,Tom Burton,29,1152,,,,,sneaker reviews
https://www.youtube.com/channel/UCJ5S2Ampt-YuzRSGT2J6_Fg/,Nnamdi Baker,1,6350,,,,,sneaker reviews
https://www.youtube.com/channel/UC7ivUMUWmTsEf4m5AOccy8Q/,js rod,1,686,,,,,sneaker reviews
https://www.youtube.com/channel/UCXpzCisHJcGOROV_xWUO4Jg/,Aware Slays,372,29246,,,,,sneaker reviews
https://www.youtube.com/channel/UC0jhmnrGe0I9lDAJOnDvvQg/,Lil Louie,456,1787,,https://twitter.com/lilouie1663,,https://www.instagram.com/lil._.louie/,sneaker reviews
https://www.youtube.com/channel/UCMcPEZiLnXCA3QVDDBjctEA/,Jessica Lewis,1,,,,,,sneaker reviews
https://www.youtube.com/channel/UCoj-Ae4z6j3xv3sC98_VGBQ/,joe Min,1757,2974369,,,,,sneaker reviews
https://www.youtube.com/channel/UC9-G3xSa8JN30aEGwxAzSHw/,Laced Lance,1180,233528,,,,,sneaker reviews
https://www.youtube.com/channel/UChxrHVYDDdYm-X-ifKvmx6g/,A1Forgood join my clan,4,14,,,,,sneaker reviews
https://www.youtube.com/channel/UCXNxeANNYD4KVlJ4fze3pJA/,Bryan Alvarado,347,43917,,,,,sneaker reviews
https://www.youtube.com/channel/UCrH0it6GdVSoFtJAEX8DCmw/,Frank Griffin,1213,76383,,,,,sneaker reviews
https://www.youtube.com/channel/UC2TQVgBUJPwssxl_zQO5GxQ/,ManoyTV,6,,,,,,sneaker reviews
https://www.youtube.com/channel/UC6RNO8uwUvfPL6hQeNDXO0Q/,Sneakerphiles,1020,138085,,,,,sneaker reviews
https://www.youtube.com/channel/UCI_SDy7yV74Ppxb76NS58pQ/,Abbz8377 Abbz8377,0,15,,,,,sneaker reviews
https://www.youtube.com/channel/UCCSuaoR88RwhMs76xe9_SQg/,sneakgeek smith,3,786,,,,,sneaker reviews
https://www.youtube.com/channel/UCvA19-UzH5js5tVebDDWWiw/,Phreshkixs CAZ,20,2516,,/redirect?q=https%3A%2F%2Ftwitter.com%2Fphreshkixs&event=channel_description&redir_token=kKJs82Ct5X0hqGZPTz6qlZ0y7AV8MTU2NzI2NTMwNUAxNTY3MTc4OTA1,,/redirect?q=http%3A%2F%2Finstagram.com%2Fphreshkixs&event=channel_description&redir_token=kKJs82Ct5X0hqGZPTz6qlZ0y7AV8MTU2NzI2NTMwNUAxNTY3MTc4OTA1,sneaker reviews
https://www.youtube.com/channel/UCyCQ740djxriO-_Dg7KBRbg/,ryan candelario,31,12356,,,,,sneaker reviews
https://www.youtube.com/channel/UCJqSN9RoH5sQjWoFOdyYrzg/,Mad Mad Dog Reviews,476,122686,,,,,sneaker reviews
https://www.youtube.com/channel/UCVnqt5_KShHtBhpxhs6Xe1A/,Outlaw,1457895,237689956,,https://www.twitter.com/jaredoutlaw,http://www.facebook.com/keepithillbilly,http://www.instagram.com/jaredoutlaw,sneaker reviews
https://www.youtube.com/channel/UCISk9Rs6e3UiKygXJylgpaw/,xRenzoh,1970,10105,,,,,sneaker reviews
https://www.youtube.com/channel/UCD7pwvz7MBLecwb9FqjOC-w/,Mr2Legit2Quit,253,30338,,,,,sneaker reviews
https://www.youtube.com/channel/UC_hETE_IyQQfU_QIeVTAyZw/,Sneaker Reseller,,62597,,,,,sneaker reviews
https://www.youtube.com/channel/UCDU3ZUtZy0AsW98SIOr2zjg/,Original Stitch,498,347894,,,,,sneaker reviews
https://www.youtube.com/channel/UCpCJPRl21r5BTyWz84ECdiQ/,King Senpai,108,4082,,,,,sneaker reviews
https://www.youtube.com/channel/UCDWIvJwLJsE4LG1Atne2blQ/,h3h3Productions,6579148,1346518816,,http://twitter.com/H3h3productions,https://www.facebook.com/H3h3productions,http://instagram.com/h3h3productions,sneaker reviews
https://www.youtube.com/channel/UCrM9v6rXcQspWbNWfsOLwsA/,GeekVloggz,3823,643002,,,,,sneaker reviews
https://www.youtube.com/channel/UCj02zGVKFjkqGFWaUiYL2Bw/,Matt K,357,625441,,,,,sneaker reviews
https://www.youtube.com/channel/UCeHsLg6kUiALGJtQPw_2o8w/,gabe meyer,1,1,,,,,sneaker reviews
https://www.youtube.com/channel/UCd1fLoVFooPeWqCEYVUJZqg/,Matt Stonie,9305575,1672788013,,http://www.twitter.com/mattstonie,http://www.facebook.com/megatoad,,sneaker reviews
https://www.youtube.com/channel/UC5ZZexrV6kZSaaUuC6HDZDw/,Reaping Slayer,8,758,,,,,sneaker reviews
https://www.youtube.com/channel/UChLu8TsihF686CjBYtV9mzg/,R.J. Beckett,4,947,,,,,sneaker reviews
https://www.youtube.com/channel/UCZ2z0Nyfh42jJoB5kQsYBOg/,OneHundredPercent Royalty,103,56826,,,,,sneaker reviews
https://www.youtube.com/channel/UCzLO6O4ZjiNou93K0tqGknA/,Nicole cosenza,1,144,,,,,sneaker reviews
https://www.youtube.com/channel/UCQDEF6K_c0-a4My1paUMV2w/,SuperHendrix,3429,417181,,https://twitter.com/BigGucciHendrix,,,sneaker reviews
https://www.youtube.com/channel/UCruV1xYHEfhLXDEaY6M4ptg/,Trust The Hype,10,1458,,,,,sneaker reviews
https://www.youtube.com/channel/UCFsuMFhwUCUgvDHyL4Wxppw/,Nike Niketown,461,83813,,,,,sneaker reviews
https://www.youtube.com/channel/UCgzJaWMreNvNpoIACqn5ygQ/,Brayden Ogles,345,23,,,,,sneaker reviews
https://www.youtube.com/channel/UCJHxAfCmIjO4bBkZTATBeWA/,MrFifaFrostie,9,8470,,,,,sneaker reviews
https://www.youtube.com/channel/UCRQbzx2pTCpQ6yqY6o_hK4g/,The Rich League,58,11939,,https://twitter.com/richleaguenyc,https://www.facebook.com/therichleaguenyc/,https://www.instagram.com/therichleaguenyc/,sneaker reviews
https://www.youtube.com/channel/UCOein6stqv6Vz8YJkQxbBaQ/,Hypebeast Jay,4903,561339,,https://twitter.com/J_sole23,,,sneaker reviews
https://www.youtube.com/channel/UCmLPeZyXdvW1NQVfLcCRr0g/,Caleb Galdston,52,50827,,,,,sneaker reviews
https://www.youtube.com/channel/UCKGxC5i-NUcr_wWX83ill8g/,Heirness Reviews,29,481,,,,,sneaker reviews
https://www.youtube.com/channel/UCDd3GGePGDj7qChVd1C9QZw/,Iowa Hypebeasts,1020,142,,,,,sneaker reviews
https://www.youtube.com/channel/UCp7d7DwS1tQGygzBx601lKQ/,sport_88 sun,0,89,,,,,sneaker reviews
https://www.youtube.com/channel/UCUJ_Oh6cCbLOUuE37sIv2HQ/,DeadKicks.com,,6111,,,,,sneaker reviews
https://www.youtube.com/channel/UCIyQzjEW_hMaU9PogO1q1bw/,Johnny TV,1472,124860,,,,,sneaker reviews
https://www.youtube.com/channel/UCWC0jR_MQ2PExhrX_as-ueg/,DC's Shoes,11,,,,,,sneaker reviews
https://www.youtube.com/channel/UCyTIvlA67XAGkKXca_9jU8Q/,Confitsss,72,394,,,,,sneaker reviews
https://www.youtube.com/channel/UCmL0OC-aDnI88ZiTaGWsBSg/,JenersyGG,5,125,,,,,sneaker reviews
https://www.youtube.com/channel/UCVMf6r0NmDtqf6JZ_uI4UjQ/,Shane Murphy,366,376449,,,,,sneaker reviews
https://www.youtube.com/channel/UCTbosQ47T6rV1qkOW1s3vIQ/,Jek Ferrer,12450,,,,,,sneaker reviews
https://www.youtube.com/channel/UC7VEtbN1jrxfVUSHI6UZf7A/,Dream Kicks2711,10,39,,,,,sneaker reviews
https://www.youtube.com/channel/UC9KZcuhOf4hF5FliPpbjDzQ/,Rob Hainey,924,13990,,https://twitter.com/RobboH85,,https://www.instagram.com/itsrobbyh/,sneaker reviews
https://www.youtube.com/channel/UC8m8cAoax5fPwyw_7CKxJew/,Kickzablaze,130,32589,,,https://www.facebook.com/kickzablaze,http://instagram.com/kickzablaze,sneaker reviews
https://www.youtube.com/channel/UCAPp4Q16Or7jdk92sVWt-DQ/,elbudoo,168,417055,,,,,sneaker reviews
https://www.youtube.com/channel/UCg2e5sGvbqbHDZb9QEjYFQw/,Trendy Sean,158,325,,,,,sneaker reviews
https://www.youtube.com/channel/UCrkIYC4k9zuLl2KHFfjvSRg/,Kenny Chao,17323,496110,,https://twitter.com/Chaomedia,,https://www.instagram.com/chaomedia/,sneaker reviews
https://www.youtube.com/channel/UCKLd8pP8AYtDRO9Ra6GkegA/,thekidgotsole,12,17203,,,,,sneaker reviews
https://www.youtube.com/channel/UCRyxXjosQ5uv12SMLZW6KCw/,GoodCop Badcop,2867,334181,,,,,sneaker reviews
https://www.youtube.com/channel/UCmptyepXGzeCoMco2noNiWA/,Lukas 24,2,,,,,,sneaker reviews
https://www.youtube.com/channel/UCScv25wIdTYnHZSnmPo0GDQ/,Coo Lou,317,,,,,,sneaker reviews
https://www.youtube.com/channel/UCms09tchnjjHxDHm4PFrdXg/,Clint Irving,148,48047,,,,,sneaker reviews
https://www.youtube.com/channel/UCI23skFWDPOwb_w0n0KbG6A/,Blowout Skateshop,42,19498,,,,,sneaker reviews
https://www.youtube.com/channel/UCFvmYKSJVraMGpFduQGpGcA/,Mtoker68,373,28772,,,,,sneaker reviews
https://www.youtube.com/channel/UCuxOiQxeRDbwm4gRZXunS_Q/,Basketball Central,5648,3197033,,,,,sneaker reviews
https://www.youtube.com/channel/UCHeiqONJG_p8AK6ZpgVRbog/,NB KING,231,127700,,,,,sneaker reviews
https://www.youtube.com/channel/UCmkbnJXPUtVkHoCuwOFP9wA/,Ivyoutlets -in,195,42726,,,,,sneaker reviews
https://www.youtube.com/channel/UCevLKJY68M-AsrimJJ6XqIg/,OhSoHilarious,207,622811,,,,,sneaker reviews
https://www.youtube.com/channel/UCb4b21iinytZDBdXPDQlYCQ/,Sneakerheadnandez,111,3809,,,,,sneaker reviews
https://www.youtube.com/channel/UCiqWYTypZrhfrmdgAHzg8aQ/,Tain Lusy,3,179,,,,,sneaker reviews
https://www.youtube.com/channel/UCExbYtXWgWhLNelgdKX7rPQ/,Eli Smith,118,118322,,,,,sneaker reviews
https://www.youtube.com/channel/UCd-7wYAmmqrbzc0gV2Xd9KQ/,Freshness TV,164,9078,,,,,sneaker reviews
https://www.youtube.com/channel/UC_we0XRgz_IiaIJK9fkyrEw/,Tienda de baloncesto Fuikaomar,214,288785,,,,,sneaker reviews
https://www.youtube.com/channel/UCkkPpfWkbHaFMrL3TeibU6Q/,JoeCr7Gt -,113,19829,,,,,sneaker reviews
https://www.youtube.com/channel/UCNHZgGGKMTt78_FrDKknaYQ/,Alexander David,372,347251,,,,,sneaker reviews
https://www.youtube.com/channel/UCokyFPpSQPmXg5wUZL_VTMw/,Nat101,40,5039,,,,,sneaker reviews
https://www.youtube.com/channel/UCuFl8YxFqY36fkehnd_Zi5Q/,Fonzilla B,104,47318,,http://twitter.com/___svelte_,,https://www.instagram.com/fonzo.b/,sneaker reviews
https://www.youtube.com/channel/UCMPnmHBKQqt8bk8qArrnvsw/,Michael Xu,28,2198,,,,,sneaker reviews
https://www.youtube.com/channel/UCurX6Ib5HCxU77vE3N1bv4Q/,Cowboy Mike,22,400,,,,,sneaker reviews
https://www.youtube.com/channel/UC4R59t88wav2Pi-zshBWv_Q/,The Dope Xchange,64,25227,,,,,sneaker reviews
https://www.youtube.com/channel/UC5KR-g_noaeEuDhy-WF2Fyg/,Strictly4Kickz,87,17573,,,,,sneaker reviews
https://www.youtube.com/channel/UChgXkMQTFjxTX2Sgtg8DTuA/,Kickshype,778,992,,,,https://www.instagram.com/kickshype/?hl=en,sneaker reviews
https://www.youtube.com/channel/UCwUZ-LaBTb5e6MWl6JC8B4Q/,Kameron Kofoed,50,30,,,,,sneaker reviews
https://www.youtube.com/channel/UC_qF-WZ55qvmWmJRKaMPp7Q/,Unknown,97,2185,,,,,sneaker reviews
https://www.youtube.com/channel/UCJwKZrojXKPzWmxoQudfVkg/,Curio Garage Innovations,131,88484,,,,,sneaker reviews
https://www.youtube.com/channel/UCEt0XlQhBMy44qioZKjIUvw/,CubeCreative,33,,careco02@gmail.com,,,https://instagram.com/cubecreativekicks/,sneaker reviews
https://www.youtube.com/channel/UCv3cxEZL9cGJS_OaX5Wm7tQ/,great kickz,559,62071,greatkick@outlook.com,,,,sneaker reviews
https://www.youtube.com/channel/UCZQfChl1IkYw4nCmcu_5hvQ/,Heroic Art,170,6006,,https://twitter.com/SpeedDragon4?s=09,,,sneaker reviews
https://www.youtube.com/channel/UCoHLmJxMM3r8I53r8SV40SA/,Benjamin Shaposhnikov,2,100,,,,,sneaker reviews
https://www.youtube.com/channel/UC2HfoPNzRYWyJtWr_BQMntQ/,Karnivr Angar,1,1050,,,,,sneaker reviews
https://www.youtube.com/channel/UCHhduMRB4H6peRbkATjEUbg/,Sneakerheadintheburbs UA Reviews,15,4924,,,,,sneaker reviews
https://www.youtube.com/channel/UCO747LvgrprerEMOK6ouYrg/,falconsfan5129,0,108,,,,,sneaker reviews
https://www.youtube.com/channel/UC97Yqro1qoIChFGOw-x5xCA/,Funny Fun,37,20,,,,,sneaker reviews
https://www.youtube.com/channel/UCXJxY7YfrkkQLSIBGceVtgA/,Savage Gaming,4,371,,,,,sneaker reviews
https://www.youtube.com/channel/UC9nO7MiVP4u_ffuK7_li97w/,Yesitsmaja,406,8577,,,,,sneaker reviews
https://www.youtube.com/channel/UCuSt92uJvbs3LfujpKOJ9nQ/,Kid Kicks,3,869,,,,,sneaker reviews
https://www.youtube.com/channel/UCCNBdSKYZhlOMfe9cQNsv6g/,Just A Pair,66,11496,,,,,sneaker reviews
https://www.youtube.com/channel/UCZX6fXNskBh_-5WOru8S6hA/,sxperience,150,22896,,,,,sneaker reviews
https://www.youtube.com/channel/UCYmSPcgA-5HapaEjXHO7t4g/,Dream Chaser,9247,1215500,,,,,sneaker reviews
https://www.youtube.com/channel/UC7smLxGscVBv4V83GnN-GWQ/,Shannon Cullen,9,185,,,,,sneaker reviews
https://www.youtube.com/channel/UCbfxNKYXB_luM7SWfTPurrg/,A&J Athletics,12,85,,,,,sneaker reviews
https://www.youtube.com/channel/UCeugFcipGVV3f0j93sUFpug/,THExtra,6,2184,,,,,sneaker reviews
https://www.youtube.com/channel/UCB3ClBF29Qhc08m9nyoXPBg/,Lifestyle sneakers,28,18314,,,,,sneaker reviews
https://www.youtube.com/channel/UCZEKqdzOmxb_BlkiC7PHsOg/,nicmobeasmo,6,1840,,,,,sneaker reviews
https://www.youtube.com/channel/UCBvfnoIGFA1AHqIpH-_qcJA/,Diego Oliva,5,,,,,,sneaker reviews
https://www.youtube.com/channel/UCY7Tl5TqZdlu7VBIDLynBUg/,Outlet46.de GmbH,893,651979,,,https://de-de.facebook.com/Outlet46/,https://www.instagram.com/outlet46.de/,sneaker reviews
https://www.youtube.com/channel/UC8ircIDHLSngKmodjC4JZpw/,Beatz N Sneakz,24,82,,,,,sneaker reviews
https://www.youtube.com/channel/UCrIx6IUrm3KeM7ZHFRcZSMw/,torsionengineering,13,13616,,,,,sneaker reviews
https://www.youtube.com/channel/UClShZGq3vvf_JBiPRcel4Vg/,Colin Miller,5,990,,,,,sneaker reviews
https://www.youtube.com/channel/UCNtspSvyD1ARekCi1UpV3YQ/,Zach Greene,1,189,,,,,sneaker reviews
https://www.youtube.com/channel/UCmU7mmXTSekreY8uX46O9eQ/,Brandon Guffy,6,434,,,,,sneaker reviews
https://www.youtube.com/channel/UCcHEk4EmVZllSTDQ4O3ecdQ/,XxT0MMY2001xX,11,7825,,,,,sneaker reviews
https://www.youtube.com/channel/UCBRPuA9zmKof8tI14i4ORuQ/,Carlos Skillz,4,76,,,,,sneaker reviews
https://www.youtube.com/channel/UC_P_HdWJvF03Q9_yCYpeZ2Q/,RicheeKim,6253,1591517,,,,,sneaker reviews
https://www.youtube.com/channel/UCsD4T9nMvcFbyZ9ioDlsIYw/,Ricardo Covarrubias,0,,,,,,sneaker reviews
https://www.youtube.com/channel/UCxf6T1htC-5bkgbWaEktYww/,Jordan Caso,5,929,,,,,sneaker reviews
https://www.youtube.com/channel/UCwRWW3mtPV-COsxvEV6rIaw/,Pokerfaced Penguin,108,26405,,,,,sneaker reviews
https://www.youtube.com/channel/UCSUNNQ0fIxkhmpsjuVc0WUw/,Laced Heat,250,129779,,Twitter.com/Laced_Heat,,Instagram.com/Laced_Heat,sneaker reviews
https://www.youtube.com/channel/UCMw-N9YlCwP7Ll23CsVspxw/,Basket Life,274,24585,,,,,sneaker reviews
https://www.youtube.com/channel/UCqz3pDezhhFc8G92pYKkmHg/,criptinite s,18,797,,,,,sneaker reviews
https://www.youtube.com/channel/UCZcSgHbfH8x4fPe0vBsKCqQ/,burnout184,2,,,,,,sneaker reviews
https://www.youtube.com/channel/UCPy9SDoryIBB4XMwsIJtIpg/,Mrpuffball97,4,497,,,,,sneaker reviews
https://www.youtube.com/channel/UCAD0k6bi1rE0sUnEdLGuEvA/,Brandon,895,109,,,,,sneaker reviews
https://www.youtube.com/channel/UCYVkBmD9xOCzCklnwJSUxkA/,Johnny Countryman,7,887,,,,,sneaker reviews
https://www.youtube.com/channel/UCfI5UXRjQ3Ze5BXAKGrMEfQ/,Donnie G aka Fuzzy Slippers,10,1930,,,,,sneaker reviews
https://www.youtube.com/channel/UCsoyy4gFh1v-ConZefQ6kvg/,BradDoesMusically,5,2432,,,,,sneaker reviews
https://www.youtube.com/channel/UCbtgIXn8fEgGV9OAVWfK2jA/,DopeScope,14,262,,,,,sneaker reviews
https://www.youtube.com/channel/UCzA2sGY77yJkzQ5bYOVPlHw/,Keyden Vids,14,,,,,,sneaker reviews
https://www.youtube.com/channel/UCsnsXbBY9gUnxSRPfDP1EYQ/,john bryant,1,836,,,,,sneaker reviews
https://www.youtube.com/channel/UCY-MG-KAyncVk8LHW17XaCw/,nelson tenebruso,17,,,,,,sneaker reviews
https://www.youtube.com/channel/UCZIebf2VS12PDj3yx6OdrZg/,Jared Nation,1,,,,,,sneaker reviews
https://www.youtube.com/channel/UClF_nzbjbxlYdCnuQoA2RAg/,ETHAN BYRNE,32,3835,,,,,sneaker reviews
https://www.youtube.com/channel/UCH7KZkxs9-v39bejQC6kRVA/,SportsExcellence,34,28503,,,,,sneaker reviews
https://www.youtube.com/channel/UC5vC4YcMUcaSSL32BooT6Zw/,Trxll Way,57,701,,,,,sneaker reviews
https://www.youtube.com/channel/UCzjX8NvHwMvD2sUJufJeTFg/,Luis Trompeta,183,678,,,,,sneaker reviews
https://www.youtube.com/channel/UCQ4HUjSCMkCuZBDdWLulvVA/,Omar Alday,208,,,,,,sneaker reviews
https://www.youtube.com/channel/UCZcfMLo9mMurHRCbKQCVtKw/,SNEAKERS DOWN UNDER,49,1203,,,,,sneaker reviews
https://www.youtube.com/channel/UCLkTY0uVu7PvTUOfCPxHlDA/,DEITY_PERTHO,7,220,,,,,sneaker reviews
https://www.youtube.com/channel/UCZdmwzPQ-H54h70qeDW2e5A/,Shane Pollock,11,3729,,,,,sneaker reviews
https://www.youtube.com/channel/UC_v9fuhVGKnshgKf1YRcZPw/,Daymien Murtha,3,2653,,,,,sneaker reviews
https://www.youtube.com/channel/UCdPC6dO_vVVJqCdL-maSL4g/,MLTV12,93,19389,,,,,sneaker reviews
https://www.youtube.com/channel/UCBwCA4v-Veug-EUvMg_dGjQ/,SUPREME BEING,7,1564,,,,,sneaker reviews
https://www.youtube.com/channel/UCOfA_F6xYbRfF-wB_pmp1aA/,Stngr OG,200,772,,,,,sneaker reviews
https://www.youtube.com/channel/UC86OOQgBrS0UXLZSp2kcUKQ/,Sneaker Filez,18,5365,,,,,sneaker reviews
https://www.youtube.com/channel/UCOnNU7WG4U8yD1pkxEzmbfA/,TheTrueHoop,434,151754,,,,,sneaker reviews
https://www.youtube.com/channel/UCrdfsnot91EofBkIBiNmA9Q/,Malek Thini,171,48883,,,,,sneaker reviews
https://www.youtube.com/channel/UCZWXR4iBBKkzl3emKQWZHXw/,jerome fuentes,9195,11271753,,,,,sneaker reviews
https://www.youtube.com/channel/UCLGwILvCVBcGNeOG2kdgpcA/,albadr-007,157,1070,,,,,sneaker reviews
https://www.youtube.com/channel/UCT9XvfjClG9eatnysKei78Q/,Ramon Trotman Photography,3422,730448,,https://twitter.com/ramontrotman,,https://www.instagram.com/ramontrotman/,sneaker reviews
https://www.youtube.com/channel/UCnoUn_gvoBB2_gWILStnmyA/,mikaela jaso,683,1213113,,,,,sneaker reviews
https://www.youtube.com/channel/UCSukxp4vMI14pt5vGZd8c0A/,Tricia Omo,,781924,,,,,sneaker reviews
https://www.youtube.com/channel/UCfI7OV1jXbRgL92d5WuCg0g/,Einnor Zerep,129,72162,,,,,sneaker reviews
https://www.youtube.com/channel/UCOhhyOUDzJn39ooxdqJ8ZKg/,Ale 04,379,,,,,,sneaker reviews
https://www.youtube.com/channel/UCh51tarepVd1dWPygPTI0-w/,patver alas,442,1414565,,,,,sneaker reviews
https://www.youtube.com/channel/UC0yeFrjczHF4-8V9oa_RYXQ/,GQReviews & Style,899,292264,,,,,sneaker reviews
https://www.youtube.com/channel/UCxUCvpCldqqL0XdAViXdc_Q/,B Arciaga,131,249178,,,,,sneaker reviews
https://www.youtube.com/channel/UCowzdcPJbib6buy3ubhyZow/,Matt Long,281,695659,,,,,sneaker reviews
https://www.youtube.com/channel/UCUb14KnqD-VuDO9TLFCtVyg/,Jona Noprada,1101,172683,,,,,sneaker reviews
https://www.youtube.com/channel/UCvoWMU-IQirh9eojIshB8Qg/,Joe Reynolds,111,,,,,,sneaker reviews
https://www.youtube.com/channel/UCjgsDbLfRoILXH_sDLrOYBA/,Shiny Baller,285,874,,,,,sneaker reviews
https://www.youtube.com/channel/UC0g4sC5aSEcjD5KqG3Il4Ew/,joseph blackwell,613,298550,,,,,sneaker reviews
https://www.youtube.com/channel/UCZZDqs2wHoS616Y1VEvfkvg/,OscarsReviewsUK - Toys Games Lego #Autism,624,147463,,https://twitter.com/OscarsReviewsUK,https://facebook.com/OscarsReviewsUK,https://instagram.com/OscarsReviewsUK,sneaker reviews
https://www.youtube.com/channel/UCV5ZlWEuHqmlxe4lsuShi4Q/,sean sneakerkid,346,52273,,,,,sneaker reviews
https://www.youtube.com/channel/UCqhaubvFf2KfNQrUDNLXshQ/,MrKillaPR,172,55419,,http://www.twitter.com/mrkillapr,,http://www.instagram.com/mrkillapr,sneaker reviews
https://www.youtube.com/channel/UCd-pKaa8NQ7NMAl5VAGsdfg/,GoViralMedia,163,81512,,,,,sneaker reviews
https://www.youtube.com/channel/UCC4IbOjdjBjOWo_dDM0gONQ/,Rowrow Jordan,9,5624,,,,,sneaker reviews
https://www.youtube.com/channel/UCI34W82oUErUW8nyzI-FLYQ/,Lavender ish,1688,221778,,,,,sneaker reviews
https://www.youtube.com/channel/UC3QgIxnQVG60tukkN5pikUA/,Jaquan Callaway,107,612,Jaqcallaway@gmail.com,,,,sneaker reviews
https://www.youtube.com/channel/UCQi-vzH_W6Ds9PzrQ_xNRmw/,Junel Leonard Ponce Ma,255,153279,,,,,sneaker reviews
https://www.youtube.com/channel/UCLL3o3t8wWRix9vgBAXldcg/,HazeDomination,103,1377,,,,,sneaker reviews
https://www.youtube.com/channel/UC9AQEF0elWt-qOGn5_BNXfg/,It's Scopez,225,2553,,,,,sneaker reviews
https://www.youtube.com/channel/UCQ_oll1cm7X-gcWTcD5ASmg/,Hakam Singh,184,65450,,,,,sneaker reviews
https://www.youtube.com/channel/UCf5AraWW5AT-c3XhrhyjeWw/,James Amidon,117,29955,,,,,sneaker reviews
https://www.youtube.com/channel/UCgC7nUiAL-1Wl1D_VMg80eA/,Rita cocogod,20,6347,,,,,sneaker reviews
https://www.youtube.com/channel/UClI-1M0I7Ft4dFUoEVSYZlQ/,melissa manaig,403,28762,,,,,sneaker reviews
https://www.youtube.com/channel/UCykp86xCPr3_ai-oKDgMvjQ/,the 25th hr,7,184,,,,,sneaker reviews
https://www.youtube.com/channel/UCtOHFUygqVLQSl2XQpcGfGQ/,Andrew Ramirez,0,,,,,,sneaker reviews
https://www.youtube.com/channel/UC4Q6dslJ4ZXa-vOVoB0WRKg/,Savage Soles,35,1954,,,,,sneaker reviews
https://www.youtube.com/channel/UCydLoDLupMlM-XV6bgDqrBQ/,NEW BREED ENTERTAINMENT,316,852590,,,,,sneaker reviews
https://www.youtube.com/channel/UCGpT7B8H-BBNXntn2AvTkyg/,Spun Gold Naturals,355,33333,,,,,sneaker reviews
https://www.youtube.com/channel/UCYkmeM8Jb80Rp4QDqrTj4MA/,Huseyin Duran,572,1902392,,,,,sneaker reviews
https://www.youtube.com/channel/UCuHBapjmhJRAvsmRB668CrA/,Jimaaaaa,5367,399170,tranjimmy713@gmail.com,http://twitter.com/AYEjimaaaaa,,http://instagram.com/jimaaaaa,sneaker reviews
https://www.youtube.com/channel/UCyrjCL-B48dvprfT90OQnbw/,Aaron Warr,135,235683,,,http://www.facebook.com/profile.php?id=1141260086,,sneaker reviews
https://www.youtube.com/channel/UCdQd9Bu6gvMoRUGAds0QHdQ/,EZMONEYTHESHOEGAWD Reese,554,59907,,,,,sneaker reviews
https://www.youtube.com/channel/UCgTSgyaVNrqqkLXF3lkW8cQ/,Joey Calabria,16,,,,,,sneaker reviews
https://www.youtube.com/channel/UCsYB2uG7IBN9KZku0j-qDVA/,GRANDPA!,,279462,,https://twitter.com/josephmcarr_,,https://www.instagram.com/josephmcarr/,sneaker reviews
https://www.youtube.com/channel/UCqFWzMxLxsM0OZsSZPFsGkg/,Sneakerheads of Ottawa,222,6088,,,,,sneaker reviews
https://www.youtube.com/channel/UCHjZPdVaNTSTAvQY4DWkNzw/,Easymoney _T,11,4878,,,,,sneaker reviews
https://www.youtube.com/channel/UCafJKnIu3p7X7i3f8pjvdvQ/,Chase B,2247,,,,,,sneaker reviews
https://www.youtube.com/channel/UCwqqCfTp-JhFwC3E-8mhNRQ/,Brady Brooks,37,5,,,,,sneaker reviews
https://www.youtube.com/channel/UCkHqLcJrEFX1OVdJ_v6aLsQ/,Lifeof Jayguapo,42,821,,,,,sneaker reviews
https://www.youtube.com/channel/UCuW8T7S4vlns__6MRdsMmnQ/,Tripp Vlogs,24,537,,,,,sneaker reviews
https://www.youtube.com/channel/UCEMwC03DJq2cTNml8zcrM2g/,A- Sneaker Reviews,90,,,,,,sneaker reviews
https://www.youtube.com/channel/UCjsRv1uyou1rVLJviIrSGrw/,benwindsortv2,1320,406373,,http://www.twitter.com/benwindsortv,http://www.facebook.com/benwindsortv,https://www.instagram.com/benjaminwindsor/,sneaker reviews
https://www.youtube.com/channel/UCzGkq8WlEWjEMH7XadPlRpQ/,OtakuKix,350,98449,,,,,sneaker reviews
https://www.youtube.com/channel/UCvU_loahyTb66vfGrfu2ZeQ/,SneakerBoys 74,27,1212,,,,/redirect?event=channel_description&redir_token=rnwcG0HgzuvKCpepFqp72sgm4ah8MTU2NzI2NTM1N0AxNTY3MTc4OTU3&q=https%3A%2F%2Finstagram.com%2Fjayden.marte%2F,sneaker reviews
https://www.youtube.com/channel/UC5n95E8YRuze408oxlFtKwg/,M Bozkicks,38,12475,,,,,sneaker reviews
https://www.youtube.com/channel/UCfKBDoJ4ITUg5PedgsG8BAw/,Lars Young,11421,1094698,LarsYoungMusic@gmail.com,/redirect?q=https%3A%2F%2Fwww.twitter.com%2FiAmLarsYoung&redir_token=xJ1n4aLCVK1OPUCOM9H3fr_OHR58MTU2NzI2NTM2M0AxNTY3MTc4OTYz&event=channel_description,http://www.facebook.com/profile.php?id=1585105331,,sneaker reviews
https://www.youtube.com/channel/UC3zCE0weoZwvQ8UOsBqIDQA/,MikeDeeKicks 518,10,993,,,,,sneaker reviews
https://www.youtube.com/channel/UCSFn-IDRVl_z5gAjQaQXhxQ/,Sneaker Vision,19,10770,,,,,sneaker reviews
https://www.youtube.com/channel/UCnShW0LArcxcG1aE563ja1A/,BikerBoy_Brownie,2278,,,,,https://www.instagram.com/spencer_brownie/,sneaker reviews
https://www.youtube.com/channel/UCmwb5lly-CqvH_Ls6lhItQA/,Women's Shoes | Boots Heels Sneakers & More,2199,1063299,,,,,sneaker reviews
https://www.youtube.com/channel/UCMZkgF4m6SvPI7GelDoWM0A/,City Gear,12346,3262845,,,,,sneaker reviews
https://www.youtube.com/channel/UCv1F_EWlV1KZe9NOVmRqisw/,SneakerStalkin,9087,837656,,,,https://www.instagram.com/sneakerstalkin/,sneaker reviews
https://www.youtube.com/channel/UCtBq46z9_GwDvhYs-rc0XKg/,Warren Vergara,674,264624,,,,,sneaker reviews
https://www.youtube.com/channel/UCUHFXz8YklzKUg-AvWvdAmQ/,QL Holla,236,30866,,https://twitter.com/qlholla,,,sneaker reviews
https://www.youtube.com/channel/UCXUQMZ3HdNGAvjH-Rp3luHw/,Adam DeFresh,4295,471120,adamdefresh@gmail.com,http://twitter.com/AdamDeFresh,http://www.facebook.com/AdamDeFresh,http://instagram.com/adamdefresh/,sneaker reviews
https://www.youtube.com/channel/UCwQ-ZiuY9-IAnJV5LlnlJZQ/,Hype Bros Sneakers,105,11985,,,,,sneaker reviews
https://www.youtube.com/channel/UClepGGRnyh6HjIJvUVORzFg/,SneakerHead213,1920,995403,,,,,sneaker reviews
https://www.youtube.com/channel/UCPz9Rj6UbGqFDaYKtm4Z08g/,thebrooklyngoon2,31,25708,,http://www.twitter.com/thebrooklyngoon,,,sneaker reviews
https://www.youtube.com/channel/UCGQaSeb3dRxNYWm7dkhGemg/,NateDoggyDogg52,667,149173,,https://twitter.com/NathanKerr20,,https://instagram.com/nathankerr20/,sneaker reviews
https://www.youtube.com/channel/UCKe9AitGa9GMLTnxJgcih_A/,Unbreakable Kicks,130975,21059028,,,,,sneaker reviews
https://www.youtube.com/channel/UCXQfMvrM9SYU4xvyxyyPcCw/,Views From The 732,22,1153,,,,,sneaker reviews
https://www.youtube.com/channel/UCPwI4QzcUtXRNIe7elKafTg/,KOTD,92,119,,,,,sneaker reviews
https://www.youtube.com/channel/UCOISWCk2ZzfY8u3w4juivQg/,Jacob C Sneaker Reviews,36,251,,,,,sneaker reviews
https://www.youtube.com/channel/UCajUFVSnRbiBPzt28vmdmaA/,T Blake,129307,28360333,TBlakeMarkets@gmail.com,/redirect?event=channel_description&redir_token=7yeZrRNNnDHjwciXvSr0BcnRZZ58MTU2NzI2NTQwNUAxNTY3MTc5MDA1&q=http%3A%2F%2FTwitter.com%2FTheRealTBlake,,,sneaker reviews
https://www.youtube.com/channel/UC8nsuBojRu68S6CKL_W8hig/,BryceKicks,1121,236603,,https://twitter.com/brycekicks,,https://www.instagram.com/brysonmoore5/,sneaker reviews
https://www.youtube.com/channel/UCqjHDWQ_pozdsSAs1qNIdyQ/,SaW VTi,250,130997,,https://twitter.com/SaW_VTi,,https://www.instagram.com/saw_vti/,sneaker reviews
https://www.youtube.com/channel/UC0le-ENzEqyKnhFSDkmP5lg/,x RetroREYES x,89,40844,,,,,sneaker reviews
https://www.youtube.com/channel/UChliA2GcYVb7oTpV9eG1-dg/,KopKicks™,16,908,,,,,sneaker reviews
https://www.youtube.com/channel/UCiuRNC47mKijnew1y7SEEdw/,SnowyX,141,3203,,,,,sneaker reviews
https://www.youtube.com/channel/UCj3KWE43HWIAtsoGHYlg3eA/,Akbar Ali,21202,2396206,,https://twitter.com/916Sneakergame,,,sneaker reviews
https://www.youtube.com/channel/UCmsn2BRsIOea3YZKVa_Bjjw/,Hayden Hayder,1982,524405,,,,,sneaker reviews
https://www.youtube.com/channel/UCmLzmGIBZYk4yIfmjigGOIg/,UnTieUrShoes,649,131776,,,,,sneaker reviews
https://www.youtube.com/channel/UCxfmdFqMcRTI4aWuFlDqwtg/,Mitchey_23,55,,,,,,sneaker reviews
https://www.youtube.com/channel/UCqyU3kUE2_FxPwPHFIdNqJA/,BUZZKILL CUSTOMZ,402,36018,,,,,sneaker reviews
https://www.youtube.com/channel/UCUp15cwz3n4dXgnzjfbZuXA/,Sneaker Block,207,55823,,http://www.twitter.com/sneakerblock,https://www.facebook.com/SneakerBlockUK,http://www.instagram.com/sneakerblock,sneaker reviews
https://www.youtube.com/channel/UC1cuFuaQfQmn8Gf7e2N0Y4Q/,ROD2REAL,,70192,,https://twitter.com/Rod2RealTv,,https://www.instagram.com/rod2realtv/,sneaker reviews
https://www.youtube.com/channel/UCe86y_FMYyq72CRbXA2O1bg/,Kicksgamereviews,0,1,,,,,sneaker reviews
https://www.youtube.com/channel/UCAGaf4unaomfJ1YjBSEHw4g/,K J,62,77777,,,,,sneaker reviews
https://www.youtube.com/channel/UCzGeOiu8ShY0G-lSCCgiMhw/,Yung King Sneaker Reviews.,6,408,,,,,sneaker reviews
https://www.youtube.com/channel/UC-OcpZIUc_cEu9P07SpQp5g/,Kicks Seven Five,447,91049,,,,,sneaker reviews
https://www.youtube.com/channel/UCcwRFDSKxmTMmyCjp_KMjSQ/,Han Yolo Reviews,341,68899,,https://twitter.com/BeerNKicks,,https://www.instagram.com/han_yoloo/,sneaker reviews
https://www.youtube.com/channel/UCpxtggbRD0EdPGsromQYUgA/,Shoes Coppin,281,35993,,https://twitter.com/ShoesCoppin,,https://www.instagram.com/shoescoppin/,sneaker reviews
https://www.youtube.com/channel/UC-D3QokIGO1Wa32wkzBr4Sw/,MrKick210,4402,366389,mrkick210@gmail.com,,,,sneaker reviews
https://www.youtube.com/channel/UCclYEarGfdeuyxaGiZqq4bA/,Cam Reps,157,13034,,,,,sneaker reviews
https://www.youtube.com/channel/UCbCJgVnIUXkPOr-YH7TMQoQ/,LuOptic Media,8304,2522965,,,,,sneaker reviews
https://www.youtube.com/channel/UChVkvYo4iltxlGSEBaN8HZQ/,Official Sneaker Reviews,25,619,,,,,sneaker reviews
https://www.youtube.com/channel/UClXuoIQKEeCMFamRkXXSI9Q/,Slagggys Kicks,22,747,,,,,sneaker reviews
https://www.youtube.com/channel/UCNgU-2rN_VNvzPwCsvkAbjw/,SNEAKS REVIEWS,160,28185,,,,,sneaker reviews
https://www.youtube.com/channel/UCo44inc4e4hvEaa1U5HpRqg/,SneakerTalk,306648,39707863,,https://twitter.com/sneakertalkca,/redirect?q=https%3A%2F%2Fwww.facebook.com%2FsneakertalkCA%2F&redir_token=a_x5Vk3ou7DzTPcx0EzefGyv3DB8MTU2NzI2NzA1MUAxNTY3MTgwNjUx&event=channel_description,http://instagram.com/sneakertalkca,sneaker reviews
https://www.youtube.com/channel/UCEBm0ZJOyYUKXeHltV9cjUg/,T-WARD Y.F.H.B,21226,1069806,TWARDNATL@YAHOO.COM,,,,sneaker reviews
https://www.youtube.com/channel/UCbh8eWQ83qZxKkfUbyKEIDA/,THESNEAKERADDICT,174988,44009675,HIREDJDELZ@GMAIL.COM,http://twitter.com/djdelz,http://facebook.com/therealdjdelz,http://instagram.com/realdjdelz,sneaker reviews
https://www.youtube.com/channel/UCaD1To0-dx4MCXQUcKunHFA/,KicksOnFleek - Sneaker Reviews Shopping Hauls ETC!,37,37,,,,,sneaker reviews
https://www.youtube.com/channel/UCiu2ZqmAwYFd_EfS7p_v7fg/,Gallery Haai,2245,511981,,,,,sneaker reviews
https://www.youtube.com/channel/UCO6FVut5jsM1m380UM4iqvA/,Steve Natto Sneaker Reviews,2138,532180,,https://twitter.com/stevenatto,,https://www.instagram.com/stevenatto/,sneaker reviews
https://www.youtube.com/channel/UCVmh9IVdqwFWCljxpS1ScCw/,SneakerTalk365,12198,490356,,,,,sneaker reviews
