ChannelUrl,Name,Subscribers,Views,Email,Twitter,Facebook,Instagram,email_get_from
"https://www.youtube.com/channel/UC_RkluqFBA8hKxmT1Axp1_g/","Brad Hall","364263","29088496","bradhallshoes@gmail.com","https://twitter.com/bradhall_shoes","https://www.facebook.com/Brad-Hall-563251690506222/","https://instagram.com/bradhall_shoes/","sneaker reviews"
"https://www.youtube.com/channel/UC_3SOr7XbdSrSAAPgR5OpvQ/","SneakerheadPat Reviews","13910","2343085","Sneakerheadpat@gmail.com","","","","sneaker reviews"
"https://www.youtube.com/channel/UC4pSx1evT620J3yhoFTfDHg/","ICOLLECTKICKS SNEAKER REVIEWS","2217","410324","robertjackson.jackson@gmail.com","https://twitter.com/ICOLLECTKICKS","","http://instagram.com/icollectkicks#","sneaker reviews"
"https://www.youtube.com/channel/UCSTaLwqO70tmxca63fcUlDg/","Kia's Sneaker Reviews","105","7382","","","","","sneaker reviews"
"https://www.youtube.com/channel/UC-VzOfWO48Yw-i2pzzbXfSA/","SneakerFiles.com","105348","16663286","info@sneakerfiles.com","http://twitter.com/sneakerfiles","http://www.facebook.com/sneakerfiles.sneakerfiles","http://instagram.com/sneakerfiles","sneaker reviews"
"https://www.youtube.com/channel/UCItU3uqDwN_80MqYi9fDGbQ/","SR4U Sneaker Reviews","28788","3262438","soccerreviewsforyou@gmail.com","https://twitter.com/soccerreviews4u","http://www.facebook.com/pages/Soccer-Reviews-For-You/218571158186808","http://instagram.com/vujojosh/","sneaker reviews"
"https://www.youtube.com/channel/UCQxawikQXBjxKj0-ZX-UQYA/","Rep Sneaker Reviews","159","43895","","","","","sneaker reviews"
"https://www.youtube.com/channel/UCgtHJiyE6ZwaJO65tdudDfw/","Seth Fowler","499262","78184782","Business@SethFowlerMedia.com","https://twitter.com/realsethfowler","","https://www.instagram.com/realsethfowler/","sneaker reviews"
"https://www.youtube.com/channel/UCnxGkOGNMqQEUMvroOWps6Q/","JRE Clips","2857465","1565818895","","","","","sneaker reviews"
"https://www.youtube.com/channel/UCWaeXdUUdCN7vl6E-sNJ3Ig/","Gabby Scheyen","305087","31395210","","https://twitter.com/gabbyschey","","https://www.instagram.com/gabbyschey/","sneaker reviews"
"https://www.youtube.com/channel/UCbMIlFcK38N-2VJUoi4yYcA/","Luey G","754","144421","","","","","sneaker reviews"
"https://www.youtube.com/channel/UCLkh8oi0KAnClK7IfZmET8A/","AnotherPair","16005","1573900","anotherpairbusiness@gmail.com","https://twitter.com/anotherpair_","","https://instagram.com/anotherpair_/","sneaker reviews"
"https://www.youtube.com/channel/UCj9su263SoUrkAzaF4bZAFw/","Casa Station","898","263559","CASA.STATION@GMAIL.COM","/redirect?redir_token=2SBbUKa_ZnKGDSDpU1rBDPYAxVB8MTU2NzI2NTEyMEAxNTY3MTc4NzIw&q=https%3A%2F%2Ftwitter.com&event=channel_description","/redirect?redir_token=2SBbUKa_ZnKGDSDpU1rBDPYAxVB8MTU2NzI2NTEyMEAxNTY3MTc4NzIw&q=https%3A%2F%2Fwww.facebook.com%2Fcasastation.usa%2F&event=channel_description","/redirect?redir_token=2SBbUKa_ZnKGDSDpU1rBDPYAxVB8MTU2NzI2NTEyMEAxNTY3MTc4NzIw&q=https%3A%2F%2Fwww.instagram.com%2Fcasa.station%2F%3Fhl%3Den&event=channel_description","sneaker reviews"
"https://www.youtube.com/channel/UCdw23eHSSKghXMZZlGEzEVg/","Zane's Sneaker Cleaning","3865","1196944","","","","","sneaker reviews"
"https://www.youtube.com/channel/UCEQaIfwhtM-jLr2IpZVIlxw/","210 Got Kickz","1852","234101","210gotkickz@gmail.com","https://twitter.com/210Gotkickz","","","sneaker reviews"
"https://www.youtube.com/channel/UCPhyA9zzFd0GFI3w5a3pyuA/","Anthony Levine","15140","4878257","tdiamantes01@gmail.com","https://twitter.com/tonydiamondstdc","https://www.facebook.com/allaboutanthonyblog/","https://instagram.com/verse001/","sneaker reviews"
"https://www.youtube.com/channel/UCIvdC_S0XOMl2QyBslsP7PQ/","Air Trafficking","","482219","AirTraffickingSales@gmail.com","https://twitter.com/Air_TrafficKing","https://www.facebook.com/pages/Air-Trafficking/827580320689424","https://instagram.com/air_trafficking/","sneaker reviews"
"https://www.youtube.com/channel/UC0YC4odP4cbUbWmK8UqKj2g/","Laced Sneakers","2500","419146","lacedsneakersco@gmail.com","","","","sneaker reviews"
"https://www.youtube.com/channel/UCUU3lMXc6iDrQw4eZen8COQ/","Soccer Reviews For You","628467","195390632","soccerreviewsforyou@gmail.com","https://twitter.com/soccerreviews4u","https://www.facebook.com/pages/Soccer-Reviews-For-You/218571158186808","http://instagram.com/sr4u_josh/","sneaker reviews"
"https://www.youtube.com/channel/UCZ9l_6_f0PWRYXN5Y7Lcl2A/","Jacques Slade","","167600638","jacqueskustoo@gmail.com","","","","sneaker reviews"
"https://www.youtube.com/channel/UC3AKSkkXN9qFgFMmp5cYKkw/","CjCityTv","42275","4676601","cjcitytv@gmail.com","","","https://www.instagram.com/rappercjcity/","sneaker reviews"
"https://www.youtube.com/channel/UCtZjNyy3-sK_InKZ11mxwsg/","DREAMTVSTUDIOS","33430","11335970","","/redirect?redir_token=6kuvrIp8mLGhsHzM9a142nVYJN18MTU2NzI2NTEzMEAxNTY3MTc4NzMw&q=https%3A%2F%2Ftwitter.com%2FBsVirtualWorld&event=channel_description","/redirect?redir_token=6kuvrIp8mLGhsHzM9a142nVYJN18MTU2NzI2NTEzMEAxNTY3MTc4NzMw&q=http%3A%2F%2Fwww.facebook.com%2Fdreamtvstudios&event=channel_description","http://www.instagram.com/dreamtvstudios","sneaker reviews"
"https://www.youtube.com/channel/UCGvj4E8Ivzeo1YI4ajR9vng/","SneakerHeadInTheBay","528323","60515258","bayrestorations@gmail.com","http://www.twitter.com/bayareashoehead","http://www.facebook.com/sneakerheadinthebay","http://instagram.com/sneakerheadinthebay","sneaker reviews"
"https://www.youtube.com/channel/UC2K_O4jYAqwDvDUCdOBm_Wg/","June Be","0","324","","","","","sneaker reviews"
"https://www.youtube.com/channel/UCl0oefBbDK_1zSiKTmXFtzA/","Sneaker Enthusiast","57","","","","","","sneaker reviews"
"https://www.youtube.com/channel/UCpXpxgvJ2Eujjv7dhQb1opQ/","King Kasey 23","118","7441","","","","","sneaker reviews"
"https://www.youtube.com/channel/UCCeLzBn8em0i8zrhx_j7DIw/","Sneaker Reviews","","1299","","","","","sneaker reviews"
"https://www.youtube.com/channel/UCncnlRN31ckfiS10EsPHPfg/","Hoop And Life","333596","61768331","hoopandlife@gmail.com","","","","sneaker reviews"
"https://www.youtube.com/channel/UC9IfI2AnxSCgVNqF3-GhypA/","Grantbrady-lopez","14427","2281752","","","","","sneaker reviews"
"https://www.youtube.com/channel/UC5ucrX7vprjnrgE9JosoGtQ/","Five Minute Sneaker TV","2167","148524","","","","","sneaker reviews"
"https://www.youtube.com/channel/UCJB93GzXj68MBgG7bL5SRnA/","Picsoleated","22354","4699515","","","","","sneaker reviews"
"https://www.youtube.com/channel/UCmUzgEBD9EsEwte9qtnRcXg/","Kasey Rayton","264646","20141297","kasey@maxconnectors.com.au","https://twitter.com/kaseyrayton","","https://instagram.com/kaseyrayton/","sneaker reviews"
"https://www.youtube.com/channel/UCORFQgT1_pwTb4TSJlVVHQQ/","1K - byDeez","2383","195491","1kDeezy@gmail.com","","","","sneaker reviews"
"https://www.youtube.com/channel/UCYOXcIfqiSUd4J75guOKnog/","Roszko","21776","3218849","aaronroszkowicz@gmail.com","","","https://www.instagram.com/roszko_72/","sneaker reviews"
"https://www.youtube.com/channel/UCyouEiaSkusM9hL7NIDPf3g/","iLoveMeSomeSNEAKS","214","104930","Ilovemesomesneaks@gmail.com","https://twitter.com/iLoveSomeSNEAKS","","","sneaker reviews"
"https://www.youtube.com/channel/UCePihK7DujGe1UkVgPmKabQ/","Sneakersnstreets","25497","6648489","Sneakersnstreets@gmail.com","","","www.instagram.com/sneakersnstreets","sneaker reviews"
"https://www.youtube.com/channel/UCoMThrOPk4nctc3grRfVatw/","Joseph Uson","3","","","","","","sneaker reviews"
"https://www.youtube.com/channel/UCyAEhMJhVe73nQ4GW2TxEwg/","jaysmithjordans","271","26531","browns6306@gmail.com","","","","sneaker reviews"
"https://www.youtube.com/channel/UCtlAzXElBaximUuXx7ykJ5Q/","FaceBoys Ent. H.O.O.F Set","413","211842","","https://twitter.com/FaceBoysEnt","","","sneaker reviews"
"https://www.youtube.com/channel/UC95M9-wrjToLzm8Xal1PbfQ/","cowfreekicks","663","148078","","","","","sneaker reviews"
"https://www.youtube.com/channel/UCCQC2rqOo971sqcobRk6MCg/","Mark Wood","433","56002","markwoodruns@gmail.com","","","","sneaker reviews"
"https://www.youtube.com/channel/UCB3tvyt5Lvrc_cATQdqoRsw/","M.E Entertainment","57343","10238433","SixteenBarsME@hotmail.com","","","","sneaker reviews"
"https://www.youtube.com/channel/UCzPcdviKXlWGWSfC3WoB-0A/","Shev Stax","3989","768219","","https://twitter.com/ShevStax","","https://www.instagram.com/shevstax/","sneaker reviews"
"https://www.youtube.com/channel/UC9-JxYcD5JvmcxPX5fXFlLA/","Sneakers Lover","446","85121","","","","","sneaker reviews"
"https://www.youtube.com/channel/UCda9I9qi0P1pJp1tOY1X5Rw/","ChaseNkicks","85","30480","","","","","sneaker reviews"
"https://www.youtube.com/channel/UCAKXPjZQ0D5Sc1Xi_yZkcww/","KOMOS CHANNEL","7941","1524334","breezdaking@gmail.com","","","","sneaker reviews"
"https://www.youtube.com/channel/UC-dVIhIMgtLlgIvM7Q3gYMA/","Brose Files","4420","595564","brosefiles@gmail.com","","","","sneaker reviews"
"https://www.youtube.com/channel/UCYXfXN-OS50hfApDysMMd4g/","THE COLLECTS","4604","486760","","","","","sneaker reviews"
"https://www.youtube.com/channel/UC_rkR4ponvfPmAmVn-iWgBg/","Sneaker reviews Sneakerheaf","3","39","","","","","sneaker reviews"
"https://www.youtube.com/channel/UC8VG5KN9bxqRiJmniLIi42g/","Sneakerologist 023","1049","285162","","","","","sneaker reviews"
"https://www.youtube.com/channel/UCyPtoH--hTekOoCPTpz-VqQ/","I’m a Subscription box Addict","336","3406","","","","","sneaker reviews"
"https://www.youtube.com/channel/UCfFwG-FxqXrIEZCsCHaTgeg/","YOUNGEXBOOM","4","12","","","","","sneaker reviews"
"https://www.youtube.com/channel/UCm1zOpU3hsdcwSwDTT_vSsQ/","YoManAlberto","3965","1143370","","","","","sneaker reviews"
"https://www.youtube.com/channel/UCM0PBMmKZpGre91FjxBkXPw/","King Of Kicks","52","8405","","","","","sneaker reviews"
"https://www.youtube.com/channel/UCg7AiS4FXGC2VACkPj_3XxQ/","Shoemanati","8907","1487728","ShoemanatiShow@gmail.com","","","","sneaker reviews"
"https://www.youtube.com/channel/UCNIl-fwFdGbJ9S91sbJLsnQ/","Allen Bros.","58","3408","allenbroskicks@gmail.com","","","","sneaker reviews"
"https://www.youtube.com/channel/UC1SrYFm0xzTU0RNdxczBoAQ/","Sneaker Reviews 2016","64","5517","","","","","sneaker reviews"
"https://www.youtube.com/channel/UCSggldtWR0i_iFce0V1ExvQ/","OverTheRated","8","4024","","","","","sneaker reviews"
"https://www.youtube.com/channel/UCAZ0yQWVYSL64EXD5_QxjTQ/","Sneaker Plug","","41711","","","","","sneaker reviews"
"https://www.youtube.com/channel/UCfb5jLrgmnQz8IUxHU--8OA/","HEAT Ledger","40833","6834901","heatledgerkicks@gmail.com","https://twitter.com/HeatLedgerKicks","https://www.facebook.com/Heat-Ledger-1050543758298236/timeline/","http://instagram.com/thomaswadewest/","sneaker reviews"
"https://www.youtube.com/channel/UCw826NBmzNQhTuwpcj9zimw/","Schmidty's Network","232","21936","","","","","sneaker reviews"
"https://www.youtube.com/channel/UCepw5ny0ZT_pCFY1OcBqMpg/","Kydoo _","27","3583","","","","","sneaker reviews"
"https://www.youtube.com/channel/UC_U867URnnPs17h7glnUopg/","sneaker vibes","61","23705","","","","","sneaker reviews"
"https://www.youtube.com/channel/UC0i94nZxUqRcFM-Yjyxiapg/","Boost B.K","7","429","","","","","sneaker reviews"
"https://www.youtube.com/channel/UC6pn3W6SsuIRQ8TLe3TG-8w/","Johnny J'z","209","3617","","","","","sneaker reviews"
"https://www.youtube.com/channel/UCBaJftTKH1fxIqKCFdeJRKw/","Tiger Lynn","26295","17341316","","","","","sneaker reviews"
"https://www.youtube.com/channel/UC9yBR-97uCub78ih0QXVb_g/","Stone Cold Kicks","6512","622649","stonecoldkicks2017@gmail.com","","","","sneaker reviews"
"https://www.youtube.com/channel/UC8dHkrkKNKvG2y8SxkMdtJA/","Pizzthesneaker head","7","","","","","","sneaker reviews"
"https://www.youtube.com/channel/UCYeQhkcRq-_oMa6VLiN9j-g/","SneakerheadinthebayVlogs","173419","14905333","bayrestorations@gmail.com","http://www.twitter.com/bayareashoehead","","http://www.instagram.com/sneakerheadinthebay","sneaker reviews"
"https://www.youtube.com/channel/UCIFEMIIhQEm3Z9yw0G4n4pQ/","Kevin Preem","39","4625","","","","","sneaker reviews"
"https://www.youtube.com/channel/UCo44inc4e4hvEaa1U5HpRqg/","SneakerTalk","306648","39707863","","https://twitter.com/sneakertalkca","/redirect?q=https%3A%2F%2Fwww.facebook.com%2FsneakertalkCA%2F&redir_token=mges4furj5e4BKXTxmGaOmr6_BF8MTU2NzI2NTE2OUAxNTY3MTc4NzY5&event=channel_description","http://instagram.com/sneakertalkca","sneaker reviews"
"https://www.youtube.com/channel/UCIvx9dyhYhUfU7VRYBLLyyA/","First in Sneakers","17","819","","","","","sneaker reviews"
"https://www.youtube.com/channel/UC9djGUiy0ahzj91NanM4i8g/","Laced Up Grace","716","85093","","http://Twitter.com/LacedUpGrace","","http://instagram.com/lacedupgrace","sneaker reviews"
"https://www.youtube.com/channel/UCRC0jWHw7kf2w8OzIkqAymw/","Noliimitchris _","87","433","","","","","sneaker reviews"
"https://www.youtube.com/channel/UClYIdW2TwaeZKalWYBftjDQ/","AirBennett23","76","19429","","","","","sneaker reviews"
"https://www.youtube.com/channel/UClE0HxdATe1ltSGc2b3iyPA/","Sneaker Sensei","175","51178","ssenseibusiness@gmail.com","","","","sneaker reviews"
"https://www.youtube.com/channel/UCJ0y3YmL-RsinwQ3Z0BOdmw/","kickonfiress com","","75613","sneakeronfires18@gmail.com","","","","sneaker reviews"
"https://www.youtube.com/channel/UCUuqriQ4CgXKLeFRxzXJ8kA/","The Shoe- Ru","37","13083","","","","","sneaker reviews"
"https://www.youtube.com/channel/UC_qTBhir2r-gfe_0NvBzWzg/","Ryan The HypeBeast","27","630","","","","","sneaker reviews"
"https://www.youtube.com/channel/UCQYnSAnKJo1cH52-g8mRoxw/","Supreme Savage","321","131764","","","","","sneaker reviews"
"https://www.youtube.com/channel/UC2amzjYPwVG1CfKpj4-iPbw/","Wasically","1915","309805","","https://twitter.com/collegeboytrey","","https://www.instagram.com/collegeboytrey/","sneaker reviews"
"https://www.youtube.com/channel/UCp0s5NktPM3MArQ6LuAC0uA/","Rondew","210","124633","","","","","sneaker reviews"
"https://www.youtube.com/channel/UCzzR-qKWyQtxDNWCSW69kjw/","Sneaker Geeks","55","15206","","","","","sneaker reviews"
"https://www.youtube.com/channel/UCctz2BxspDzr9yrDJ_OugDA/","ColinKicks","33765","5146778","","","","","sneaker reviews"
"https://www.youtube.com/channel/UC3QuBtUtQ5kleBg-jiVyxdQ/","CleanLyrics","5255","3461670","","","","","sneaker reviews"
"https://www.youtube.com/channel/UCB6p3wgVRMQ7G0PudSM2gqA/","yathan01","11246","6731293","","","","","sneaker reviews"
"https://www.youtube.com/channel/UCKQfPIOAC2KM0cJRmU8ssrg/","DOPELUCK!","7076","807004","Wascar.13@gmail.com","","https://www.facebook.com/pages/Dopeluck/1442148732718894","http://instagram.com/Dopeluck","sneaker reviews"
"https://www.youtube.com/channel/UCnWXFfTeR2mU24PAwdnRx8A/","1 Million subscribers with no videos challenge","781","4857","","","","","sneaker reviews"
"https://www.youtube.com/channel/UCHvRQOczjhJZNoulyk5casg/","tokyzm","23","36558","","","","","sneaker reviews"
"https://www.youtube.com/channel/UCviDkjMehtQEfVydImHwmew/","KiNGJiT","20","","","","","","sneaker reviews"
"https://www.youtube.com/channel/UCSK3zJycFAl9TX5MAZvRjdw/","LeafyGreens","65","3405","","https://twitter.com/LeafyGreensYT","","https://www.instagram.com/leafygreensyt/?hl=en","sneaker reviews"
"https://www.youtube.com/channel/UC2SPBRixDBY1rjWcmhm7Rpw/","PAIN82","1264","16353","","","","","sneaker reviews"
"https://www.youtube.com/channel/UCouHjq31NywQt3DoXolzQWA/","Hated Crew","494","65936","","","","","sneaker reviews"
"https://www.youtube.com/channel/UCrlAX6CrFeL_yyLKl0ItKOA/","London Beltre","113","16538","craftingslayertv@gmail.com","","","","sneaker reviews"
"https://www.youtube.com/channel/UCeL9M0xrLzN2-Tkqj-oCPQg/","Trung Vuong","1851","603464","TrungLKNG@gmail.com","","","","sneaker reviews"
"https://www.youtube.com/channel/UC1tBARwDWeya30ITnp-gi1w/","Diecast Direct","839","241663","","","","","sneaker reviews"
"https://www.youtube.com/channel/UCj7bcFXRskxkJXlk_oEUfpA/","Tidemall K","25","14438","tidemall@hotmail.com","","","","sneaker reviews"
"https://www.youtube.com/channel/UCa18hHcl4IG6_eAPYZaKaHQ/","redfeather Gotti313","249","","","","","","sneaker reviews"
"https://www.youtube.com/channel/UC9pw7vEUK3eaQ81Vv0O7zXA/","Zar's Variety Channel","2907","7960387","zarfilms2007@gmail.com","","","","sneaker reviews"
"https://www.youtube.com/channel/UCXSuSxx05WFsgwD_3HyQI3w/","RJ Montero","","4402","","","","","sneaker reviews"
"https://www.youtube.com/channel/UCGMXDAJOm3nqgsDpLnRwToA/","JAYZ TV","559","902","","","","","sneaker reviews"
"https://www.youtube.com/channel/UCeAeDevTy3wMitdiJaVNYPw/","mrnikesb6","11177","1445664","","https://twitter.com/mrnikesb6","","http://instagram.com/mrnikesb6","sneaker reviews"
"https://www.youtube.com/channel/UC0OQrJMvczEXQznRt7jGKdA/","Crayonaline","69","5573","","","","","sneaker reviews"
"https://www.youtube.com/channel/UC8Rr0HCjs5dzXqT2MIu9FoA/","Sartorius Tube","6072","332598","","","","","sneaker reviews"
"https://www.youtube.com/channel/UCoP88uoEnoa2xU701LBADKg/","Acesswizzle 1998","0","164","","","","","sneaker reviews"
"https://www.youtube.com/channel/UCVCtE7Jmsu5afDppLPrM1Og/","Erkies","267","303607","info@erkies.com","","","","sneaker reviews"
"https://www.youtube.com/channel/UCjGRk984j8yA0-50qpCy6Iw/","Jeffry Hargrave","1488","","jhargravej@gmail.com","","","","sneaker reviews"
"https://www.youtube.com/channel/UCWxHJTe9b0D10xtknyg_tuw/","Closet Crashers","81","10845","closetcrashers1@gmail.com","","","","sneaker reviews"
"https://www.youtube.com/channel/UCaDHoPfGnxIE-1_wBUxg3YQ/","Lisa Ma Mayweather","559","638990","","","","","sneaker reviews"
"https://www.youtube.com/channel/UCPrlRwxcSHBD-fHeWWWOxcw/","chi-town kicks","82","50104","","","","","sneaker reviews"
"https://www.youtube.com/channel/UCUm64uxgIFE_xbOyIvtsGdQ/","Rosario Lagat","261","3132","","","","","sneaker reviews"
"https://www.youtube.com/channel/UCN8OxuBrKg6YJ-Kv4UB5Hjg/","Keith Adam","129163","8996910","keithadam.official@gmail.com","https://twitter.com/KeithAdam10","","https://www.instagram.com/keith_adam_/","sneaker reviews"
"https://www.youtube.com/channel/UCalMGIuQuq1sWVb1ND4elzA/","Impressive Kickz","906","162244","","","","","sneaker reviews"
"https://www.youtube.com/channel/UCeClI15-2VS9_4eTqung9bA/","Keenan Joshua","221","10641","","https://twitter.com/Kee_Check","","https://www.instagram.com/keenan_rmr/","sneaker reviews"
"https://www.youtube.com/channel/UCNqf0_W_hqoG2mQeCoqKGCA/","BAraCk OsamA","183","54554","","","","","sneaker reviews"
"https://www.youtube.com/channel/UCUIr3rzOcZmIjSQ2Gh6Ljfg/","Breakdance Decoded","25516","1750290","breakdancedecoded@gmail.com","","https://www.facebook.com/breakdancedecoded/","","sneaker reviews"
"https://www.youtube.com/channel/UCBkL03Y0hIZAsv3rWyrSCtw/","The Kavalier","85010","11613198","info@thekavalier.net","https://twitter.com/the_kavalier","","https://instagram.com/the_kavalier/","sneaker reviews"
"https://www.youtube.com/channel/UCC9CkEbGde7BUmgzOF334pg/","Sam Alxr","142359","13341633","","","","","sneaker reviews"
"https://www.youtube.com/channel/UC1_ffldNytLn_oWDWu4yGng/","UNMADE HUMAN","41","1357","","","","","sneaker reviews"
"https://www.youtube.com/channel/UCRYyUDCXUmgnIWKhPQeljNA/","Best Shoes Online","765","188168","amindulal1@gmail.com","https://twitter.com/bestshoesonlin","","","sneaker reviews"
"https://www.youtube.com/channel/UCJXWKorUnYMFu1V4KJawZiA/","i review it","1486","232694","","","","","sneaker reviews"
"https://www.youtube.com/channel/UC2TzYTWHJ91H7XszRGpiH-g/","mixedhypebeast vids","1841","153165","","","","","sneaker reviews"
"https://www.youtube.com/channel/UCUEtw1ARYzOSYruiadV_eBA/","G&G TV","396","53531","gandg.teevee@gmail.com","","","","sneaker reviews"
"https://www.youtube.com/channel/UCXpf9NSaTEHVmPZjwneA-9w/","Flooor","130","120","","","","","sneaker reviews"
"https://www.youtube.com/channel/UCRuaETBlOx0PdGyGFbVbHvg/","Kris Bartels","766","345498","bartels.kris@gmail.com","http://www.twitter.com/krisbartels","https://www.facebook.com/kris.bartels.1","http://instagram.com/krisbartels","sneaker reviews"
"https://www.youtube.com/channel/UCAsioGOD9yrSXWAFFe6Kleg/","Sole Lord","5965","767167","SoleLawd@gmail.com","http://www.twitter.com/SoleLord_","","http://www.Instagram.com/SoleLord_","sneaker reviews"
"https://www.youtube.com/channel/UCvjuvYv4myRPmiDKsHhh1Ew/","DenZu","117","417","","","","","sneaker reviews"
"https://www.youtube.com/channel/UCS4muTwNH3oTyjOV3y4J7-Q/","Prynze Stylez","2163","431255","PrynzeGotKicks@gmail.com","","","","sneaker reviews"
"https://www.youtube.com/channel/UCaJ4aEEeQgH7F71MyPCeu-A/","rikki motl","3","1669","","","","","sneaker reviews"
"https://www.youtube.com/channel/UCxCNbSz6RxTWxRCBDZD7j7w/","SpecialKicks","1685","155484","SpecialKicks16@gmail.com","","","","sneaker reviews"
"https://www.youtube.com/channel/UCanitqwfZuy6ieC4EFUskwA/","Ron Reviews 2.0","1571","223185","ronfiles5@gmail.com","","","","sneaker reviews"
"https://www.youtube.com/channel/UC2orU0nBySjKX7d7t3QVXgw/","Bird Customs","554","6415","wburden77@gmail.com","https://twitter.com/WillCreator","https://www.facebook.com/Burden.william/","https://www.instagram.com/_birdcustoms","sneaker reviews"
"https://www.youtube.com/channel/UCXoOWH7qok1yXUOA4X5wpAw/","Dreaded Basket","1611","207007","","","","","sneaker reviews"
"https://www.youtube.com/channel/UCSkgNGCGltLZer9tKMbEjQA/","JyA Delgado","406","25294","","","","","sneaker reviews"
"https://www.youtube.com/channel/UCwv5xX43wnUSJDPW2sCmExA/","Camcorder Banks","247","17505","DopeHypeFresh@gmail.com","http://www.twitter.com/camcorder_banks","","http://www.instagram.com/camcorder_banks","sneaker reviews"
"https://www.youtube.com/channel/UCoabaprWPOTHMQEjF_3iZwA/","Sneakers On Feet","983","480987","","","","","sneaker reviews"
"https://www.youtube.com/channel/UC-fUXsEebCW9rVgWUTSRI_w/","Jay OvOkid","340","1515","JJfreshpolo69@gmail.com","","","","sneaker reviews"
"https://www.youtube.com/channel/UC2BsIVLzhDsN1vVtFnztHVA/","Kenjijr","289","40799","","","","","sneaker reviews"
"https://www.youtube.com/channel/UCnE3c-6NdtM5DFiRQrrSQMQ/","Bigmoneymike","297","11596","","","","","sneaker reviews"
"https://www.youtube.com/channel/UC-ynEcjZJ6TFmxDRGXQ2ExA/","Nike Air Force One - Topic","201","","","","","","sneaker reviews"
"https://www.youtube.com/channel/UCNnyiMfdarYbMqhel6uUkAw/","Lifestyles Defined Tech","5974","1391621","Lifestylesgeneral@gmail.com","http://twitter.com/lifestylesdef","https://www.facebook.com/LifestylesDefined","http://instagram.com/lifestylesdefined_tech","sneaker reviews"
"https://www.youtube.com/channel/UCQD7i3uoOnyXM4w8js_8CuQ/","DJDELZTV","4901","2486147","","http://TWITTER.COM/DJDELZ","","","sneaker reviews"
"https://www.youtube.com/channel/UCgJNIEUnpopQgQxRwQ2XczA/","Dhgate Customer Service","151","","","","","","sneaker reviews"
"https://www.youtube.com/channel/UCjUz8YpbmRRyUH8YkAfk7xw/","10BackReviews","233","84681","","","","","sneaker reviews"
"https://www.youtube.com/channel/UChw-y_3bLkMiWx-Bmf_w_Ug/","Jiggy Cruz","1826","205511","jiggycruzblog@gmail.com","","","","sneaker reviews"
"https://www.youtube.com/channel/UCL5EIzdMaeZxOVkaRhbM_6g/","Uneak Sneaks","119","4989","","","","","sneaker reviews"
"https://www.youtube.com/channel/UC9oDBIAV8T-7A52RMAuKCdA/","Pabs Money Bagz","424","182770","pabsmoneybagz@gmail.com","","","","sneaker reviews"
"https://www.youtube.com/channel/UCxe8vmTNpk5cscKt1ArXc6Q/","JhunGaux","24002","30952949","","","","","sneaker reviews"
"https://www.youtube.com/channel/UCJJTJlQkGvXd6ryvrJjjgdQ/","Solaris100","480","55258","info@solaris100.com","http://www.twitter.com/solaris100","","http://www.instagram.com/solaris100","sneaker reviews"
"https://www.youtube.com/channel/UCLhaTcemlBFWTnYm4QvCO8A/","cel2301","1279","339745","","","","","sneaker reviews"
"https://www.youtube.com/channel/UCETMtrhjKh0_Z53b7dP4BUA/","Wasp Kicks","186","155237","","","","","sneaker reviews"
"https://www.youtube.com/channel/UCJMFK5Ccdi6pkfKdNcCHxAw/","Lida Martha's","1154","139520","kanyewestshoe@gmail.com","","","","sneaker reviews"
"https://www.youtube.com/channel/UC9-czNUwS5X8rVoYgwbDbJw/","Lonewolf22406","279","100629","","","","","sneaker reviews"
"https://www.youtube.com/channel/UC_Bqtr8PeUzOSGW0K7qVu_g/","Sneaker Saints","2729","191350","","","","","sneaker reviews"
"https://www.youtube.com/channel/UCxrV3E-5EZBvcexU6INxoQQ/","Toolmapp","2339","1785661","","","https://www.facebook.com/tool.mapp","","sneaker reviews"
"https://www.youtube.com/channel/UCqG2wjSWOFCKnZAMc1RUOPg/","GEEK OF SNEAKERS","1848","301693","geekofsneak@gmail.com","https://twitter.com/geekofsneak_","","https://www.instagram.com/geekofsneak_/","sneaker reviews"
"https://www.youtube.com/channel/UCcZGnLFQkIf1KYmX5GS0qoQ/","Ochaco","365","77750","","","","","sneaker reviews"
"https://www.youtube.com/channel/UCMouaoOgexM130eSm8OX_eA/","CJ Sneakers","20973","3739950","newlifesneakers@gmail.com","https://twitter.com/cj_sneakers","","https://www.instagram.com/c.j.sneakers","sneaker reviews"
"https://www.youtube.com/channel/UCyLFbwZrTtblFFJGs1HKGIw/","Litt Ron","454","313466","","","","","sneaker reviews"
"https://www.youtube.com/channel/UCdgMwZ1r97rOObanAJ-rI6Q/","Cox Gang","1009","17282","","","","","sneaker reviews"
"https://www.youtube.com/channel/UC88kCmsOLmKXUhmQJxYIovg/","edward loviyandhi","2520","1065427","","","","","sneaker reviews"
"https://www.youtube.com/channel/UCdv8N12G9-wxSyo5tF6D13A/","Sniper J0nes","28249","2228087","ddemore11@gmail.com","","","","sneaker reviews"
"https://www.youtube.com/channel/UC3-P4KdkYhP_8Sydt9OExfA/","TDKBlackBelt10","2693","2064561","","","","","sneaker reviews"
"https://www.youtube.com/channel/UCsc4vv4Dp8igpYtmlooAUQw/","SoBasically","69","34171","","","","","sneaker reviews"
"https://www.youtube.com/channel/UCL8nEjJjOo0SiwX_Rmdf1gg/","Aldaysha Juliet","1404","109092","aldayshaj@gmail.com","https://twitter.com/aldayshajuliet","","https://www.instagram.com/aldayshajuliet/","sneaker reviews"
"https://www.youtube.com/channel/UCryMhDLpqIrViNTX8YDDELA/","Lordkicks May","29","11180","","","","","sneaker reviews"
"https://www.youtube.com/channel/UCTzqL5pQrmTuD5x7NE7-TiQ/","AA- RON","103","","","","","","sneaker reviews"
"https://www.youtube.com/channel/UCvcVwhR1BUgUGcWLLrrCAAw/","Fuzzyslippers","415","41548","","","","","sneaker reviews"
"https://www.youtube.com/channel/UCgfFTVcJTIN75B10D4HvYwA/","Official- Kisa","172","33734","","","","","sneaker reviews"
"https://www.youtube.com/channel/UCfF7aJQoS4Jk2HN6KHPA7NA/","Sneaker Grandpa","728","16396","","","","","sneaker reviews"
"https://www.youtube.com/channel/UCi1DM224GSEMqHV_7wlj5fw/","Hollinger Investments","219","27728","","","","http://instagram.com/mghfitness","sneaker reviews"
"https://www.youtube.com/channel/UCc9p9zMLW2ZDcqnuJlOc0_g/","The Carnivors","13","7204","","","","","sneaker reviews"
"https://www.youtube.com/channel/UCF69g6al6XGIWM-xNF_MlmQ/","Mo_Snkrs","30","","","","","","sneaker reviews"
"https://www.youtube.com/channel/UCuK83LhYOnlLR8T_rfMtgyw/","CodsterGames","226","61749","","","","","sneaker reviews"
"https://www.youtube.com/channel/UC0VIhkx-lgfJW9XkV90alCA/","GCKICKS","28062","3674354","gckicks.business@gmail.com","https://twitter.com/IAMGCKICKS","https://www.facebook.com/chris.gutierrez.351","https://www.instagram.com/iamgckicks/?hl=en","sneaker reviews"
"https://www.youtube.com/channel/UCPGihmYnPATzgT0ziuWoMmw/","Brett Schram","667","","","","","","sneaker reviews"
"https://www.youtube.com/channel/UCiXjKDpDj67k0xk_45xohzA/","NaveedNaheed Music","1060","11363","","","","","sneaker reviews"
"https://www.youtube.com/channel/UC7aLzT9IJASo51piJiVmw5A/","Lil Gunher","642","34672","","","","","sneaker reviews"
"https://www.youtube.com/channel/UCL5rJuqTdRjz8IF3Y2kWeXg/","HundredMillz","568","365831","","","","","sneaker reviews"
"https://www.youtube.com/channel/UC7T5Oh5Id4YSuuNNKN5g7RA/","Kev Fitz","47","400","","","","","sneaker reviews"
"https://www.youtube.com/channel/UC-ktNNXI5Vr3naC4krsOmDQ/","Raul19xx","147","35591","","","","","sneaker reviews"
"https://www.youtube.com/channel/UCM_kXVLsQ73aq2cevFgmG0g/","Ken Cheung","164","7449","","","","","sneaker reviews"
"https://www.youtube.com/channel/UC_rEXgnHkKpKdpEl9qHE3qA/","Martin Brown","71","","","","","","sneaker reviews"
"https://www.youtube.com/channel/UC-h9gKCFjZSqAVemqr1jG8g/","Kid SneakerReviews","0","112","","","","","sneaker reviews"
"https://www.youtube.com/channel/UCIJ0no_N2FOrb_Y_18zmxxQ/","dizzzizit","2698","1292248","","https://twitter.com/andyleeeee","https://www.facebook.com/andy.lee.188478","http://instagram.com/dizzzizit","sneaker reviews"
"https://www.youtube.com/channel/UC28z7yOpbhfxGKG0UmatG8w/","Spyros Theodore","843","681378","","","","","sneaker reviews"
"https://www.youtube.com/channel/UCeJ7o5Bx00CBnwMMnUqmcAA/","willnoonan","","65194","","http://twitter.com/willnoonan","http://facebook.com/willnoonancomic","http://instagram.com/willnoonanthecomedian","sneaker reviews"
"https://www.youtube.com/channel/UCfPulfFje1-4QU2hVbeoQ2g/","Matthew Volz","462","114212","","","","","sneaker reviews"
"https://www.youtube.com/channel/UCPZ53VBu5C0V1-cOhxKBamA/","The Flaming Gamer","14","1417","","","","","sneaker reviews"
"https://www.youtube.com/channel/UC3qu4NyBMp0RojDbro-mHFg/","6IX REVIEWS","22168","4136270","","","","","sneaker reviews"
"https://www.youtube.com/channel/UC34jzZLbIiQ9WtUFBLr1qdA/","BigAppleKicks","45","2659","JonathanJackson6272@gmail.com","https://twitter.com/JJtheKing14","","https://www.instagram.com/jj.jcksn/?hl=en","sneaker reviews"
"https://www.youtube.com/channel/UCc1pNbb-byd3nRBztBXrqng/","Abdul 85","4562","1034537","","","","","sneaker reviews"
"https://www.youtube.com/channel/UCo2b5QV_faZShnTFBksNZZg/","The Delzy Sisters","623","155489","hiredjdelz@gmail.com","","","","sneaker reviews"
"https://www.youtube.com/channel/UCJKiXSfjGQvYjcwxbYPySYw/","DFWsportsgnome","269","426402","","","","","sneaker reviews"
"https://www.youtube.com/channel/UCsygEe1VchcZCU4GdYInPLA/","danvincent999","797","209855","","","","","sneaker reviews"
"https://www.youtube.com/channel/UCNtqxrdlQfgXo3uteZ6wUyg/","KeySoWavy","1459","63299","","https://twitter.com/iamKB__","","https://www.instagram.com/key.sowavy/","sneaker reviews"
"https://www.youtube.com/channel/UCLA3Dw8bncNpsMfQV2QeZ6w/","TheViper 1019","1008","2379","","","","","sneaker reviews"
"https://www.youtube.com/channel/UCW7l6T4FLlDDWEA4K0ht2GQ/","SimplyMo","56","5115","","","","","sneaker reviews"
"https://www.youtube.com/channel/UCTvpKs5wiTGow4WYY5cdR8Q/","SneakerState","480","224346","","http://www.twitter.com/SneakerState","http://www.facebook.com/SneakerState","http://instagram.com/sneakerstate","sneaker reviews"
"https://www.youtube.com/channel/UC3NSSGvGmxKvuqZIaiwte3A/","Kyle Reid","252","17148","ctnj2017@gmail.com","","","","sneaker reviews"
"https://www.youtube.com/channel/UCuwhr-PiOiuwFJN3QHyLYtA/","Billion Dollar Twin","2570","750031","paladin7148@gmail.com","","","","sneaker reviews"
"https://www.youtube.com/channel/UCdSBOiVqZRLhu-jNn7NdBGQ/","Future Kicks","115","5223","","","","","sneaker reviews"
"https://www.youtube.com/channel/UCzuqCbLZOsunW9sd7CQhgfg/","CHRACK","307","121903","chrackclothing@gmail.com","https://twitter.com/_chrack_","","https://www.instagram.com/chrack_/?hl=en","sneaker reviews"
"https://www.youtube.com/channel/UClyEU1WIe8CEqJ1f0Um9PzQ/","English Sole","477","39730","drew.n.english@gmail.com","","","","sneaker reviews"
"https://www.youtube.com/channel/UCbtpay4NrDJX1ocpzE-b8eQ/","Hayden Pence","465","23879","snkrvilleva@gmail.com","https://twitter.com/ihaydenpence","","https://instagram.com/ihaydenpence/","sneaker reviews"
"https://www.youtube.com/channel/UCIWbjmESbEvw6WuGvdB_VxQ/","Justin Dearinger","103","1505100","","","","","sneaker reviews"
"https://www.youtube.com/channel/UCbnEBrzPHFmKmQ2tB2fKZHQ/","kristine grace paras","352","142984","","","","","sneaker reviews"
"https://www.youtube.com/channel/UCHbJuCBZaFXOkfH9-pA0MOA/","The Bridge TV","743","83744","thebridgejctv@gmail.com","","","","sneaker reviews"
"https://www.youtube.com/channel/UCX7CwULoyA9yYBU7mtMXzyg/","MadPen12","118","47385","","","","","sneaker reviews"
"https://www.youtube.com/channel/UCLQ1Y7r0ESlL-S3OS5L24wQ/","E46 Kris","591","148185","sneakerfamily1@gmail.com","","","","sneaker reviews"
"https://www.youtube.com/channel/UCU10ETf8gzWpWY3U9MpypMw/","859approved","537","126363","859approved@gmail.com","","","","sneaker reviews"
"https://www.youtube.com/channel/UCj-22p-IvRIHOv87WToD1fg/","AARUNDEL BKICKZ","1215","938","","","","","sneaker reviews"
"https://www.youtube.com/channel/UChe-S8TeGYXc3A6GC-xPmUw/","Voltaire Taguiba","72","2401","","","","","sneaker reviews"
"https://www.youtube.com/channel/UCoQP2uB__c4bFn1zkGtrdOA/","MGKICKS","13385","1367897","","","","","sneaker reviews"
"https://www.youtube.com/channel/UCISidUUJKSnpZemjVCIsuwA/","Teddy _Bomber","3655","722448","Jmathews086@gmail.com","https://twitter.com/Teddy__Bomber","","https://www.instagram.com/teddy_bomber/","sneaker reviews"
"https://www.youtube.com/channel/UCi5FiarrPlUw-x__wjwWygg/","SneakerholicBeez","4004","698575","sneakerholicbeez@gmail.com","https://twitter.com/sneakerholicbee","https://www.facebook.com/Sneakerholicbeez","https://www.instagram.com/sneakerholicbeez","sneaker reviews"
"https://www.youtube.com/channel/UC3ccOa6Kkw7PSKWEOzMFV1A/","Trent Capaul","0","154","","","","","sneaker reviews"
"https://www.youtube.com/channel/UC3wzLWM3ohONdgHvy0l6TzA/","deliasilber","0","7778","","","","","sneaker reviews"
"https://www.youtube.com/channel/UCs0LS0UIObnlbqL36mVHcjg/","Cispi™ ツ","702","203519","YoloHD@aol.com","","","","sneaker reviews"
"https://www.youtube.com/channel/UC8N2qum2-JSs9R0ETlKHcsQ/","jayyycee","31471","4975919","","https://twitter.com/jayyycee10","","https://www.instagram.com/jayyycee10/","sneaker reviews"
"https://www.youtube.com/channel/UCTM8NfKbrKuVXjzKBqEPheQ/","Laces Out","1266","595170","shoelagesout@gmail.com","","https://www.facebook.com/shoelacesout/","https://www.instagram.com/shoelacesout/","sneaker reviews"
"https://www.youtube.com/channel/UCvKPynEdu0FyLqYMimWg6ZA/","TheBen G","123","20099","","","","","sneaker reviews"
"https://www.youtube.com/channel/UCzGJNhEcjgYFDOlywtqj8aQ/","sneaker Cindy","","19620","vipsister1@gmail.com","","","","sneaker reviews"
"https://www.youtube.com/channel/UCjsP7LiFtpyBQHb1OC8SG3A/","JDKicks","4050","842687","contactjdkicks@gmail.com","","","","sneaker reviews"
"https://www.youtube.com/channel/UC6K7pjkKwyhcNKU1QrefiZA/","Neil Edward Diaz","180","184002","","","","","sneaker reviews"
"https://www.youtube.com/channel/UCY5GD3FgLK-I8AvYrb7ydpQ/","Courtney Chinn","323","612","","","","","sneaker reviews"
"https://www.youtube.com/channel/UCQWwQJURXDGNqemJbivv7FQ/","N _iori","21","1110","","","","","sneaker reviews"
"https://www.youtube.com/channel/UChXpdkosh_SPnilTlk0QtkQ/","Mason Alsuhaily","0","565","","","","","sneaker reviews"
,,,,,,,,
,,,,,,,,
,,,,,,,,
,,,,,,,,
,,,,,,,,
,,,,,,,,
,,,,,,,,
,,,,,,,,
,,,,,,,,
,,,,,,,,
,,,,,,,,
,,,,,,,,
,,,,,,,,
,,,,,,,,
,,,,,,,,
,,,,,,,,
,,,,,,,,
,,,,,,,,
,,,,,,,,
,,,,,,,,
,,,,,,,,
,,,,,,,,
,,,,,,,,
,,,,,,,,
,,,,,,,,
,,,,,,,,
,,,,,,,,
,,,,,,,,
,,,,,,,,
,,,,,,,,
,,,,,,,,
,,,,,,,,
,,,,,,,,
,,,,,,,,
,,,,,,,,
,,,,,,,,
,,,,,,,,
,,,,,,,,
,,,,,,,,
,,,,,,,,
,,,,,,,,
,,,,,,,,
,,,,,,,,
,,,,,,,,
,,,,,,,,
,,,,,,,,
,,,,,,,,
,,,,,,,,
,,,,,,,,
,,,,,,,,
,,,,,,,,
,,,,,,,,
,,,,,,,,
,,,,,,,,
,,,,,,,,
,,,,,,,,
,,,,,,,,
,,,,,,,,
,,,,,,,,
,,,,,,,,
,,,,,,,,
,,,,,,,,
,,,,,,,,
,,,,,,,,
,,,,,,,,
,,,,,,,,
,,,,,,,,
,,,,,,,,
,,,,,,,,
,,,,,,,,
,,,,,,,,
,,,,,,,,
,,,,,,,,
,,,,,,,,
,,,,,,,,
,,,,,,,,
,,,,,,,,
,,,,,,,,
,,,,,,,,
,,,,,,,,
,,,,,,,,
,,,,,,,,
,,,,,,,,
,,,,,,,,
,,,,,,,,
,,,,,,,,
,,,,,,,,
,,,,,,,,
,,,,,,,,
,,,,,,,,
,,,,,,,,
,,,,,,,,
,,,,,,,,
,,,,,,,,
,,,,,,,,
,,,,,,,,
,,,,,,,,
,,,,,,,,
,,,,,,,,
,,,,,,,,
,,,,,,,,
,,,,,,,,
,,,,,,,,
,,,,,,,,
,,,,,,,,
,,,,,,,,
,,,,,,,,
,,,,,,,,
,,,,,,,,
,,,,,,,,
,,,,,,,,
,,,,,,,,
,,,,,,,,
,,,,,,,,
,,,,,,,,
,,,,,,,,
,,,,,,,,
,,,,,,,,
,,,,,,,,
,,,,,,,,
,,,,,,,,
,,,,,,,,
,,,,,,,,
,,,,,,,,
,,,,,,,,
,,,,,,,,
,,,,,,,,
,,,,,,,,
,,,,,,,,
,,,,,,,,
,,,,,,,,
,,,,,,,,
,,,,,,,,
,,,,,,,,
,,,,,,,,
,,,,,,,,
,,,,,,,,
,,,,,,,,
,,,,,,,,
,,,,,,,,
,,,,,,,,
,,,,,,,,
,,,,,,,,
,,,,,,,,
,,,,,,,,
,,,,,,,,
,,,,,,,,
,,,,,,,,
,,,,,,,,
,,,,,,,,
,,,,,,,,
,,,,,,,,
,,,,,,,,
,,,,,,,,
,,,,,,,,
,,,,,,,,
,,,,,,,,
,,,,,,,,
,,,,,,,,
,,,,,,,,
,,,,,,,,
,,,,,,,,
,,,,,,,,
,,,,,,,,
,,,,,,,,
,,,,,,,,
,,,,,,,,
,,,,,,,,
,,,,,,,,
,,,,,,,,
,,,,,,,,
,,,,,,,,
,,,,,,,,
,,,,,,,,
,,,,,,,,
,,,,,,,,
,,,,,,,,
,,,,,,,,
,,,,,,,,
,,,,,,,,
,,,,,,,,
,,,,,,,,
,,,,,,,,
,,,,,,,,
,,,,,,,,
,,,,,,,,
,,,,,,,,
,,,,,,,,
,,,,,,,,
,,,,,,,,
,,,,,,,,
,,,,,,,,
,,,,,,,,
,,,,,,,,
,,,,,,,,
,,,,,,,,
,,,,,,,,
,,,,,,,,
,,,,,,,,
,,,,,,,,
,,,,,,,,
,,,,,,,,
,,,,,,,,
,,,,,,,,
,,,,,,,,
,,,,,,,,
,,,,,,,,
,,,,,,,,
,,,,,,,,
,,,,,,,,
,,,,,,,,
,,,,,,,,
,,,,,,,,
,,,,,,,,
,,,,,,,,
,,,,,,,,
,,,,,,,,
,,,,,,,,
,,,,,,,,
,,,,,,,,
,,,,,,,,
,,,,,,,,
,,,,,,,,
,,,,,,,,
,,,,,,,,
,,,,,,,,
,,,,,,,,
,,,,,,,,
,,,,,,,,
,,,,,,,,
,,,,,,,,
,,,,,,,,
,,,,,,,,
,,,,,,,,
,,,,,,,,
,,,,,,,,
,,,,,,,,
,,,,,,,,
,,,,,,,,
,,,,,,,,
,,,,,,,,
,,,,,,,,
,,,,,,,,
,,,,,,,,
,,,,,,,,
,,,,,,,,
,,,,,,,,
,,,,,,,,
,,,,,,,,
,,,,,,,,
,,,,,,,,
,,,,,,,,
,,,,,,,,
,,,,,,,,
,,,,,,,,
,,,,,,,,
,,,,,,,,
,,,,,,,,
,,,,,,,,
,,,,,,,,
,,,,,,,,
,,,,,,,,
,,,,,,,,
,,,,,,,,
,,,,,,,,
,,,,,,,,
,,,,,,,,
,,,,,,,,
,,,,,,,,
,,,,,,,,
,,,,,,,,
,,,,,,,,
,,,,,,,,
,,,,,,,,
,,,,,,,,
,,,,,,,,
,,,,,,,,
,,,,,,,,
,,,,,,,,
,,,,,,,,
,,,,,,,,
,,,,,,,,
,,,,,,,,
,,,,,,,,
,,,,,,,,
,,,,,,,,
,,,,,,,,
,,,,,,,,
,,,,,,,,
,,,,,,,,
,,,,,,,,
,,,,,,,,
,,,,,,,,
,,,,,,,,
,,,,,,,,
,,,,,,,,
,,,,,,,,
,,,,,,,,
,,,,,,,,
,,,,,,,,
,,,,,,,,
,,,,,,,,
,,,,,,,,
,,,,,,,,
,,,,,,,,
,,,,,,,,
,,,,,,,,
,,,,,,,,
,,,,,,,,
,,,,,,,,
,,,,,,,,
,,,,,,,,
,,,,,,,,
,,,,,,,,
,,,,,,,,
,,,,,,,,
,,,,,,,,
,,,,,,,,
,,,,,,,,
,,,,,,,,
,,,,,,,,
,,,,,,,,
,,,,,,,,
,,,,,,,,
,,,,,,,,
,,,,,,,,
,,,,,,,,
,,,,,,,,
,,,,,,,,
,,,,,,,,
,,,,,,,,
,,,,,,,,
,,,,,,,,
,,,,,,,,
,,,,,,,,
,,,,,,,,
,,,,,,,,
,,,,,,,,
,,,,,,,,
,,,,,,,,
,,,,,,,,
,,,,,,,,
,,,,,,,,
,,,,,,,,
,,,,,,,,
,,,,,,,,
,,,,,,,,
,,,,,,,,
,,,,,,,,
,,,,,,,,
,,,,,,,,
,,,,,,,,
,,,,,,,,
,,,,,,,,
,,,,,,,,
,,,,,,,,
,,,,,,,,
,,,,,,,,
,,,,,,,,
,,,,,,,,
,,,,,,,,
,,,,,,,,
,,,,,,,,
,,,,,,,,
,,,,,,,,
,,,,,,,,
,,,,,,,,
,,,,,,,,
,,,,,,,,
,,,,,,,,
,,,,,,,,
,,,,,,,,
,,,,,,,,
,,,,,,,,
,,,,,,,,
,,,,,,,,
,,,,,,,,
,,,,,,,,
,,,,,,,,
,,,,,,,,
,,,,,,,,
,,,,,,,,
,,,,,,,,
,,,,,,,,
,,,,,,,,
,,,,,,,,
,,,,,,,,
,,,,,,,,
,,,,,,,,
,,,,,,,,
,,,,,,,,
,,,,,,,,
,,,,,,,,
,,,,,,,,
,,,,,,,,
,,,,,,,,
,,,,,,,,
,,,,,,,,
,,,,,,,,
,,,,,,,,
,,,,,,,,
,,,,,,,,
,,,,,,,,
,,,,,,,,
,,,,,,,,
,,,,,,,,
,,,,,,,,
,,,,,,,,
,,,,,,,,
,,,,,,,,
,,,,,,,,
,,,,,,,,
,,,,,,,,
,,,,,,,,
,,,,,,,,
,,,,,,,,
,,,,,,,,
,,,,,,,,
,,,,,,,,
,,,,,,,,
,,,,,,,,
,,,,,,,,
,,,,,,,,
,,,,,,,,
,,,,,,,,
,,,,,,,,
,,,,,,,,
,,,,,,,,
,,,,,,,,
,,,,,,,,
,,,,,,,,
,,,,,,,,
,,,,,,,,
,,,,,,,,
,,,,,,,,
,,,,,,,,
,,,,,,,,
,,,,,,,,
,,,,,,,,
,,,,,,,,
,,,,,,,,
,,,,,,,,
,,,,,,,,
,,,,,,,,
,,,,,,,,
,,,,,,,,
,,,,,,,,
,,,,,,,,
,,,,,,,,
,,,,,,,,
,,,,,,,,
,,,,,,,,
,,,,,,,,
,,,,,,,,
,,,,,,,,
,,,,,,,,
,,,,,,,,
,,,,,,,,
,,,,,,,,
,,,,,,,,
,,,,,,,,
,,,,,,,,
,,,,,,,,
,,,,,,,,
,,,,,,,,
,,,,,,,,
,,,,,,,,
,,,,,,,,
,,,,,,,,
,,,,,,,,
,,,,,,,,
,,,,,,,,
,,,,,,,,
,,,,,,,,
,,,,,,,,
,,,,,,,,
,,,,,,,,
,,,,,,,,
,,,,,,,,
,,,,,,,,
,,,,,,,,
,,,,,,,,
,,,,,,,,
,,,,,,,,
,,,,,,,,
,,,,,,,,
,,,,,,,,
,,,,,,,,
,,,,,,,,
,,,,,,,,
,,,,,,,,
,,,,,,,,
,,,,,,,,
,,,,,,,,
,,,,,,,,
,,,,,,,,
,,,,,,,,
,,,,,,,,
,,,,,,,,
,,,,,,,,
,,,,,,,,
,,,,,,,,
,,,,,,,,
,,,,,,,,
,,,,,,,,
,,,,,,,,
,,,,,,,,
