url,name,subscribers,views,email,Twitter,Facebook,Instagram,search_keyword
https://www.youtube.com/channel/UC5b05foL_cpyxTpDzithwNw/,TheLifeOfCashK,186626,11227182,,,,https://www.instagram.com/thelifeofcashk/,sneaker unboxing
https://www.youtube.com/channel/UCG8rbF3g2AMX70yOd8vqIZg/,Logan Paul Vlogs,19761435,4637073514,,https://twitter.com/loganpaul,https://www.facebook.com/LoganPaul/,,sneaker unboxing
https://www.youtube.com/channel/UCgtHJiyE6ZwaJO65tdudDfw/,Seth Fowler,499262,78184782,,https://twitter.com/realsethfowler,,https://www.instagram.com/realsethfowler/,sneaker unboxing
https://www.youtube.com/channel/UCM0KH1YTAODX3S1asm3wx1A/,SC00P2O8,344649,96139362,,https://twitter.com/SCOOP208,,http://instagram.com/scoop208,sneaker unboxing
https://www.youtube.com/channel/UCTdE6TSKplVJQ3j-qbX3JYg/,Sneaker News,183545,25991092,,,,,sneaker unboxing
https://www.youtube.com/channel/UC7V18bBk4EGwmxf114i1w6Q/,BOTTER BOY NOVA,55532,3514828,,https://twitter.com/BotterBoyNova,,https://www.instagram.com/botterboynova/,sneaker unboxing
https://www.youtube.com/channel/UCMouaoOgexM130eSm8OX_eA/,CJ Sneakers,20973,3739950,,https://twitter.com/cj_sneakers,,https://www.instagram.com/c.j.sneakers,sneaker unboxing
https://www.youtube.com/channel/UCZ9l_6_f0PWRYXN5Y7Lcl2A/,Jacques Slade,,167600638,,,,,sneaker unboxing
https://www.youtube.com/channel/UCtxmJNeRRAp0TqZcTpgiJqQ/,QrewKicks,534746,52364564,,https://twitter.com/QiasOmar,,https://instagram.com/qiasomar/,sneaker unboxing
https://www.youtube.com/channel/UChgdkL9Pcj9ODOQ5VDFekLg/,ToNYD2WiLD,597178,75906956,,http://www.twitter.com/tonyd2wild,,https://instagram.com/tonyd2wild/,sneaker unboxing
https://www.youtube.com/channel/UC4RZOucMVzeT8kHl6J5DmHw/,SkizzySG,192,22714,,https://twitter.com/Official_RiZiN?lang=en,,https://www.instagram.com/rizin_sg18/?hl=en,sneaker unboxing
https://www.youtube.com/channel/UC4Rr0bNviQhqG41aIG_HJJw/,Hes Kicks,470354,111550378,,http://www.twitter.com/heskicks,,http://www.instagram.com/heskicks,sneaker unboxing
https://www.youtube.com/channel/UCizrhpoal47TutYfGEx5Jvw/,Neemzzz,27767,4024860,,https://twitter.com/neemzzzy,,https://instagram.com/neemzzzy/,sneaker unboxing
https://www.youtube.com/channel/UCbcYT3RFe_mnXgQ6CsrcGQQ/,Mari Bandz,51383,1972474,,,,,sneaker unboxing
https://www.youtube.com/channel/UCE-HEvLu46Nt9L1wWXTQWLQ/,Sophia Sneakers,2556,108820,,,,,sneaker unboxing
https://www.youtube.com/channel/UCRnKjWT4-C24rNCW5GzSJ2Q/,McFly's Shoe Rescue,2490,108472,,,,,sneaker unboxing
https://www.youtube.com/channel/UCn_cwVJRCs-ILBsfdXByp2g/,PintOfStuff,2486,572924,,http://twitter.com/pintofstuff,,https://www.instagram.com/pintofstuff,sneaker unboxing
https://www.youtube.com/channel/UCizrhpoal47TutYfGEx5Jvw/,Neemzzz,27768,4024860,,https://twitter.com/neemzzzy,,https://instagram.com/neemzzzy/,sneaker unboxing
https://www.youtube.com/channel/UCPrXR_fGBDwZpzda5PI8Tnw/,YoAnty,150840,28878668,yoantyshop@gmail.com,http://www.twitter.com/yoanty_,,http://www.instagram.com/yoanty,sneaker unboxing
https://www.youtube.com/channel/UCgL9g1sShIgPcseyyKzhG5Q/,Gallucks,120055,10277669,,http://www.gallucks.com/,https://twitter.com/gallucks,http://instagram.com/gallucks,sneaker unboxing
https://www.youtube.com/channel/UCMeAPb5IB7HVYsccwhtTHqQ/,DBkicks,14856,484442,,https://twitter.com/DBtown24,,http://instagram.com/dbtown24/,sneaker unboxing
https://www.youtube.com/channel/UC36cfjgaoGduvefBsxC847Q/,Yeezy Busta,532984,31164793,,http://www.twitter.com/yeezybusta,https://www.facebook.com/YeezyBusta,http://www.instagram.com/yeezybusta,sneaker unboxing
https://www.youtube.com/channel/UCe5wixNtDxGWfGPxyq_wuyg/,deardom0,,144345,,,,https://www.instagram.com/deardom0/,sneaker unboxing
https://www.youtube.com/channel/UCdB9Qn0UsEHRo9E6X131Icg/,Mohamed Al Safar,3440,88808,,,,,sneaker unboxing
https://www.youtube.com/channel/UC_A-44tMynpJ7DbQs0Nw5OQ/,HootProductions,323,311253,,https://twitter.com/HootUnboxings,,,sneaker unboxing
https://www.youtube.com/channel/UCZVJp8dVGCFjaNldjJHe7ng/,Sneaker Finesse,4211,734094,,,,,sneaker unboxing
https://www.youtube.com/channel/UCBudo2BctMePK4-zQIvtSyQ/,I AM RIO P.,107438,8600050,,https://twitter.com/iam_RioP,https://www.facebook.com/iamriojaeneiro,http://instagram.com/iamriop,sneaker unboxing
https://www.youtube.com/channel/UCGvj4E8Ivzeo1YI4ajR9vng/,SneakerHeadInTheBay,528323,60515258,bayrestorations@gmail.com,http://www.twitter.com/bayareashoehead,http://www.facebook.com/sneakerheadinthebay,http://instagram.com/sneakerheadinthebay,sneaker unboxing
https://www.youtube.com/channel/UCy0PTe1Rjnrxb5Wvhro5wkg/,Untied Hawaii,169155,16752426,Bryson@Untiedhawaii.com,https://twitter.com/UntiedHawaii,,,sneaker unboxing
https://www.youtube.com/channel/UC614E4p8jdL53UgQ65AJ1Kg/,Senzura,9441,80177,,,,,sneaker unboxing
https://www.youtube.com/channel/UCtj4eYDXB9s18OyWHCbL90g/,Shawn Badpawz,3694,397066,,http://twitter.com/BadPawz,https://www.facebook.com/TeamBadPawz,http://instagram.com/badpawz,sneaker unboxing
https://www.youtube.com/channel/UCyAEhMJhVe73nQ4GW2TxEwg/,jaysmithjordans,271,26531,,,,,sneaker unboxing
https://www.youtube.com/channel/UCo2b5QV_faZShnTFBksNZZg/,The Delzy Sisters,623,155489,,,,,sneaker unboxing
https://www.youtube.com/channel/UClONFLZyUoBeD2QRWfIth_A/,WuWuMan,3650,2124462,,,,,sneaker unboxing
https://www.youtube.com/channel/UC9wlMdKtdKLGhWZuzdfuZ2g/,Aussie Rules,18583,8266565,,,,https://www.instagram.com/afl.kids/,sneaker unboxing
https://www.youtube.com/channel/UCLOMcpsKptpYVRFjP_Zcujg/,JumperMan Kris,49967,9200239,,,,,sneaker unboxing
https://www.youtube.com/channel/UCKXhF-46E39zelMoMzygecA/,Gentleman Within,8719,727544,,http://twitter.com/thegentwithin,http://facebook.com/gentlemanwithin,http://instagram.com/thegentwithin/,sneaker unboxing
https://www.youtube.com/channel/UCvVfY0Km72TxYi5HEQmYTvg/,sneaker yeezy,56,20157,yeezysneakerkicks@gmail.com,,,,sneaker unboxing
https://www.youtube.com/channel/UCrO-KeyiwULHpDqJKUTS5sw/,SneakerSinghs,2301,97697,,,,,sneaker unboxing
https://www.youtube.com/channel/UCMWlmzYB8tgC0hj6vRRNXug/,revive sneakers,1369,659295,,,,,sneaker unboxing
https://www.youtube.com/channel/UCiTuCHPJFnROIC9WvP9Jvhw/,SneakerSyndicate317,126,2509,,,,https://www.instagram.com/317rem.saucin/,sneaker unboxing
https://www.youtube.com/channel/UCznUJk_sjNYdjsCZyaxRKUw/,Staff Kickz,5971,2163783,,https://twitter.com/staffkickz,https://www.facebook.com/staffkickz,https://www.instagram.com/staffkickz/?hl=en,sneaker unboxing
https://www.youtube.com/channel/UCE_--R1P5-kfBzHTca0dsnw/,Complex,4109750,1159662339,,https://twitter.com/Complex,https://www.facebook.com/complex,https://www.instagram.com/complex/,sneaker unboxing
https://www.youtube.com/channel/UCuWbjBMQT1DG24s8c0QQCng/,Always Vlogging,45817,6296209,,,,https://www.instagram.com/grangjeiro/,sneaker unboxing
https://www.youtube.com/channel/UCEBm0ZJOyYUKXeHltV9cjUg/,T-WARD Y.F.H.B,21226,1069806,TWARDNATL@YAHOO.COM,,,,sneaker unboxing
https://www.youtube.com/channel/UCqmeNtLYDpeCAk6-cHCn0mw/,The New Collections,3137,761072,,,,,sneaker unboxing
https://www.youtube.com/channel/UCmZ3icr8i-EFjNVRjOToTvw/,Sab Kuch Unbox,,450346,,,,,sneaker unboxing
https://www.youtube.com/channel/UCmZ4jjlnIU8IS4J-a2lImYQ/,A Sneaker Life,511688,51920732,,https://www.twitter.com/mikethecompass,,http://www.instagram.com/mikethecompass,sneaker unboxing
https://www.youtube.com/channel/UCxxWn2RNFPKccyZX4sZIYvQ/,Shooobacca Sneakerfreak,131,148205,,https://twitter.com/oOShooobaccaOo,,https://www.instagram.com/shooobacca/,sneaker unboxing
https://www.youtube.com/channel/UCyWbXxdjT3mYSP9mlSVc8Xw/,Freezma Unboxing Stuff,1625,282235,,,,,sneaker unboxing
https://www.youtube.com/channel/UCiuhXkME8UUQfKkx47Y1ASg/,allthingsphilly93,7104,297293,allthingsphilly93@gmail.com,https://twitter.com/phillysgotsole,,http://instagram.com/phillysgotsole,sneaker unboxing
https://www.youtube.com/channel/UCxzzfxfIwHRCIINIb-HDv0A/,Carl Cunard,52325,3642212,,,,https://www.instagram.com/carl_cunard/?hl=en,sneaker unboxing
https://www.youtube.com/channel/UCFkxP8hhaLeXiidGJNYlhsw/,Nbeau7,12,2111,,,,,sneaker unboxing
https://www.youtube.com/channel/UCgCrQrgkBTf_ufm-Zm9eFHQ/,GoldenNuts02,816,131257,,,,,sneaker unboxing
https://www.youtube.com/channel/UCjE5bFehFo-ON1joiNhZd5Q/,TheKidzNextDoor,950,72766,,,,,sneaker unboxing
https://www.youtube.com/channel/UC3AKSkkXN9qFgFMmp5cYKkw/,CjCityTv,42275,4676601,,,,https://www.instagram.com/rappercjcity/,sneaker unboxing
https://www.youtube.com/channel/UCSUINkpot50TZraTAM3k0Ug/,Kreek Kicks,215,103143,,https://twitter.com/danielgarnica24,,https://www.instagram.com/ovomosso/,sneaker unboxing
https://www.youtube.com/channel/UCTX6zjf3dY_UEg7QuXEFkWQ/,TAGGER - 태거,27618,3597067,,,,,sneaker unboxing
https://www.youtube.com/channel/UCT6WM_r7EFo9yCXLTEZGJXQ/,YouTube Unboxed,22945,,,,,,sneaker unboxing
https://www.youtube.com/channel/UCYXfXN-OS50hfApDysMMd4g/,THE COLLECTS,4604,486760,,,,,sneaker unboxing
https://www.youtube.com/channel/UCDsR5PKKeRx4VxUu41kr6Zg/,Paul Cantu,606076,72443632,,https://twitter.com/mrpaulcantu,,http://instagram.com/mrpaulcantu,sneaker unboxing
https://www.youtube.com/channel/UCg7AiS4FXGC2VACkPj_3XxQ/,Shoemanati,8907,1487728,,,,,sneaker unboxing
https://www.youtube.com/channel/UCePnpg6mVG4Y9hhyvVlyOUg/,Mr Stoltz,7567,1895817,,https://twitter.com/misterstoltz,,,sneaker unboxing
https://www.youtube.com/channel/UCXKCYd-yDMES245HWE-azWA/,Allen Claudius,2716,1590530,,https://twitter.com/DiabolikAllen,https://www.facebook.com/bowtiesandbones/,https://instagram.com/bowtiesandbonesblog/,sneaker unboxing
https://www.youtube.com/channel/UC5FqT6myoKFqICIntepKe1w/,J. E. Vlogs,15,251,,,,,sneaker unboxing
https://www.youtube.com/channel/UCnZnWceJ9jX3g1tkoKRAHnQ/,The ExtraBros,838,8561,,,,,sneaker unboxing
https://www.youtube.com/channel/UCckSCnDEq0V-sbW87lqBSaQ/,Lynnette Hernandez,2863,388075,,https://twitter.com/ByLynny,,http://instagram.com/bylynny,sneaker unboxing
https://www.youtube.com/channel/UCl5aUBMQIyVi6B5PKbzyEag/,BrownBoy,103,1327,,,,,sneaker unboxing
https://www.youtube.com/channel/UCCJIJtcTZysRV8MkRg1QveA/,lilrio442,,216680,,,,,sneaker unboxing
https://www.youtube.com/channel/UCXY2Zlse0lzEO1nayZEtStA/,itsdjfitted,248,39584,,,,,sneaker unboxing
https://www.youtube.com/channel/UCcnromZ0zCRG66NSV7N5E8w/,MPFresh,55,12042,,,,,sneaker unboxing
https://www.youtube.com/channel/UCXB48erUzzNVdkhRhS1gKoQ/,SNKR Q,51,14912,,,,,sneaker unboxing
https://www.youtube.com/channel/UCOgz_YflAsYnGbdvzXuKNCA/,Daniel Simmons,104522,6759370,,,,,sneaker unboxing
https://www.youtube.com/channel/UCX3lGlZhK5dfkD-5HRSxKvQ/,Karnage,5608,1305946,,,,,sneaker unboxing
https://www.youtube.com/channel/UCKw3UQ7AMPXkJ5nYxfg_Gyg/,MorninAfterKill,331498,108105838,,http://www.twitter.com/morninafterkill,,https://www.instagram.com/morninafterkix/,sneaker unboxing
https://www.youtube.com/channel/UCVhj-yN_wGIsRfPaGxuMcGw/,Jay Too Icy,3703,304160,,https://twitter.com/ThtBoyJayJay,https://www.facebook.com/TooICY,http://instagram.com/thetooicy,sneaker unboxing
https://www.youtube.com/channel/UCIvdC_S0XOMl2QyBslsP7PQ/,Air Trafficking,,482219,AirTraffickingSales@gmail.com,https://twitter.com/Air_TrafficKing,https://www.facebook.com/pages/Air-Trafficking/827580320689424,https://instagram.com/air_trafficking/,sneaker unboxing
https://www.youtube.com/channel/UC8BJMlN0WYiueHqeIeDKr8g/,ASMR Tingles 74,20271,3926795,,,,https://www.instagram.com/asmrtingles74/?hl=en,sneaker unboxing
https://www.youtube.com/channel/UC6aONkIE8A74oTcXfjYy5ng/,SBmitch,10281,736379,,http://www.twitter.com/sbxmitch,,http://www.instagram.com/ransomnotesneakers,sneaker unboxing
https://www.youtube.com/channel/UCLpfXUfRHJx9D5nnPpeJi6A/,Taoboi 2.0,1747,210533,officialtaoboi2.0@gmail.com,,,https://www.instagram.com/officialtaoboi/,sneaker unboxing
https://www.youtube.com/channel/UC96X6o-e2i7jTcnCOrY_snQ/,King Sappy,615,160016,,,,,sneaker unboxing
https://www.youtube.com/channel/UC8PWemrU0-GOZt2bAJmXW_w/,BCLife,246,54372,,,,,sneaker unboxing
https://www.youtube.com/channel/UCA-RnIllZ_QfWMU-l7BErRQ/,Anthony Deluca,26137,1063666,,https://twitter.com/anthonydelucv,,https://www.instagram.com/anthonydelucv/,sneaker unboxing
https://www.youtube.com/channel/UCCDoG_J37j_a3dfKul4WrmQ/,M Rin,2148,509194,,,,https://www.instagram.com/_mariarn/,sneaker unboxing
https://www.youtube.com/channel/UCKKID9vRHrmwuz_x70rVUWQ/,Shiddy -,163,16853,,,,,sneaker unboxing
https://www.youtube.com/channel/UCSeE2MsGWTpXTlpRX2G3Jyw/,aj23shoes,,292602,aj23shoes1@gmail.com,,,,sneaker unboxing
https://www.youtube.com/channel/UCC2BcapgkUHIR0VJoCDRkcA/,All About Nat,1336,152651,nathalieshepherd@me.com,,,,sneaker unboxing
https://www.youtube.com/channel/UCQBXSWTKm39b8yD5dSvgMcg/,Qrew Kicks,,9939,sneakersnets@gmai...,,,,sneaker unboxing
https://www.youtube.com/channel/UCBX1GV5ggPd57OAVbx0JBTQ/,TP10 Fussballtricks,8906,2291925,,,,https://www.instagram.com/tyrone.prepeluh/?hl=de,sneaker unboxing
https://www.youtube.com/channel/UCIXlTSps8EICGIm4GHHx1zA/,Topinstyles,3394,700794,,,,https://instagram.com/topinstyles,sneaker unboxing
https://www.youtube.com/channel/UCmPxMp-5ZvzFNUp3R3_StuA/,Blazendary,1660019,159291491,,,,http://instagram.com/giancarlopurch/,sneaker unboxing
https://www.youtube.com/channel/UCtq6Z5skSh1q6dcLr1ovPHA/,LuxuryNAll Unboxing,2,427,,,,,sneaker unboxing
https://www.youtube.com/channel/UCsii9gSPOujOKBQYQaouZYw/,Sneaker Headz,163,162060,,,,,sneaker unboxing
https://www.youtube.com/channel/UC3dAQdidTYN2R0zVqfcrV_w/,Danny Moore,8058,1875873,danielmoore1234@live.com,,,,sneaker unboxing
https://www.youtube.com/channel/UCB0HnS2Ksu9bdK3w9KME-lg/,ASMR Jay,49618,3238091,,,,,sneaker unboxing
https://www.youtube.com/channel/UCTM3bHPNwESZ6PteoA1tpKg/,Ayekay GG,1798,701189,,https://www.twitter.com/ayekaygg,https://www.facebook.com/ayekaygg,,sneaker unboxing
https://www.youtube.com/channel/UC3ZHDY4fX4IJHATdPdG-b6w/,shoes2use,355,103639,,https://twitter.com/Shoestwouse,,https://instagram.com/shoes2use/,sneaker unboxing
https://www.youtube.com/channel/UCMcNheh2SOOpmfzDBK1hMgQ/,Unknown,181,49258,,,,,sneaker unboxing
https://www.youtube.com/channel/UCkxATzI6no1slXX4jN7tqPg/,J The Hypebeast,119,15982,,https://twitter.com/Jsmoovee15,,https://www.instagram.com/jsmoovee_/,sneaker unboxing
https://www.youtube.com/channel/UCtmaYT4qOQndTdjuOOsWIiQ/,hiphop linda,,159199,,,,,sneaker unboxing
https://www.youtube.com/channel/UCJMFK5Ccdi6pkfKdNcCHxAw/,Lida Martha's,1154,139520,kanyewestshoe@gmail.com,,,,sneaker unboxing
https://www.youtube.com/channel/UCw8NoYfF1LhPW3BmEuCQgOA/,Bakeem Newby,1540,207758,,,https://www.facebook.com/bakeem.newby,http://instagram.com/thefashionnewb,sneaker unboxing
https://www.youtube.com/channel/UCYzEKcEEuH3tSLWumpf9u7A/,Jc Sneaker vlog,86,2152,,,,,sneaker unboxing
https://www.youtube.com/channel/UCNqPECY9UKiNT6_j_huejCQ/,TheSonOfSomeMan,3899,429564,,,,,sneaker unboxing
https://www.youtube.com/channel/UCshuLwGdLi1YaEHr43HVjyg/,MSAJ KICKS,5716,111686,,,,,sneaker unboxing
https://www.youtube.com/channel/UC6RfiGHJXj_vlhuyz5C5ugA/,SH Talk,8,39,,,,,sneaker unboxing
https://www.youtube.com/channel/UCo44inc4e4hvEaa1U5HpRqg/,SneakerTalk,306648,39707863,,https://twitter.com/sneakertalkca,/redirect?redir_token=BFawm9r7qlHZDxQhGBosMggsS658MTU2NzI2NzE0OEAxNTY3MTgwNzQ4&event=channel_description&q=https%3A%2F%2Fwww.facebook.com%2FsneakertalkCA%2F,http://instagram.com/sneakertalkca,sneaker unboxing
https://www.youtube.com/channel/UCOX2-c-zC9_8eTt9PI05m3g/,Tyb Laneyy,8256,394831,coltzchris1@gmail.com,,,,sneaker unboxing
https://www.youtube.com/channel/UCxNoJLhVT_ZgHCel6g7FAJA/,kicks for your sole,,120592,,https://twitter.com/kicksfys,https://www.facebook.com/kicksforyoursole/,https://www.instagram.com/kicks_for_your_sole/,sneaker unboxing
https://www.youtube.com/channel/UCRBolokz6e7_fjp0sHrVboQ/,Gunner Tierno,11226,831582,,https://twitter.com/GunnerTierno,,https://www.instagram.com/gunnertierno,sneaker unboxing
https://www.youtube.com/channel/UC9ah1-vJbiKmhOlmchDV3ew/,TheSmartSneakerhead,2982,266147,,http://www.twitter.com/chiakachibeezy,,http://instagram.com/chiakachibeezy,sneaker unboxing
https://www.youtube.com/channel/UC9oDBIAV8T-7A52RMAuKCdA/,Pabs Money Bagz,424,182770,,,,,sneaker unboxing
https://www.youtube.com/channel/UCcw0MJtuab9WOEytkVJIQfw/,Jabes,1696,41116,,,,,sneaker unboxing
https://www.youtube.com/channel/UCcybGH7587As06aQz5wqPhQ/,ZayClay Sneaks,241,5957,,,,,sneaker unboxing
https://www.youtube.com/channel/UC5pMX-nFmzPQFDtgK97blLg/,Unboxing Studio,110,13627,,,,,sneaker unboxing
https://www.youtube.com/channel/UCMyplYFeZ4KmPEoZcQ5G6hw/,Thomas Boody,927,22118,,https://twitter.com/ThomasBoody,,https://www.instagram.com/thomasboody/,sneaker unboxing
https://www.youtube.com/channel/UCKcrjVpC6KPfhS8_xkOppYg/,Tyson,1685,180536,,https://twitter.com/tysonuw,,https://www.instagram.com/tysonuw/,sneaker unboxing
https://www.youtube.com/channel/UCD501bygVIiQ8u1aGvZ-Kyg/,Kool2Flaco,45,6820,,,,,sneaker unboxing
https://www.youtube.com/channel/UCEvFkiV5MSO_XkUjjBTM6qQ/,Jake Sharp Sneaker unboxing,20,13,,,,,sneaker unboxing
https://www.youtube.com/channel/UCf7QnnwGtg0gmlHkkUI0pnw/,Issie The Sneaker Kid,1793,128182,,,,,sneaker unboxing
https://www.youtube.com/channel/UCoTayobJF7WoGJiSykM3NkA/,V's KickZ,577,76853,,,https://www.facebook.com/virggie.lowe,https://www.instagram.com/v_low/?hl=en,sneaker unboxing
https://www.youtube.com/channel/UC5CY0GSxfcIHd2IvPfROBDA/,Fresh August,7530,978931,Snapchat@jaycool441,,,https://www.instagram.com/?hl=en,sneaker unboxing
https://www.youtube.com/channel/UC20oSQsv6N1DKc1BDrmffGQ/,notsureifASMR,46,5240,,,,,sneaker unboxing
https://www.youtube.com/channel/UC9ASCPuEmA49ChTTTG1Gp0Q/,SHUTTLE BOY,4887,710649,,,,,sneaker unboxing
https://www.youtube.com/channel/UCuUUrrSABGKTX5mG5VEO65A/,ClaytonElliot,23,14509,,https://twitter.com/SexyClaytonBunn,http://www.facebook.com/pages/Clayton-Elliot/372280462863028,,sneaker unboxing
https://www.youtube.com/channel/UCZRmOPFbOF0HOQS6mi_FsVA/,Unboxing Sneaker Secret Society,259,83201,,,,,sneaker unboxing
https://www.youtube.com/channel/UCTbbW5SYVE2mRl2VAXqw54Q/,Aaron Cline,4185,391758,,,,,sneaker unboxing
https://www.youtube.com/channel/UCuT3_CP0LIkf4jb_CazZQKQ/,PlatinumRob FashionForward,17,2660,,,,https://www.instagram.com/platinumrob/,sneaker unboxing
https://www.youtube.com/channel/UCncDc98gfLebDFHqLKwlVPA/,Tag Flightkickz,,87666,,,,https://www.instagram.com/flightkickscz44/,sneaker unboxing
https://www.youtube.com/channel/UCVAUOSxIR-ITS-9qoepgiaw/,BasedGodHybrid,595,36966,,,,,sneaker unboxing
https://www.youtube.com/channel/UCRZeHpRtXri2LRGF53BnBrw/,Cheeky Mitch,335,47215,,,,,sneaker unboxing
https://www.youtube.com/channel/UCD1LeJaoj3EgOG2pMWIZ-xQ/,GOTKICKZ,547,109578,,,,,sneaker unboxing
https://www.youtube.com/channel/UCVVo46LvjQ3elg90FimenBA/,G3WitDaHeat,1559,52760,,,,,sneaker unboxing
https://www.youtube.com/channel/UCH08N2JinrzAXw_F1XOVGDQ/,Sneaker Shadow,138,17595,,,,,sneaker unboxing
https://www.youtube.com/channel/UCAsioGOD9yrSXWAFFe6Kleg/,Sole Lord,5965,767167,,http://www.twitter.com/SoleLord_,,http://www.Instagram.com/SoleLord_,sneaker unboxing
https://www.youtube.com/channel/UCUo5s5gvmYir9lL2AgNXvNQ/,H FOR HYPE,,4284,,,,,sneaker unboxing
https://www.youtube.com/channel/UCwlzF68rLr0UDp2u3NOk2Wg/,GioEsFrio,2005,593995,,,,,sneaker unboxing
https://www.youtube.com/channel/UCiu8o1GFq_isZ4FFBA6jwlA/,0g tl72 aka Fast T,4757,444313,,,,,sneaker unboxing
https://www.youtube.com/channel/UCMBZ_SDEp8hUFSI95gvzu7A/,BeauDeeAddict,15783,2047971,BeauDeeAddictxo@yahoo.com,,,,sneaker unboxing
https://www.youtube.com/channel/UCFyq8XioQkIuF5h55lBKfcg/,Kevin Kalra,302,3381,,,,,sneaker unboxing
https://www.youtube.com/channel/UC62sF2H9EqiGJ7QEqJ3bLug/,Mr. Christt,1357,32543,,,,,sneaker unboxing
https://www.youtube.com/channel/UC7URbtgY_lrny-4hV6CuHRQ/,Ana Rodrigues,846,64238,,,,https://www.instagram.com/ana_rodriguessj/,sneaker unboxing
https://www.youtube.com/channel/UCU5jwChVfCt-yR24zs-5hsw/,Don Ed Life,269,67224,,,,,sneaker unboxing
https://www.youtube.com/channel/UCUPyKCaDjYitOf31PKiwgsg/,Jake Howard,8985,402191,,https://twitter.com/jakejohnhoward,,https://www.instagram.com/jakejohnhoward/,sneaker unboxing
https://www.youtube.com/channel/UCyPs-i6Sg1TTiwF9WPcPL5A/,Davidgotkicks,275641,28401770,,,,/redirect?q=https%3A%2F%2Fwww.instagram.com%2Fdavidgotkicks%2F&event=channel_description&redir_token=a9n71D8RDYLk_Wzoa8zZTTc49m18MTU2NzI2NzE2NEAxNTY3MTgwNzY0,sneaker unboxing
https://www.youtube.com/channel/UCVi1dMhcHkar1yFDrlJIn7g/,Smuleyy,232,945,,,,,sneaker unboxing
https://www.youtube.com/channel/UCkgu1VJNtJPRjgetpsprxgg/,T-TiME's KiTCHEN,32130,6685368,,https://twitter.com/TTiMES_KiTCHEN,,https://www.instagram.com/ttimes_kitchen/,sneaker unboxing
https://www.youtube.com/channel/UClvS4HJrKp3eLT62pNgUJNw/,QrewTV,1203099,245866488,BookQias@Gmail.com,http://www.Twitter.com/QiasOmar,,http://instagram.com/qiasomar,sneaker unboxing
https://www.youtube.com/channel/UCLhFSK-rvginYS5MvugA19A/,Charnice,116,7441,,https://twitter.com/charniicee?lang=en,,https://www.instagram.com/charnice_/,sneaker unboxing
https://www.youtube.com/channel/UCH0Yq6iK8dUDlkw1lO-WQMQ/,HeatAllOverHype,552,60476,,,,https://www.instagram.com/heatalloverhype/,sneaker unboxing
https://www.youtube.com/channel/UCahU1s8uEVeEdphlBkj3KsA/,All Laced Up,132,7741,,https://twitter.com/leakey_7,https://www.facebook.com/AllLacedUpAU/,https://www.instagram.com/alllacedup._/,sneaker unboxing
https://www.youtube.com/channel/UCpoW--tDJFnjjkdpd0kl2Uw/,Billionaire Juan,521,,,,,,sneaker unboxing
https://www.youtube.com/channel/UCzla5KOJDJkK5QmTrPW-UDw/,Jaylan Tv,233,146849,,,,,sneaker unboxing
https://www.youtube.com/channel/UClWcaXgu-LixjZwYUM2fBXA/,My Sneaker,2003,968429,,,,,sneaker unboxing
https://www.youtube.com/channel/UCMrF2U0XpVLVZ0S3iCqiVhw/,Monsieur Banana,39748,3078612,hellomonsieurbanana@gmail.com,https://twitter.com/MonsieurBanana,,https://www.instagram.com/monsieurbanana/?hl=en,sneaker unboxing
https://www.youtube.com/channel/UCBgvVTmu1J2uwLPhmbkvzXA/,Sneakers & Vinyl,29,9275,,/redirect?event=channel_description&q=http%3A%2F%2Ftwitter.com%2Fsneaksandvinyl&redir_token=u-bpYL0u72bKPMqtLsriKmgg0hR8MTU2NzI2NzE2N0AxNTY3MTgwNzY3,,/redirect?event=channel_description&q=http%3A%2F%2Fsneakers.com%2Fsneakersandvinyl&redir_token=u-bpYL0u72bKPMqtLsriKmgg0hR8MTU2NzI2NzE2N0AxNTY3MTgwNzY3,sneaker unboxing
https://www.youtube.com/channel/UCng_IxVovrxcgWSY0dlnnJQ/,SneakerBoss,632,14877,,,,,sneaker unboxing
https://www.youtube.com/channel/UCTtrkxmftb0hYfOLcpDC25w/,CharlotteDebs,1082,50681,,http://www.twitter.com/missclx,http://www.facebook.com/missclx,,sneaker unboxing
https://www.youtube.com/channel/UCZDk1PjhM8cukd9St0ZxUHA/,hollyannaeree,482557,48764769,holly@hollyannaeree.com,/redirect?event=channel_description&redir_token=a1Zr_K-dWxr7RTYdmAFS3_TmBEV8MTU2NzI2NzE2OEAxNTY3MTgwNzY4&q=http%3A%2F%2Ftwitter.com%2Fhollyannaeree,http://facebook.com/hollyannaereeofficial,http://instagram.com/hollyannaeree,sneaker unboxing
https://www.youtube.com/channel/UCkePynnXqcyEDI-Mrm2qL8w/,AlphaaFTW,260,9970,,,,,sneaker unboxing
https://www.youtube.com/channel/UC5Spz-0cSvu9T21VeuDE54Q/,BartmasterHD,,175583,,https://twitter.com/Bartmasterhd,,https://www.instagram.com/bartmasterhd,sneaker unboxing
https://www.youtube.com/channel/UCTWuyr9mR8HZ_eTTGmU5HZA/,Max Dai,55,6500,,,,,sneaker unboxing
https://www.youtube.com/channel/UC7q0RSW_912wbB1VpyRmEfA/,Tennis Review Factory,95,36786,,https://twitter.com/TennisReviewFct,https://www.facebook.com/tennisreviewfactory.channel.5,https://www.instagram.com/tennisreviewfct17/channel/,sneaker unboxing
https://www.youtube.com/channel/UCTMZhj_soRb4dt4JyvvUJxw/,Col B,1993,8616758,,,,,sneaker unboxing
https://www.youtube.com/channel/UC5T9Arw01a-4BD3FOIInXgQ/,Dillon Bell,466,65987,,,,,sneaker unboxing
https://www.youtube.com/channel/UC8RvWHFojyI66mYEffG8kRA/,Just E,145,19974,,https://twitter.com/eiaizzo,,https://instagram.com/eiaizzo,sneaker unboxing
https://www.youtube.com/channel/UCWHTHMrgaegjoC7UqkojMLA/,Sneak Peeks,60,23516,,,,,sneaker unboxing
https://www.youtube.com/channel/UCS4ciCzWKSTErT5eG33ab5g/,Jimmi Nicholas,7422,443968,jimminicholas@hotmail.com,https://twitter.com/jimminicholas,https://www.facebook.com/jimminicholas/,https://www.instagram.com/jimminicholas/,sneaker unboxing
https://www.youtube.com/channel/UCs67fyB0lqmkSSWYtBh0JsQ/,Dream Cave,35,26739,Maxiekait@gm...,,,,sneaker unboxing
https://www.youtube.com/channel/UC9UsSa4wUQ3mpEdqs9OWMDw/,AmritsGotKicks,246,43328,,,,,sneaker unboxing
https://www.youtube.com/channel/UC-mR630llnp7GG062tCriCg/,Flatfoot Sneakerhead,256,77765,,,,,sneaker unboxing
https://www.youtube.com/channel/UCVGfLGph1_KsRHSO883V5jw/,BleuSaphir,153,42799,,,,,sneaker unboxing
https://www.youtube.com/channel/UCLArg4oZXoJd3ScqPqAIvIQ/,StanSneakerTV,3378,899770,,,,,sneaker unboxing
https://www.youtube.com/channel/UCyMt9pyW6YAlLcI4oyD3VYQ/,Chris Ramos,618,373314,,https://twitter.com/chris_s_ramos,https://www.facebook.com/chris.ramos.1981,http://instagram.com/chris_s_ramos,sneaker unboxing
https://www.youtube.com/channel/UCqjHDWQ_pozdsSAs1qNIdyQ/,SaW VTi,250,130997,,https://twitter.com/SaW_VTi,,https://www.instagram.com/saw_vti/,sneaker unboxing
https://www.youtube.com/channel/UCktfiMtSn4AFjilPL52osMQ/,TopShelf Kicks,271,11507,,,,,sneaker unboxing
https://www.youtube.com/channel/UChYcUZZhHjy08ILdOcetMkg/,Oscar :P,1882,205585,,,,,sneaker unboxing
https://www.youtube.com/channel/UCtaBFDQeVAx-wiwvGE7ASxw/,From P.I to HAWAII,,1064,,,,,sneaker unboxing
https://www.youtube.com/channel/UCSAmSYjeKcgSJk-h4XYX1cQ/,Colwell World,193,,,,,,sneaker unboxing
https://www.youtube.com/channel/UCS1Fuezn02Fu8NhqmXHzGDQ/,Nick Pagan,1023,298151,,https://twitter.com/Nate_Serpant,,,sneaker unboxing
https://www.youtube.com/channel/UCyOu6GREpON8XU5srsz8ALg/,Sneaker Shutter,173,60569,,,,,sneaker unboxing
https://www.youtube.com/channel/UCBQFjFzjvDSmgxHFgWB4Jmg/,Supreme Kickz,176,79647,,,,,sneaker unboxing
https://www.youtube.com/channel/UCjbvYyeedHLIcToXU5umPXw/,Fufu !,351,12625,,,,,sneaker unboxing
https://www.youtube.com/channel/UCD8UJ9OsoYGgroNMcCzelIA/,Vino vlogger,135,8141,,,,,sneaker unboxing
https://www.youtube.com/channel/UCc-ZFQWfVo8eH1dvuAb8qKQ/,Skether,18,90,,,,,sneaker unboxing
https://www.youtube.com/channel/UCCH6Dw3oGW7dGXD-zkA4m4A/,Robby David,70,3434,,,,,sneaker unboxing
https://www.youtube.com/channel/UCUnYlbSDj69uR8XieU9x9Jg/,SneakerHustle101,3423,956214,,,,,sneaker unboxing
https://www.youtube.com/channel/UCq9PofNq8uWJFwyeoeq0H2w/,Dest Got Heat,861,98687,,,,,sneaker unboxing
https://www.youtube.com/channel/UCneIuNv2UUo718jI-w9GTNg/,Martha's Sneakers Filmed By Customers,522,76576,,,,https://www.instagram.com/marthayeezysneakers/,sneaker unboxing
https://www.youtube.com/channel/UC15Ry-CsV_H8ZWBHBn89mHw/,Sole Chefs,19,9729,,,,,sneaker unboxing
https://www.youtube.com/channel/UCVbIvn6OnexQZ6e240IBXkA/,GSNEAKS,29,2188,,,,,sneaker unboxing
https://www.youtube.com/channel/UC0bAwtXG8AiLMJixcHW_VXw/,Always Overdressed,84291,9531310,,,,https://www.instagram.com/grangjeiro/,sneaker unboxing
https://www.youtube.com/channel/UCZ01MqN-XpTrCEAzcC78zEA/,gloves Socks,162,33815,,,,,sneaker unboxing
https://www.youtube.com/channel/UCrMUP4gx4xDG1jc3ke06e8w/,LEAH9M,435,96568,,,,,sneaker unboxing
https://www.youtube.com/channel/UCXNdwZQ4RrIpwidCSUPGpjQ/,Suus Lothmann,8915,138309,,,,,sneaker unboxing
https://www.youtube.com/channel/UCy4UFMKNe2liO7mJOrG8sog/,Keonna Jae,4394,378814,keonnajae@gmail.com,https://twitter.com/AccordingToMJ_,,https://www.instagram.com/keonnajae/,sneaker unboxing
https://www.youtube.com/channel/UCu7WBJtzSONNdiQ48xMgsJQ/,Mr Orchard Beach,18515,2792599,,,,,sneaker unboxing
https://www.youtube.com/channel/UCuE_JkJyYf8fygVMSLUgYaw/,Whiteboy 338,38,613,,,,,sneaker unboxing
https://www.youtube.com/channel/UCHbJuCBZaFXOkfH9-pA0MOA/,The Bridge TV,743,83744,,,,,sneaker unboxing
https://www.youtube.com/channel/UCa0pZTI8ulPRBNbjFpPeUXg/,ThatsCharles,209,17486,,https://twitter.com/thatscharles_,,https://www.instagram.com/thatscharles/,sneaker unboxing
https://www.youtube.com/channel/UCPq9Losh5bhvzgdzBiduUNA/,Kelly Sneaker,,71962,kellysneaker@gmail.com,https://twitter.com/KellySneaker,,,sneaker unboxing
https://www.youtube.com/channel/UChSvKLnZUGTwgYazuK1NHpA/,Midwest Sneakers,11,762,,,,,sneaker unboxing
https://www.youtube.com/channel/UC_xTz4FxUoa5PfHbWoFXDsg/,TheDelzShow,12968,2860705,,https://twitter.com/djdelz/,,,sneaker unboxing
https://www.youtube.com/channel/UC0rUn_n2k-efpFLzGhIzj9g/,Sneaker king,109,2556,,,,,sneaker unboxing
https://www.youtube.com/channel/UC3OWf3oMVruV0glDv0B0jiQ/,Amara's Logic,600,479944,,,,,sneaker unboxing
https://www.youtube.com/channel/UCwNAhGY0kMLA8KDzUWXKpKA/,CEEVLOGS,5074,882897,,https://twitter.com/CEETV91,https://www.facebook.com/CEETV91/,https://www.instagram.com/ceetv91/?hl=en,sneaker unboxing
https://www.youtube.com/channel/UC8uUmIOcXI1xXL1_OHBZM8g/,hersh72,364,52470,,,,,sneaker unboxing
https://www.youtube.com/channel/UCYOIwxgKdrJOQrKtRFEQaiQ/,Jordan Kicks,128,12861,,,,,sneaker unboxing
https://www.youtube.com/channel/UCm1MwcchRw795Hn81PcGeiQ/,David Parkinson,789,272397,,https://twitter.com/DaveParkinson,,,sneaker unboxing
https://www.youtube.com/channel/UCyPs-i6Sg1TTiwF9WPcPL5A/,Davidgotkicks,275641,28401770,,,,/redirect?redir_token=VubH0IRhTCRfiRStpqQrofWxz6J8MTU2NzI2NzE4OUAxNTY3MTgwNzg5&event=channel_description&q=https%3A%2F%2Fwww.instagram.com%2Fdavidgotkicks%2F,sneaker unboxing
https://www.youtube.com/channel/UCb8btEDHiwfnLWOiRsK6KoQ/,Unboxing Sneaker,,5831,,,,,sneaker unboxing
https://www.youtube.com/channel/UCRFWYVfB_bcet1RLYaU9JKg/,Yeezy Kicks,,264,bestkickss3@gmail.com,,,,sneaker unboxing
https://www.youtube.com/channel/UCbh8eWQ83qZxKkfUbyKEIDA/,THESNEAKERADDICT,174988,44009675,HIREDJDELZ@GMAIL.COM,http://twitter.com/djdelz,http://facebook.com/therealdjdelz,http://instagram.com/realdjdelz,sneaker unboxing
https://www.youtube.com/channel/UC5b05foL_cpyxTpDzithwNw/,TheLifeOfCashK,186644,11227182,,,,https://www.instagram.com/thelifeofcashk/,sneaker unboxing
https://www.youtube.com/channel/UCyPs-i6Sg1TTiwF9WPcPL5A/,Davidgotkicks,275641,28401770,,,,/redirect?q=https%3A%2F%2Fwww.instagram.com%2Fdavidgotkicks%2F&event=channel_description&redir_token=j4OZ4oMC1tErlxvTStGLWeDKFBF8MTU2NzI2NzIzMEAxNTY3MTgwODMw,sneaker unboxing
https://www.youtube.com/channel/UCJYV7irHpaByvdUXTHBb8hQ/,DaRetroWizKid,5161,635365,,,,,sneaker unboxing
