ChannelUrl,Name,Subscribers,Views,Email,Twitter,Facebook,Instagram,email_get_from
"https://www.youtube.com/channel/UCMrWY5RWQT_H-l0ZqfB4JOw/","A Sneaker OF","31632","2323739","travisstoti@gmail.com","https://twitter.com/TravissToti","https://www.facebook.com/ASneakerOF/","","sneakerheads"
"https://www.youtube.com/channel/UCmsqGsjMJccFWa2DZSITUng/","SneakerHeads Romania","8552","331725","snkerheadsromania@gmail.com","https://twitter.com/SneakerheadsRo","https://www.facebook.com/SneakerHeadsRo/","https://www.instagram.com/sneakerheadsromania/","sneakerheads"
"https://www.youtube.com/channel/UCg6fvhWgbs0FNfZFFLDVA-g/","605 SneakerHeads","506","109944","605.Sneakerheads@gmail.com","https://twitter.com/605SneakerHeads","","https://www.instagram.com/605_sneakerheads/","sneakerheads"
"https://www.youtube.com/channel/UCMouaoOgexM130eSm8OX_eA/","CJ Sneakers","20973","3739950","newlifesneakers@gmail.com","https://twitter.com/cj_sneakers","","https://www.instagram.com/c.j.sneakers","sneakerheads"
"https://www.youtube.com/channel/UCf4kdfo-DvNffaMKAJzwncw/","PAIR of Sneakerheads","2734","467973","ogfire.vlog@gmail.com","","","","sneakerheads"
"https://www.youtube.com/channel/UCBeTp9wXVohr0a9AmP6G4hA/","qiasomar","705357","98561524","BookQias@Gmail.com","http://www.twitter.com/QiasOmar","","http://instagram.com/qiasomar","sneakerheads"
"https://www.youtube.com/channel/UCKe9AitGa9GMLTnxJgcih_A/","Unbreakable Kicks","130975","21059028","","","","","sneakerheads"
"https://www.youtube.com/channel/UCjtFD9aEGvGM-aHc1cjJJyw/","Sneakerhead AR","9909","215024","sneakerheadargentina@gmail.com","","http://Facebook.com/SneakerheadAR","http://Instagram.com/SneakerheadAR","sneakerheads"
"https://www.youtube.com/channel/UClvS4HJrKp3eLT62pNgUJNw/","QrewTV","1203099","245866488","BookQias@Gmail.com","http://www.Twitter.com/QiasOmar","","http://instagram.com/qiasomar","sneakerheads"
"https://www.youtube.com/channel/UC3Ovs7OdYN3gfcF9Wu-Wblw/","Sneakerhead Balo","3853","944911","lemanderduverger@yahoo.com","","","","sneakerheads"
"https://www.youtube.com/channel/UCPhyA9zzFd0GFI3w5a3pyuA/","Anthony Levine","15140","4878257","tdiamantes01@gmail.com","https://twitter.com/tonydiamondstdc","https://www.facebook.com/allaboutanthonyblog/","https://instagram.com/verse001/","sneakerheads"
"https://www.youtube.com/channel/UC97wQ_Bccvwm5eFHV4XGtHQ/","Sneakerheadz Doc","282","72183","","","","","sneakerheads"
"https://www.youtube.com/channel/UC_bjIk5II61Sucee1iCl9tQ/","The Frugal Sneakerhead","359","111915","","","","","sneakerheads"
"https://www.youtube.com/channel/UCEH4723_fkbnhSlPhKiTnaA/","REPMILWAUKEE414","1798","180831","customsneakerlaces@gmail.com","http://www.twitter.com/repmilwaukee414","http://www.facebook.com/sneakerheadsclothingline","http://www.instagram.com/sneakerheads_clothing_line","sneakerheads"
"https://www.youtube.com/channel/UCtKFEBwvXp4gdjpQKlIK6Qg/","Your Average Sneakerhead","2882","266348","youraveragesneakerhead101@gmail.com","","","http://www.instagram.com/youraverage_sneakerhead","sneakerheads"
"https://www.youtube.com/channel/UC4sO4XV3iM_znOerf5HF02Q/","Hawaii Sneakerheads","","102953","","","","","sneakerheads"
"https://www.youtube.com/channel/UCbh8eWQ83qZxKkfUbyKEIDA/","THESNEAKERADDICT","174988","44009675","HIREDJDELZ@GMAIL.COM","http://twitter.com/djdelz","http://facebook.com/therealdjdelz","http://instagram.com/realdjdelz","sneakerheads"
"https://www.youtube.com/channel/UCqFWzMxLxsM0OZsSZPFsGkg/","Sneakerheads of Ottawa","222","6088","","","","","sneakerheads"
