ChannelUrl,Name,Subscribers,Views,Email,Twitter,Facebook,Instagram,email_get_from
"https://www.youtube.com/channel/UCKShhGuoHOZvCgC7h2XtUjA/","Street Style","189","142018","","","","","street style"
"https://www.youtube.com/channel/UCxjvSZ6G0e4pSYBVRL8tyEA/","Street Style La Familia","53","10464","dragonfranazul@live.com","","","","street style"
"https://www.youtube.com/channel/UCTtqXho6Wtp4NzDZfWPJZ9A/","Street Style Toronto","2932","267156","streetstyletoronto@gmail.com","","","https://www.instagram.com/streetstyle.toronto/","street style"
"https://www.youtube.com/channel/UCzU2p5kkL10OHFh2OHSv_AA/","StreetStyle","","12062","","","","","street style"
"https://www.youtube.com/channel/UCVde2GOgotbOxoBrNMgELyg/","Westyle SF","718","34135","westylestreetstyle@gmail.com","","","","street style"
"https://www.youtube.com/channel/UC_4TJWSZ_s2KqZxPPZfZCsA/","Street Style Klan","41","855","","","","","street style"
"https://www.youtube.com/channel/UC0_h5COytb_-1a1E89A5ilA/","In Certain Light.","4662","695045","","","","","street style"
"https://www.youtube.com/channel/UCXEzOpPdpp7Gu6QedW2e99Q/","Street Style Fashion","568","153570","","","","","street style"
"https://www.youtube.com/channel/UCUftlLh7dhaYVbxM7ucc3rw/","Paris Chic Style","521","198065","marj@parischicstyle.com","https://twitter.com/parischicstyle","https://www.facebook.com/parischicstyle","http://instagram.com/parischicstyle","street style"
"https://www.youtube.com/channel/UC2quhGPn6BAxwsM9DtIUvnw/","StreetStyle","1443","259","trart.magazine@gmail.com","","","https://instagram.com/trart.magazine/","street style"
"https://www.youtube.com/channel/UCv-fU2ULQ7Qm0n15Lz8j1JQ/","AffordableStyleTV","1541","4527943","","","","","street style"
"https://www.youtube.com/channel/UCM-in3WzMJ4QYI33-E3wPzA/","My Fashion","22632","8562557","","","","","street style"
"https://www.youtube.com/channel/UCKsuV-J-ncmE94iuyiIK3pQ/","Celebrity photo tracker","575","670547","","","","","street style"
"https://www.youtube.com/channel/UCJCh-NHj1Ho1a1CALbKL99g/","Clothesnbits","306314","9811811","hello@clothesnbits.com","","","","street style"
"https://www.youtube.com/channel/UCbgYZnybgb6vPSBTxZUT2kA/","Veg Village Food","1774939","299624407","Hardeep.sharma3600@gmail.com","","","","street style"
"https://www.youtube.com/channel/UCSjT0uUKAfnheTq-nvpYO5A/","FancamVEVO HD","103022","21071564","haam.fancam4k@gmail.com","","","","street style"
"https://www.youtube.com/channel/UCe2JAC5FUfbxLCfAvBWmNJA/","Your Food Lab","423368","34830068","sanjyotkeer@yourfoodlab.com","","","","street style"
"https://www.youtube.com/channel/UCdssSQ9oVfu_4gD-WdYBxfA/","Curvy Social Thickness","46766","14361818","curvysocialthickness@gmail.com","","","","street style"
"https://www.youtube.com/channel/UCYdOJukLTuW8hzE_8OtlDcA/","Syberbolt","45936","6277538","","","","","street style"
"https://www.youtube.com/channel/UCuqBZWK9Wrol_4Y22DzisFQ/","Food Fusion","1676707","320862642","business@foodfusion.pk","http://Twitter.com/foodfusionpk","http://facebook.com/foodfusionpk","http://instagram.com/foodfusionpk","street style"
"https://www.youtube.com/channel/UCJYcxoH_Pg7Aa_BTFM5RudQ/","Nil Sani","337073","19799919","nilsaniyt@gmail.com","https://twitter.com/nil_sani","","https://instagram.com/nilsani/","street style"
"https://www.youtube.com/channel/UChNN7VBxPTiNrqjUaQd9bxA/","Teachingmensfashion","4171732","546272447","info@teachingmensfashion.com","https://twitter.com/TMFMag","https://www.facebook.com/pages/Teaching-Mens-Fashion/560467530647111","https://www.instagram.com/teachingmensfashion/?hl=en","street style"
"https://www.youtube.com/channel/UCOrCq3t0bQiWSWkI0Og9Gpg/","Meet The Presleys","11867","3594307","meetthepresleys@yahoo.com","","https://www.facebook.com/MeetThePresley?fref=nf","","street style"
"https://www.youtube.com/channel/UCdQeAnWbmyIKtCmPPUKyG3Q/","street snap Asia","","313","","","","","street style"
"https://www.youtube.com/channel/UCBkH7wCCIswLSCffEukxi_w/","CelebrityMajor","26688","10507402","","","","","street style"
"https://www.youtube.com/channel/UC-HeYLIa5ew8xqnVKcQRjcg/","Street Style Battle League","112","21836","","","","","street style"
"https://www.youtube.com/channel/UCuBV1Urkr8l5mvW_h5rBQfg/","Explore More","7211","2102421","hello.exploremore@gmail.com","","","","street style"
"https://www.youtube.com/channel/UChgWlqh324IXVZQoKKgAorw/","AJ Street Style","550","","","","","https://www.instagram.com/aj.to.the/","street style"
"https://www.youtube.com/channel/UC_oCHYqWbFPqj2vswnY26LA/","TASTY RECIPE HUT","136777","15919752","tastyrecipehut@gmail.com","https://twitter.com/HutRecipe","https://www.facebook.com/tastyrecipehut/?modal=admin_todo_tour","https://www.instagram.com/tastyrecipehut/?hl=en","street style"
"https://www.youtube.com/channel/UCnhsBOkaZkR-epruRZbIoFA/","La'Tecia Thomas","475047","85794906","contact@lateciathomas.com","","","","street style"
"https://www.youtube.com/channel/UCdLa-vJjGnQmXy8KgBIqq8w/","Sven Otten - JustSomeMotion","316750","91154866","marta@martapr.com","https://twitter.com/SvenOtten_?lang=en","https://www.facebook.com/SvenOttenjsm/","https://www.instagram.com/svenotten_","street style"
"https://www.youtube.com/channel/UC9gYRwHS7PKCRnF7ATFv0EQ/","Hot Trend TikTok","46135","9433758","thaovy1991officail@gmail.com","","","","street style"
"https://www.youtube.com/channel/UCz9rocPKajAx0id7IRqHJ1w/","Stars Lifestyles","26090","16517572","","https://twitter.com/StarsLifestyles","https://www.facebook.com/Stars-Lifestyles-1797087757196137/","","street style"
"https://www.youtube.com/channel/UCscdZlrcu1HISg3ZCiPZTPA/","Beautips - tips for beauty style and health","1581","589777","contact@beautips.info","https://twitter.com/beautips","https://www.facebook.com/beautips","https://www.instagram.com/beautipsinfo/","street style"
"https://www.youtube.com/channel/UCX_8_5Bw8cXqIZDFk795fcQ/","sunnydahye","700829","43514972","business@houseofhur.com","","","","street style"
"https://www.youtube.com/channel/UCUM0EMVw0nyynzUvwzO4vxQ/","British GQ","184150","56503646","","http://www.twitter.com/britishgq","http://www.facebook.com/britishgq","","street style"
"https://www.youtube.com/channel/UCl20GIjDoAB3Do_lO8Iscmw/","HYPEBAE","49142","6386019","","","","","street style"
"https://www.youtube.com/channel/UC-dM1sglRNwd9JiCIoVQz8g/","UrbanGabru Men's LifeStyle","1035283","51680823","urbangabru.in@gmail.com","","","","street style"
"https://www.youtube.com/channel/UC4Q2IuSY8mcl39-63HjavvQ/","MikariaJanae TV","233823","7188847","MikariaJanae@yahoo.com","","","","street style"
"https://www.youtube.com/channel/UCAEKq7rlC0QmqMD2l_FTcnQ/","WGSN","17919","601000","contactus@wgsn.com","","","","street style"
"https://www.youtube.com/channel/UCBqN94yE4nu2adU8GjNCE_g/","Shahstyle","","2020","mdshah.shah2@gmail.com","","","","street style"
"https://www.youtube.com/channel/UCV-BELv7puHpET_V4DWjMiw/","Fashion One - Topic","4","","","","","","street style"
"https://www.youtube.com/channel/UCDZZxHToJy9rUi2ziPQSWNQ/","Ultimate Freestyle - Oh My Goal","21209","2752032","m.horbez@jellysmack.com","","https://www.facebook.com/FUB.KeliNetwork/","","street style"
"https://www.youtube.com/channel/UCNn0nnACzzlQSFBnoOpJ6_w/","Insta'Fashion","36156","9761269","m78276408@gmail.com","","","","street style"
"https://www.youtube.com/channel/UCWRYlfpX_R6A_aWXWpW2tbg/","KINCHO - PUBG MOBILE","56799","21108","","","","","street style"
"https://www.youtube.com/channel/UCtq9QuVaiYfON5zduqk8cAA/","James and Mark","13527","1831317","","","","","street style"
"https://www.youtube.com/channel/UC-7wHVNRZ3Ie9sngKISqHhw/","Anna Sakhno","10486","2118408","","","https://www.facebook.com/anna.sakhnobessonova","","street style"
"https://www.youtube.com/channel/UCDr2oMaYfTBuy_so7Mly7TQ/","WHAT’S ON THE STAR?","65892","7993623","whatsonthestar@gmail.com","","","","street style"
"https://www.youtube.com/channel/UCMCMSAJus3eqku75uvhaR5A/","Gus Clique","450","32481","","","","","street style"
"https://www.youtube.com/channel/UCRm3Dnf3ez-AsMMUMgAJa_w/","you do you Street style","74","10823","","","","","street style"
"https://www.youtube.com/channel/UCd8Dtl8hFSaBeUMP4qid_tw/","stay chic","3732","1089397","staychic75@gmail.com","","","","street style"
"https://www.youtube.com/channel/UCb48JF8nEruSREjnFgs6Rtw/","FFX Street Style","42","1911","","","","","street style"
"https://www.youtube.com/channel/UCrv-QcXULC3pPPVr8gqw6Yw/","StreetStyle Music","355","22633","","","","","street style"
"https://www.youtube.com/channel/UCCFjsfoV6ow1YKWM1PHgf7g/","Street Style Poser","23","8832","streetstyleposer@gmail.com","","https://www.facebook.com/StreetStylePoser/","https://www.instagram.com/streetstyleposer/","street style"
"https://www.youtube.com/channel/UCMECdRNSWNudtMdZapiJ06A/","StreetStyleCustomsTV","626","2155500","","","","","street style"
"https://www.youtube.com/channel/UCU0X0jiii24OXllSgXbPVBw/","Madelaine Petsch","4704265","132178511","lauren@imprint.media","https://www.twitter.com/madelainepetsch","https://www.facebook.com/Madelaine-Petsch-263818610467006/","https://www.instagram.com/madelame/","street style"
"https://www.youtube.com/channel/UCj06gBA1Rgrz7xCoz54cbZQ/","MR BUCHA","","80297155","Email-bilalmunir562@gmail.com","","","","street style"
"https://www.youtube.com/channel/UCwtkVD3oLGmHuCjGecD2QpA/","DenkOps - Chris Denker","1257458","410488773","denkenterprises@gmail.com","http://twitter.com/thechrisdenker","http://facebook.com/chrisdenker","","street style"
"https://www.youtube.com/channel/UCj8gQGR9Y0LBADB-D_U0gZA/","Plus Size Fashion Diaries","7704","3861861","xtreamfun@gmail.com","","","","street style"
"https://www.youtube.com/channel/UC5t7lmX1GgKSuejlHbGzGzA/","BeFreestyleTV","5329","690178","biuro@befreestyle.pl","","https://www.facebook.com/befreestylefootball","https://instagram.com/be_freestyle_team/","street style"
"https://www.youtube.com/channel/UCOXFVINC6GCo86LBy0NQCIg/","Romee Strijd","1031750","56822299","laurensvanleeuwen@live.nl","","","","street style"
"https://www.youtube.com/channel/UCGPBw9lnBjypCpoeUZK1LXQ/","Desi Cooking","1190","64874","","","","","street style"
"https://www.youtube.com/channel/UCOTIeIEXL9LkkvoVKZDNr3A/","British Fashion Council","26725","8892313","","https://twitter.com/BFC","https://www.facebook.com/britishfashioncouncil","http://instagram.com/britishfashioncouncil#","street style"
"https://www.youtube.com/channel/UCjE8_lR9L6TF6pw2QrWrodA/","Amazing Fashion Line","","41123","umamchoirul226@gmail.com","","","","street style"
"https://www.youtube.com/channel/UCBLvii9_Ut12zxPFC5xl57A/","Top Reaction TV","","11333087","meomeorian@gmail.com","","","","street style"
"https://www.youtube.com/channel/UCkEaVlqwq-9Bb6idwwW96Gw/","FreeStyleBreaDance","1189","1150030","","","","","street style"
"https://www.youtube.com/channel/UCLsta0_qrcZpSCw9MEgGTlg/","Fashion & Beauty","1576","1198268","","https://twitter.com/LingerieYT","","","street style"
"https://www.youtube.com/channel/UCsyeT5Jf3-Ak51Udv1XIjLg/","Life Over Sixty With Sandra","","1309430","screenactor@me.com","https://www.twitter.com/sandrashart","https://www.Facebook.com/lifeoversixty","https://www.instagram.com/sandrashart","street style"
"https://www.youtube.com/channel/UCPPIsrNlEkaFQBk-4uNkOaw/","Hebbars Kitchen","2653273","471346845","hebbars.kitchen@gmail.co...","/redirect?event=channel_description&q=https%3A%2F%2Ftwitter.com%2FHebbarsKitchen&redir_token=MEYiOAyPBgKlSu8ln1D8tg6vzbl8MTU2NzI2NTE3NkAxNTY3MTc4Nzc2","https://www.facebook.com/HebbarsKitchen/","","street style"
"https://www.youtube.com/channel/UCmPgDOHAAM4lmNlU4CcuMYw/","Joan Kim","563070","41163066","hijoankeem@gmail.com","https://twitter.com/joankeem","https://www.facebook.com/joankeem/","http://instagram.com/joankeem","street style"
"https://www.youtube.com/channel/UCChqsCRFePrP2X897iQkyAA/","Kabita's Kitchen","5485179","833463819","kabitaskitchen@gmail.com","","","https://www.instagram.com/kabitaskitchen/","street style"
"https://www.youtube.com/channel/UC3pU93JqBajOqWiGUKTG-tw/","NevyaNMB","323129","23720043","nevyanmb@outlook.fr","","","","street style"
"https://www.youtube.com/channel/UC-G24bE0aiPvj4DrxarrbvQ/","Kwankyewaa's Kitchen","14963","1030115","","","","","street style"
"https://www.youtube.com/channel/UCcj29Jd-3LhbNSLII6Gx2_g/","love love","74","18671","","","","","street style"
"https://www.youtube.com/channel/UCxANYxgMTfJp3ZE8opnvJvQ/","Q2HAN","458126","35583236","q2hans@gmail.com","http://www.twitter.com/q2han","http://www.facebook.com/q2han","http://www.instagram.com/q2han","street style"
"https://www.youtube.com/channel/UCCd97sm-rASzjoaoyVz_dOA/","WASS TV","22328","1183641","wasstv.info@gmail.com","","","","street style"
"https://www.youtube.com/channel/UCYLAf7WuBy6y64RewvwGjoQ/","Bong Eats","548899","48158203","mail@bongeats.com","https://twitter.com/bongeats","https://www.facebook.com/BongEats/","https://www.instagram.com/bongeats/","street style"
"https://www.youtube.com/channel/UCA-RnIllZ_QfWMU-l7BErRQ/","Anthony Deluca","26137","1063666","ftr.anthony@gmail.com","https://twitter.com/anthonydelucv","","https://www.instagram.com/anthonydelucv/","street style"
"https://www.youtube.com/channel/UCg7w2jzgxe0RNQ9AKEd357g/","THE FASHION CHANNEL","10179","2758545","royalfashionchannel@gmail.com","","","","street style"
"https://www.youtube.com/channel/UC_CydIbJiig9zulZh-seJ_Q/","Kanak's Kitchen","541364","79060950","kanakskitchen@gmail.com","https://twitter.com/kanakskitchen/","","","street style"
"https://www.youtube.com/channel/UCbKc18IZll7cxpNOxVmE1MA/","bharatzkitchen","445687","56334666","bharatzkitchen@gmail.com","http://www.twitter.com/bharatzkitchen","http://www.facebook.com/Bharatzkitchen","","street style"
"https://www.youtube.com/channel/UCcZEPPdyeNDRKII4XLS3I0A/","The Purple Palace","96252","3714736","ThePurplePalace711@gmail.com","","","https://www.instagram.com/_purple_palace/","street style"
"https://www.youtube.com/channel/UCPPIsrNlEkaFQBk-4uNkOaw/","Hebbars Kitchen","2653273","471346845","hebbars.kitchen@gmail.co...","/redirect?redir_token=rG-A-DlX_p188CIteTkBNTBJ13R8MTU2NzI2NTE4NEAxNTY3MTc4Nzg0&q=https%3A%2F%2Ftwitter.com%2FHebbarsKitchen&event=channel_description","https://www.facebook.com/HebbarsKitchen/","","street style"
"https://www.youtube.com/channel/UCyVPktsVGyRIac6oUrHfeFQ/","HDCAM","","483013","camhd2017@gmail.com","https://twitter.com/HDCAMStudio","","","street style"
"https://www.youtube.com/channel/UC0pZaNTzixgpaddyXV_9Sjg/","Vietnam International Fashion Week","70288","23773515","","","","","street style"
"https://www.youtube.com/channel/UCe__OqFcmlBHtqZ0DUSIyjw/","N'Oven - Cake & Cookies","975358","108526629","","https://twitter.com/nahidaoven","","","street style"
"https://www.youtube.com/channel/UC5zUyyZOD8iiAwTFmyUOCUg/","Fashion Mania","679","266293","kamran.shafqatali@yahoo.com","","","","street style"
"https://www.youtube.com/channel/UCHZjyjtZ-aEC2uhUmbvyXDw/","TWERK YT","759","76794","","","","","street style"
"https://www.youtube.com/channel/UCgtR6dyT6QlKk-Mxx4gvyjw/","Cooking with Asifa","675323","61472435","cookingwithasifa@gmail.com","https://twitter.com/CookingW_Asifa","https://www.facebook.com/CookingwithAsifa/","","street style"
"https://www.youtube.com/channel/UCYIjLf2meqJgpTqtEoMV9Lw/","MX channel","116239","35792010","","","","","street style"
"https://www.youtube.com/channel/UCAjCDCz19uenebkf_dQ2JVg/","Shetty's Kitchen","","79759599","","","","","street style"
"https://www.youtube.com/channel/UCy9V42tgmSXrNamdVNIOUCg/","Eva in the City","20449","2432132","evainthecity1@gmail.com","/redirect?redir_token=0V3hXnRj1qyve8VYTxge5OKFVqB8MTU2NzI2NTM0OEAxNTY3MTc4OTQ4&q=http%3A%2F%2Ftwitter.com%2Fevainthecity1&event=channel_description","","http://instagram.com/evainthecity","street style"
"https://www.youtube.com/channel/UCkPcwhHwUGVkhnwGQFVTyUw/","Million 2H Billion","","106305","Million2Hbillion@gmail.com","https://mobile.twitter.com/2hBillion","https://m.facebook.com/Million2hBillion","https://www.instagram.com/million_2h_billion/","street style"
"https://www.youtube.com/channel/UCQStO50-mii55SBNu2-IJtg/","Nights Around a Table","3794","120606","nightsaroundatable@gmail.com","","","","street style"
"https://www.youtube.com/channel/UCoWWUQ2M_8DMaTLgBvLnLAg/","Elite Model Look","127988","10391066","info@elitemodellook.com","https://twitter.com/eml_int","https://www.facebook.com/EliteModelLook","https://instagram.com/elitemodellook","street style"
"https://www.youtube.com/channel/UCIYC_41YrM4SDrTPiBmxt7A/","Amstrdam StreetStyle","4","9604","","","/redirect?event=channel_description&q=http%3A%2F%2Fwww.facebook.com%2Famstrdamstreetstyle&redir_token=38X952chIxRJqbQ0fAvfDEoL7-l8MTU2NzI2NTM0OUAxNTY3MTc4OTQ5","/redirect?event=channel_description&q=http%3A%2F%2FINSTAGRAM.COM%2FAMSTRDAMSTREETSTYLE&redir_token=38X952chIxRJqbQ0fAvfDEoL7-l8MTU2NzI2NTM0OUAxNTY3MTc4OTQ5","street style"
"https://www.youtube.com/channel/UCax2gdryxvel33gF4P6fPHg/","The Agency Arizona","85758","7441806","info@theagencyaz.com","","","","street style"
"https://www.youtube.com/channel/UCs5NGPin8pTu8imTFo8yQbg/","JARED LETO","122847","3372748","","http://twitter.com/jaredleto","http://facebook.com/jaredleto","/redirect?event=channel_description&q=http%3A%2F%2Finstagram.com%2Fjaredleto&redir_token=38X952chIxRJqbQ0fAvfDEoL7-l8MTU2NzI2NTM0OUAxNTY3MTc4OTQ5","street style"
"https://www.youtube.com/channel/UCee7UjNt-Sog28liv8RXZpQ/","BEDHEAD by TIGI","7143","2510550","","https://twitter.com/TIGIPro","https://www.facebook.com/BedheadByTIGI","http://instagram.com/bedheadbytigi","street style"
"https://www.youtube.com/channel/UCeo3i6z8O_2PpydNN_8xaEw/","Gucci Master","3129","507497","theguccimaster@gmail.com","","","https://instagram.com/theguccimaster/","street style"
"https://www.youtube.com/channel/UChbxcLcv7SsGYNrlvl1FL3w/","EvlRabbit","11708","1866738","teamevlrabbit@gmail.com","","","","street style"
"https://www.youtube.com/channel/UCA_NV7pcIdjF32sDcnjlaqQ/","Kino Link","262","318504","","","","","street style"
"https://www.youtube.com/channel/UC9vckQuVZgIg9g5bawz8k8w/","A Star","15829","9509910","","","","","street style"
"https://www.youtube.com/channel/UCU_GxBAZve8YBhaJumuLqYA/","FlavorsOfMyPlate","1710","49954","flavorsofmyplate@gmail.com","","https://www.facebook.com/flavorsofmyplate/","https://www.instagram.com/flavorsofmyplate/","street style"
"https://www.youtube.com/channel/UCvF0lB5tlTLo0OjkYiytsAg/","Nene Simmer","123","2629","","","","","street style"
"https://www.youtube.com/channel/UCXSjT3I3m6Rc81ihJqIztfw/","StreetStyle TV","7","","","","","","street style"
"https://www.youtube.com/channel/UCSNtgLG8S073khvrXtoZbog/","Jordan O'Brien","439157","43032526","jordan@pulse-mgmt.com","","","","street style"
"https://www.youtube.com/channel/UCTBFO1h1vBHk8-GmtA92o_w/","Street Style SKATEBOARDING","","30748","","","","","street style"
"https://www.youtube.com/channel/UCHkaVHdFbo4R_3Z_CkjuVnA/","Urban Decay Cosmetics","151408","9649473","","https://twitter.com/UrbanDecay","https://www.facebook.com/urbandecayglobal","https://www.instagram.com/urbandecaycosmetics/","street style"
"https://www.youtube.com/channel/UCVNrpO7KiVMdwOdFZwLkWRA/","Play Doh Fashion and Toys","1422187","866197246","info@playdohcraftntoys.com","","","","street style"
"https://www.youtube.com/channel/UCyAsMNilCDg3IfDzeH7jyNA/","Mediametricz","1408","488395","","","","","street style"
"https://www.youtube.com/channel/UCu-ojQHk9kKjs1I_yKvKnkA/","Samdiy07","2140","178905","doityourself796@gmail.com","https://twitter.com/Samdiy07","","https://www.instagram.com/samdiy07/","street style"
"https://www.youtube.com/channel/UCZprVLJfXNuCO50MAnXL_CQ/","NET-A-PORTER","260784","63347678","","https://twitter.com/NETAPORTER","https://www.facebook.com/netaporter","http://instagram.com/netaporter","street style"
"https://www.youtube.com/channel/UC5NhQ_3JcQGpVnDzENJdpaA/","Street Style","10","158","","","","","street style"
"https://www.youtube.com/channel/UCdegm7Y2AePJhkkmWCyYEwg/","Rajshri Food","2016327","335192260","","https://twitter.com/rajshrifood","https://www.facebook.com/rajshrifood","https://instagram.com/rajshrifood","street style"
"https://www.youtube.com/channel/UCmnyuckP3d9vQqEFp6tFTSw/","kxdsheldy","127826","10437542","kxdsheldymgmt@outlook.com","https://twitter.com/kxdsheldy?lang=en","https://www.facebook.com/","https://www.instagram.com/kxdsheldyy/","street style"
"https://www.youtube.com/channel/UCtjxvAYyyJE83itbUGjAc0Q/","Naush Kitchen Routine Channel","91792","7833849","naushkitchenroutine@gmail.com","","","","street style"
"https://www.youtube.com/channel/UC3dvtYHCP33UG1ZGlIf_B6w/","Xing Liu","44255","5617923","caliallstaring@gmail.com","","","","street style"
"https://www.youtube.com/channel/UC2bgPCeViczOgAoPJLr_iug/","The Terrace Kitchen","540954","58719296","theterracekitchen@gmail.com","","https://www.facebook.com/TheTerraceKitchen","https://www.instagram.com/theterracekitchen/","street style"
"https://www.youtube.com/channel/UCJk4c2WNp2rC_82nHyA9p0Q/","smilelikenina","6594","558352","smilelikenina@gmail.com","","","","street style"
"https://www.youtube.com/channel/UCuB_PeepO1wImbgCf1bFpTA/","A Journey Like Never Before","701","81998","ashwincashok@gmail.com","","","https://www.instagram.com/blazingashwin/","street style"
"https://www.youtube.com/channel/UCBSNuZ7jriJm4H2j8V9ylHQ/","vegetarian Rasoi","10870","877671","richasrecipe@gmail.com","","","","street style"
"https://www.youtube.com/channel/UCxkFbPX0UQ2nMb69VHz5reA/","My Kind Of Productions","159882","12453297","mykindofproductions@gmail.com","","","","street style"
"https://www.youtube.com/channel/UCh7aOQdbgn29Sk_xXhHqCQw/","Chica 1987 the Chicken","287","219652","","","","","street style"
"https://www.youtube.com/channel/UC_3bpHMPGuYnEp1hwY1Bk6w/","StyleBlazer","6798","1157614","","https://twitter.com/styleblazer","https://www.facebook.com/StyleBlazer","","street style"
"https://www.youtube.com/channel/UC5S375utUC2kq0Mo4bA0pRA/","theWFFA","7129","200011","info@thewffa.org","","","http://instagram.com/thewffa","street style"
"https://www.youtube.com/channel/UCMlJjMRSKaUQhXQ_9XjCGpg/","Myntra","722156","661730745","","https://twitter.com/myntra","https://www.facebook.com/myntra","https://www.instagram.com/myntra/","street style"
"https://www.youtube.com/channel/UCU9PBQd9Xi5IUm8vECziCJA/","PAUSE Online","13989","970245","info@pausemag.co.uk","","","","street style"
"https://www.youtube.com/channel/UCYKNPnoNA1ob38Kez9KNm8A/","Streetlife Crew","199","17861","","","","","street style"
"https://www.youtube.com/channel/UC1Jofkim78k3ymlfHm4tgHA/","World Plus","61605","7529046","worldplusvideo123@gmail.com","","","","street style"
"https://www.youtube.com/channel/UCKeJMa0J6dLsG1z1uwo_Agg/","Sonu Kitchen Muscat","1106","21830","mavuri.sonu@gmail.com..","","https://www.facebook.com/mavuri.vijayalakshmi","","street style"
"https://www.youtube.com/channel/UCuZbMkoq82SUzBQMkBKrf0Q/","6pm.com","351","5851","cs@6pm.com","https://twitter.com/Shop6pm","https://www.facebook.com/shop6pm","http://instagram.com/shop6pm","street style"
"https://www.youtube.com/channel/UCmCrqvyxnwkEMm1PLSxBpdA/","star talent","","1435305","","","","","street style"
"https://www.youtube.com/channel/UCTfT_5osU_gtmXyoVrJQmpw/","Jojo Lara","1630","37799","jojolara@me.com","https://twitter.com/jojolara1","https://www.facebook.com/jojo.lara.5","https://www.instagram.com/j0j0lara/","street style"
"https://www.youtube.com/channel/UCRTBTvGCy_K213Rtlk-zkPA/","Maya Zaya","41325","4445455","mayazaya28@gmail.com","","","https://www.instagram.com/mayazaya7/?hl=ru","street style"
"https://www.youtube.com/channel/UCNbvAapxoaYOJfg8ebFvn2A/","Laura freestyle","1425","33366","","","","","street style"
"https://www.youtube.com/channel/UCeHjI5u_TFOs_QjDNg9CTuQ/","Tim Bryan","89705","6615262","TimBryanMedia@gmail.com","https://twitter.com/Tim_Bryan3","https://www.facebook.com/pages/Tim-Bryan/144789658867442?ref=aymt_homepage_panel","https://www.instagram.com/timbryan/","street style"
"https://www.youtube.com/channel/UCzAE0QlDfwrjmQGkCSxa9rw/","My Kitchen My Dish","831936","99204716","contact.mykitchenmydish@enlyft.in","https://twitter.com/Mykitchenmydish","https://www.facebook.com/mykitchenmydish.2016","https://www.instagram.com/mykitchenmydish/","street style"
"https://www.youtube.com/channel/UClgqvfKOf9dGloJYz_Hfjyg/","Runway Manhattan","1823","253477","hello@runwaymanhattan.com","","","","street style"
"https://www.youtube.com/channel/UCsZdSSDZmf8_loOFnGnaN7g/","Silvia BoschBlog","3375","1636804","silviaboschblog@gmail.com","http://www.twitter.com/#!/silviaboschblog","http://www.facebook.com/profile.php?id=100002926305628","https://www.instagram.com/silviaboschblog/","street style"
"https://www.youtube.com/channel/UC5XeYGnh5bnCD1NfxntZYzg/","Food Ki Deewani","","26993","","","","","street style"
"https://www.youtube.com/channel/UCWwQcof8kMwrif1Io_BNlFQ/","Desi Kitchen","407092","73583238","amazingkidsrhymes@gmail.com","","","","street style"
"https://www.youtube.com/channel/UCB3YyNOTdZb6PENraQBwCFA/","Yum Curry","80266","3857874","yumcurry88@gmail.com","","https://www.facebook.com/yumcurry88/","","street style"
"https://www.youtube.com/channel/UC8Rzwll06YU2xZNIBxPQl3A/","Chic Street Style","44","1776","","https://twitter.com/ChicStStyle","https://www.facebook.com/ChicStreetStyle","http://instagram.com/chicstreetstyle","street style"
"https://www.youtube.com/channel/UCarQwI55y9yLxbQOsOkG9cw/","SooperChef","175412","19741448","sales@sooperchef.pk","https://twitter.com/SooperChefpk","https://www.facebook.com/SooperChef","https://www.instagram.com/sooperchef/","street style"
"https://www.youtube.com/channel/UCVubKOvojNde5oWroVHsitg/","Indola Official","2436","200797","","","https://www.facebook.com/IndolaOfficial","https://www.instagram.com/indola/","street style"
"https://www.youtube.com/channel/UCF-5kIn47L18K-ly1b94Fkg/","Miss80Million","24475","4059546","miss80million@hotmail.com","https://twitter.com/miss80million","http://www.facebook.com/miss80million","http://instagram.com/miss80million","street style"
"https://www.youtube.com/channel/UCG5I0OU8csLOCkeLagP_6Sw/","Allchloerose","2725","185601","chloerosemoutter@hotmail.co.uk","https://twitter.com/allchloerose","","https://www.instagram.com/allchloerose/","street style"
"https://www.youtube.com/channel/UCwwrJcu6IDaMJwANa_c6Rdw/","Elevated Ike","26516","3902347","elevatedike@gmail.com","http://twitter.com/elevatedike","","http://instagram.com/elevatedike/","street style"
"https://www.youtube.com/channel/UCDZZxHToJy9rUi2ziPQSWNQ/","Ultimate Freestyle - Oh My Goal","21208","2752032","m.horbez@jellysmack.com","","https://www.facebook.com/FUB.KeliNetwork/","","street style"
"https://www.youtube.com/channel/UCCryx2gTtLLD55_dMKM5d5w/","Good Evening","25057","35045","","","","","street style"
"https://www.youtube.com/channel/UCEZedLMX2mZb6Jpwd3bJzMw/","Fashion Channel","2391","1027427","amitchavan664@gmail.com","","","","street style"
"https://www.youtube.com/channel/UC2KaKaywRTjJlU9grZdxBag/","Racquel Stewart","","1163283","racquel.stewart@live.co.uk","https://twitter.com/RacquelStewart","https://www.facebook.com/pages/Racquel-Stewart/217367458463621?ref=hl","http://instagram.com/racquelstewart","street style"
"https://www.youtube.com/channel/UCaI4Tib6te88f_P9r8w5Tmw/","Jackman Works","275345","19115698","jackmanworks@gmail.com","http://twitter.com/jackmanworks","http://www.facebook.com/jackmanworks","http://www.instagram.com/jackman_works","street style"
"https://www.youtube.com/channel/UCCsSKdCYSDGNffTJ-FKHekQ/","StyleHunters Manchester","752","16333","","/redirect?redir_token=xCyhQHc-bcV81NuOaTESAUz_tN58MTU2NzI2NTM2MkAxNTY3MTc4OTYy&q=https%3A%2F%2Ftwitter.com%2FStyleHuntersMan&event=channel_description","https://www.facebook.com/StyleHuntersManchester","","street style"
"https://www.youtube.com/channel/UCpzszAtTHJVWNFGjZXiliKw/","gamerrey23","289","262029","","","","","street style"
"https://www.youtube.com/channel/UCsP_NHYsVTN5nvPsI7tm4LQ/","HDFASHION&LifeStyle","","786249","info@hdfashion.tv","","https://www.facebook.com/HDFASHION.LIFESTYLE","https://www.instagram.com/hdfashion.tv","street style"
"https://www.youtube.com/channel/UCZyo20JIwo-O-Tj5whUInzQ/","Visa Australia","2663","5105326","","","","","street style"
"https://www.youtube.com/channel/UCL4_AGmovgn7txkGcuJLvPg/","Jake Daniels","361169","45017301","JakeDaniels840@gmail.com","https://twitter.com/Jake_Danielss","https://www.facebook.com/JakeDanielsWorld/","https://www.instagram.com/jakedanielsworld/","street style"
"https://www.youtube.com/channel/UCc04V9n6yn1OhPXjBPyp3BQ/","TekNeekBattles","2594","407225","","https://twitter.com/TekNeekOfficial","https://www.facebook.com/tekneekofficial","","street style"
"https://www.youtube.com/channel/UCNGnvDXqu3vSls0Jl9fhpwA/","Dressfurs","72","31188","donouyang@icloud.com","https://twitter.com/ouyangpiaoxiong","https://www.facebook.com/womenfurparkas/","https://www.instagram.com/dressfurs/","street style"
"https://www.youtube.com/channel/UCe2kliELQmRk1xERECGzTbg/","IVARBU","1619","2189910","ivarbu.live@gmail.com","","","","street style"
"https://www.youtube.com/channel/UCmyd4RqO8eArtMVN0qXzbhQ/","YourHowToDo","124473","26813871","yourhowtodo@gmail.com","https://twitter.com/yourhowtodo","https://www.facebook.com/YourHowToDo","","street style"
"https://www.youtube.com/channel/UCebIZQq-I9bAitZOpTrRoVA/","MOMOLO Street Style Kids moda infantil","16","512","momolo@momolo.com","","","","street style"
"https://www.youtube.com/channel/UCdXCTRCIJGCDhvANozej_bg/","Susana Arcocha","12788","684114","susanaarcocha@hotmail.com","","","https://www.instagram.com/susanaarcocha/?hl=es","street style"
"https://www.youtube.com/channel/UC4KA3qEEEM7lj7I9NCWgOAQ/","GQ Australia","9815","6172862","","","","","street style"
"https://www.youtube.com/channel/UCSmttcZ03BJQUme33Erh6nA/","Paladins by Evil Mojo Games","1598393","70515048","","","","","street style"
"https://www.youtube.com/channel/UCnLT258kgKA2V-PNPfB68XQ/","Fashion Flick","","51908","","","","","street style"
"https://www.youtube.com/channel/UCbe7vipXcTcva2LCyoHQa8Q/","goulfully","2447","4291669","","","","","street style"
"https://www.youtube.com/channel/UCBP9FwPnqCqLhzsVxHnN_RA/","Pakistani Street Food","97139","30279682","khanwaqar516@gmail.com","","","https://www.instagram.com/pakistanistreetfoodofficial/","street style"
"https://www.youtube.com/channel/UCCsSKdCYSDGNffTJ-FKHekQ/","StyleHunters Manchester","752","16333","","/redirect?event=channel_description&q=https%3A%2F%2Ftwitter.com%2FStyleHuntersMan&redir_token=Yj0ZijPAbIP6STcrMAcP-TpOzxJ8MTU2NzI2NTM2NkAxNTY3MTc4OTY2","https://www.facebook.com/StyleHuntersManchester","","street style"
"https://www.youtube.com/channel/UCT7wETHHYAWNvK0JpoGjIfg/","RohAn Street Style","112","3154","Footballwithrohan@gmail.com","","","","street style"
"https://www.youtube.com/channel/UCUZeLqHsZxJr7RBT-04ZTyA/","Curve Girl TV","","195933","yutubejo2@gmail.com","","","","street style"
"https://www.youtube.com/channel/UCCEF0UUn5WjUpL6ORflxKlw/","FrugalMommaNTheWoods","842","39566","pokemonpurplegirl@gmail.com","","","","street style"
"https://www.youtube.com/channel/UCiXxs7HUIw-JhFLAytq77cQ/","Marana","58684","4195354","marana9195@gmail.com","","https://www.facebook.com/Marana.gm/?fref=ts","https://www.instagram.com/marana.gm/","street style"
"https://www.youtube.com/channel/UC1xtepKJjk937LKK3_jclPQ/","stickydiljoedotcom","46507","8082408","stickydiljoe@yahoo.com","https://twitter.com/stickydiljoe","https://www.facebook.com/stickydiljoe","http://instagram.com/stickydiljoe","street style"
"https://www.youtube.com/channel/UCGOrf2r-XXHsoFZZWWxB5Zg/","Food and home","1146","28325","","","","","street style"
"https://www.youtube.com/channel/UCY4LbXMycLAgpuSlvonphjQ/","Trend Games","21278","7348848","","","","","street style"
"https://www.youtube.com/channel/UC6pF3BEhKvPLP9NtEX5MVRw/","iShoot Images","2642","246429","info@ishootimages.com.au","","https://www.facebook.com/ishootimages.com.au/","","street style"
"https://www.youtube.com/channel/UC5pyqbz6YMMi1RwYdkdPQPA/","fuentes225","1731","2748378","","","","","street style"
"https://www.youtube.com/channel/UCwUpGbj7NRpDJHwbotiu6xQ/","ReyFreestyle 507","","24696","rdservices507@hotmail.com","","https://www.facebook.com/reynaldo.pena.54","","street style"
"https://www.youtube.com/channel/UC1uPVumULua5JWRO2u9yjAw/","Shan e Delhi","782886","118504837","Shanedelhi786@gmail.com","","","https://www.instagram.com/shan_e_delhi_/","street style"
"https://www.youtube.com/channel/UCgAc4EyjFdIhXi9RnqVzz6w/","Andy Visage","68","6468","","","","","street style"
"https://www.youtube.com/channel/UCuY-_CjZ0UjZO_Q_r900vKQ/","StreetStyleStudio Multimedia","21","626","128635254@N06","","http://www.facebook.com/streetstylestudio","","street style"
"https://www.youtube.com/channel/UC0PXqiud6dbwOAk8RvslgpQ/","1320video","2599861","990537749","1320video@gmail.com","","","https://www.instagram.com/1320video","street style"
"https://www.youtube.com/channel/UCxj71BF8DBO7Oh0g6aE1xUw/","Hyderabad Wala Recipes","316096","58666765","hyderabadwala1@gmail.com","","https://www.facebook.com/hyderabadwale?ref=hl","https://www.instagram.com/hyderabadwalarecipes/","street style"
"https://www.youtube.com/channel/UCoGkUAiuHBw2iOoajJMGgdw/","Sahana's Multi Cuisine Food","","2700447","sahanaparviin@gmail.com","","","","street style"
"https://www.youtube.com/channel/UCwzSI-_YsG2wyAl6WjF5g6w/","VFILES","82023","24066675","","https://twitter.com/VFILES","https://www.facebook.com/thevfiles","http://instagram.com/vfiles/","street style"
"https://www.youtube.com/channel/UCF6cZ0ju4eleB09S5JckE_g/","MarcAnthonyHairCare","8718","2648638","","https://twitter.com/marcanthonyhc","http://www.facebook.com/marcanthonyhaircare","http://instagram.com/marcanthonyhaircare","street style"
"https://www.youtube.com/channel/UCoc8tpGCY1wrp8pV7mI0scA/","H&M","376109","215723694","info@hm.com.","http://www.twitter.com/hm","http://www.facebook.com/hm","http://www.instagram.com/hm","street style"
"https://www.youtube.com/channel/UC3X1vPZSNgfA4HUjwtPlePw/","Flavours Of Food","705943","111927117","fof.hello@gmail.com","","","","street style"
"https://www.youtube.com/channel/UCIaGYGYn16uQnr78swaD2Pg/","ChimChim","7038","681104","","","","","street style"
"https://www.youtube.com/channel/UCKSnjwku_yXOOj9osQjb5Ug/","Blakehomie","172884","10523379","spammcblakely@gmail.com","","","","street style"
"https://www.youtube.com/channel/UCeE6mkDLZ7bL0oMC8qHx2Ow/","Star Gossip","5417","1309716","","https://twitter.com/stargossip555","https://www.facebook.com/stargossip555/","","street style"
"https://www.youtube.com/channel/UCgQ1an20f0aUsYZ4j2qNI-w/","CWB StreetStyle","1978","94049","","","","","street style"
"https://www.youtube.com/channel/UCuoS2QFQH-lRy2up2bXm8uw/","Ari_Maj","12051","638718","","","https://www.facebook.com/HelpIHaveNothingToWear","https://instagram.com/ari_maj","street style"
"https://www.youtube.com/channel/UCqNBmsB33rhjLED4RUNn26w/","Half Tickets","297990","192705487","","","","","street style"
"https://www.youtube.com/channel/UCsJz1O0aFWJUxdK9QB5hkuQ/","Cooking With Sehar Syed","82235","13025248","ranis2906@gmail.com","/redirect?event=channel_description&redir_token=wzNyoDK6AaffalZe7vTcxCJW4Hl8MTU2NzI2NTM3MUAxNTY3MTc4OTcx&q=https%3A%2F%2Ftwitter.com%2FRanis34","","","street style"
"https://www.youtube.com/channel/UC3Ty4mJy0LTzy_HglDEFfXg/","Ajax Media","127328","61597747","","https://twitter.com/ajaxmediayt","https://www.facebook.com/ajaxmediayt","","street style"
"https://www.youtube.com/channel/UCS-IGgStRAwG7lDVUqlZjUA/","Bollywood In Shorts","247304","116983099","","","","","street style"
"https://www.youtube.com/channel/UCfe51TBCXr3oUcBU1BD56eg/","Thunder","167","6077","michaelpaul614@gmail.com","","","","street style"
"https://www.youtube.com/channel/UCywBDHlWoz5mC_AZI4XSYiQ/","Cooking with kawish","80249","16795611","","","https://www.facebook.com/cookingwithkawish","","street style"
"https://www.youtube.com/channel/UCvOR8b-Tap4fGcG8rhJm1bg/","Cup of Couple","22898","783861","hello@cupofcouple.com","http://www.twitter.com/cupofcouple","http://www.facebook.com/cupofcouple","http://www.instagram.com/cupofcouple","street style"
"https://www.youtube.com/channel/UCV_7q582KhraFWRPtoJXLUA/","RSPN Media","3507","453603","rspnmedia@gmail.com","","","","street style"
"https://www.youtube.com/channel/UCxfetQd4040Uh3Hnr-_ktmw/","Desi Village Foods","106383","6897811","","","","","street style"
"https://www.youtube.com/channel/UCqQIUM4Fw73kv0wF49BhYpA/","Tayrep","557","118370","shadowtheeugene@gmail.com","","","","street style"
"https://www.youtube.com/channel/UCjUbU5xWgBnHyB6Ye345jpw/","Tours and Foods","39144","4541638","toursnfoods@gmail.com","","","https://www.instagram.com/toursandfoods/","street style"
"https://www.youtube.com/channel/UCP1fe5lNtVprYvXiHfR2mNA/","Food Treat","33340","2990909","foodtreat24@gmail.com","","","","street style"
"https://www.youtube.com/channel/UCWe6zosoQ6G0PCRCd3vHcQQ/","Napkid","927","134515","","","","http://instagram.com/nvpkid","street style"
"https://www.youtube.com/channel/UCoi1PLFKRSe2DI7DlBDM3rw/","MisStephany","758","3677","","https://twitter.com/stephrincesa","","https://instagram.com/stephysz","street style"
"https://www.youtube.com/channel/UC4x8fZa1LqcfOfIwiGKAy5A/","Ideas 4LooKz","","541598","","","","https://www.instagram.com/ideas4style","street style"
"https://www.youtube.com/channel/UC6FrTFO8C7ssNu-1FM3VlZg/","Dosiin TV","3016","160708","dosiin.vn@gmail.com","","","","street style"
"https://www.youtube.com/channel/UCm75OxisBuBgl3_f4F9ws-g/","ModestStreetFashion","4144","216295","","http://www.twitter.com/langstonhues","http://www.facebook.com/modeststreetfashion","http://www.instagram.com/langstonhues","street style"
"https://www.youtube.com/channel/UCFqInK-__lVyVn0doSffxDA/","CELE NEWS","","377983","","https://twitter.com/MagazineBus","","https://www.instagram.com/arbbylove/","street style"
"https://www.youtube.com/channel/UCw3eS3jh8aqMKX2TWpjxlYw/","ZAFUL","40098","8021108","Cindy.deng@zaful.com","https://twitter.com/zaful_official","https://www.facebook.com/Zaful/","https://www.instagram.com/zaful/","street style"
"https://www.youtube.com/channel/UCjhYk05-L3Hhb75NzVqpMsg/","Rizwanas Cooking","314935","36897083","rizwanascooking@gmail.com","","","","street style"
"https://www.youtube.com/channel/UCkpMBl-bps4LqsSy1kl4Dtg/","Thats So Ari","3217","127062","","","","","street style"
"https://www.youtube.com/channel/UCgvfipeY96QlJGsswUIin8A/","adorngirl","","54464","","https://twitter.com/Adorngirl","","","street style"
"https://www.youtube.com/channel/UCJmz6-JbRmt1AtlJw-iUC9Q/","Foodies with Adnan","433","12033","adnanpashavlog@gmail.com","","","","street style"
"https://www.youtube.com/channel/UC6uQxGWQSgJpEWvmGFd4YCQ/","Refashion Nepal","6731","310395","","","","","street style"
"https://www.youtube.com/channel/UCRpOgRhAsEUXEMuFyxbjO_w/","The Big Easy Casino","450","427894","","https://twitter.com/MardiGrasFL","https://www.facebook.com/mardigrascasino","","street style"
"https://www.youtube.com/channel/UCbiA1dZB6lLrNGt4dC0qZ1Q/","Barbour","8766","4505620","","https://twitter.com/Barbour","http://www.facebook.com/OfficialBarbour","http://instagram.com/barbour","street style"
"https://www.youtube.com/channel/UCZyQcFvEE8VWNheDYyAHUzg/","WWD","19675","4817943","","https://twitter.com/wwd","https://www.facebook.com/wwd","https://www.instagram.com/wwd/?hl=en","street style"
"https://www.youtube.com/channel/UCLZ1HKsITwfIRqJOJPI5y7Q/","TRESemmé","31608","17724335","","","","","street style"
"https://www.youtube.com/channel/UCBJf8d4f_59DRlM9sgi2YQQ/","channel modern fashion","858","505384","","","","","street style"
"https://www.youtube.com/channel/UCAwJfUGXJnJtDvUo3KtBG0Q/","MS Freestyle","937","93205","","","","","street style"
"https://www.youtube.com/channel/UCp7wDpdqwhda2ObHov35euQ/","Josh Daley","11806","1978441","stylemedaley@gmail.com","","","","street style"
"https://www.youtube.com/channel/UCko6ZB6C0m_3FZPfD2a-BvA/","Famous People Stories","","4660112","","","","","street style"
"https://www.youtube.com/channel/UCc11IovSjkQFq9tjku_PTYg/","MIMag","912","98995","marta.j@mimagazine.net","https://twitter.com/M_IMagazine","/redirect?q=https%3A%2F%2Fwww.facebook.com%2Fmimagazineofficial&redir_token=6y-KhFYRQvU2d6cQbEIxrxe98Kl8MTU2NzI2NTM4M0AxNTY3MTc4OTgz&event=channel_description","https://instagram.com/mimagazine/","street style"
"https://www.youtube.com/channel/UCDC2JhWnOEGdOnym-MLno9g/","The Urban Gal","706","112790","info@theurbangal.com","","","http://bit.ly/1Ot7E2w","street style"
"https://www.youtube.com/channel/UCtYhgz40OyQap7MLVDRBzIQ/","jessnmir","2532","442052","xojnm95@gmail.com","","","https://www.instagram.com/jessnmir","street style"
"https://www.youtube.com/channel/UCiZpiCrc0u4RGDqXi-uk3sg/","Atembe","1388","90507","atembe@sothisisfate.com","http://twitter.com/sothisisfate","","http://instagram.com/sothisisfate","street style"
"https://www.youtube.com/channel/UCFxXEHRcpTIMcakmH9-y1Xg/","purplefreak07","13285","1160735","reachanoushka@gmail.com","https://twitter.com/reachanoushka","","https://instagram.com/purplefreak07/","street style"
"https://www.youtube.com/channel/UCxeOKL4PQYB5z_85dliQA_Q/","ELLE UK","22544","10781779","","","","","street style"
"https://www.youtube.com/channel/UClVe2REYc9AvOrgQoyQTQqQ/","Envy Scooters","113825","8010537","","","","","street style"
"https://www.youtube.com/channel/UCnGTkBRBOndZev7cnLklXQw/","u look haute","82642","10454357","","http://www.twitter.com/ulookhaute","","","street style"
"https://www.youtube.com/channel/UC46ShmB6EJrvlC8Y7VzCKeA/","Brigitte Auligine","358","238592","","","","","street style"
"https://www.youtube.com/channel/UC4-aHXXwfw6PVIR3_fThOtA/","Galeri Kereta","307026","83377329","sales@galerikereta.com","","https://www.facebook.com/Galeri-Kereta-Networks-841587472617795/","","street style"
"https://www.youtube.com/channel/UCdxCFN-9lR5-H_DzmzNxjTw/","Vietnamese News TV","633848","211594031","","","","","street style"
"https://www.youtube.com/channel/UC1h1dR0KMQYbDJR_QzBgIXA/","saxena's kitchen","","96560","","","https://www.facebook.com/Saxenas-Kitchen-163923664160920","","street style"
"https://www.youtube.com/channel/UCFKGEVJkWXXqis9jxlh1Jrw/","zczfilms","9151","3683588","","","","","street style"
"https://www.youtube.com/channel/UCnGQOfj1b8uE0gKvn7G02xA/","Ootd - Mik Paulik","5663","2195376","","","","","street style"
"https://www.youtube.com/channel/UCx4giiwQDqagF0qB4mq8Agg/","Tik Tok Home","40933","16382988","ngoc87543@gmail.com","","","","street style"
"https://www.youtube.com/channel/UC72IQAKdC5K1R1PhGfRAevQ/","StyleLovely. com","886","136672","","https://twitter.com/Style_Lovely?lang=es","https://www.facebook.com/Stylelovely/?ref=hl","https://www.instagram.com/stylelovelyweb/","street style"
"https://www.youtube.com/channel/UCHwGONvO7eDUG0xwhUxU5Jw/","JOYCE GOLD.","218069","13279740","info.JoyceGold@gmail.com","","","","street style"
"https://www.youtube.com/channel/UChkUJGthBSeK2nhUUeLbWpA/","Thailand Street Style","304","30037","","","","","street style"
"https://www.youtube.com/channel/UCRHNPuJJTNetewTHh6CAV7w/","All New Fashion Trends","16699","4873790","","","","","street style"
"https://www.youtube.com/channel/UCZqYZh0YSMgK6z0DMEqjkoA/","UMass Street Style","10","12130","","","","","street style"
"https://www.youtube.com/channel/UC7gJCoe8Zf4N1aB0Hnmzyqg/","Evelina","1311994","108660968","Evelina@addition-llc.com","https://twitter.com/Evelina","https://www.facebook.com/evelinasfashioncafe/","http://instagram.com/evelina","street style"
"https://www.youtube.com/channel/UC-xQm13wMu8nqsTtBjcXx5A/","Tiny Kitchen","","65172640","TheBestMusicallyindia@gmail.com","","https://www.facebook.com/TinyFoodKey","","street style"
"https://www.youtube.com/channel/UCqPv71r5VrjPb6iZBDHUNmA/","TheKingOfPES","98978","30905482","","https://www.twitter.com/TheKingOfPES","https://www.facebook.com/TheKingOfPES7","https://www.instagram.com/thekingofpes7/","street style"
"https://www.youtube.com/channel/UCNxE3cHuNpcnKwP2jlGlgvg/","Asisebaila Dance School","840","266066","","https://twitter.com/Asisebaila_DS","https://www.facebook.com/AsisebailaDanceSchool/","https://www.instagram.com/asisebailads/","street style"
"https://www.youtube.com/channel/UCMbrPAyuqb2vA5qGjue5Gnw/","Food Home","","3986","foodhome2k19@gmail.com","","","","street style"
"https://www.youtube.com/channel/UCl3t0II1xNc9X2gWv6lBJ4Q/","New To Dallas Guide","1384","813670","newtodallasguide@gmail.com","https://twitter.com/newtodallasguid","https://www.facebook.com/newtodallasguide","https://www.instagram.com/newtodallasguide","street style"
"https://www.youtube.com/channel/UCrBMbqLQK0WfJ4XVF-Dd41A/","saba's best classes","359396","31218323","","","","","street style"
,,,,,,,,
,,,,,,,,
,,,,,,,,
,,,,,,,,
,,,,,,,,
,,,,,,,,
,,,,,,,,
,,,,,,,,
,,,,,,,,
,,,,,,,,
,,,,,,,,
,,,,,,,,
,,,,,,,,
,,,,,,,,
,,,,,,,,
,,,,,,,,
,,,,,,,,
,,,,,,,,
,,,,,,,,
,,,,,,,,
,,,,,,,,
,,,,,,,,
,,,,,,,,
,,,,,,,,
,,,,,,,,
,,,,,,,,
,,,,,,,,
,,,,,,,,
,,,,,,,,
,,,,,,,,
,,,,,,,,
,,,,,,,,
,,,,,,,,
,,,,,,,,
,,,,,,,,
,,,,,,,,
,,,,,,,,
,,,,,,,,
,,,,,,,,
,,,,,,,,
,,,,,,,,
,,,,,,,,
,,,,,,,,
,,,,,,,,
,,,,,,,,
,,,,,,,,
,,,,,,,,
,,,,,,,,
,,,,,,,,
,,,,,,,,
,,,,,,,,
,,,,,,,,
,,,,,,,,
,,,,,,,,
,,,,,,,,
,,,,,,,,
,,,,,,,,
,,,,,,,,
,,,,,,,,
,,,,,,,,
,,,,,,,,
,,,,,,,,
,,,,,,,,
,,,,,,,,
,,,,,,,,
,,,,,,,,
,,,,,,,,
,,,,,,,,
,,,,,,,,
,,,,,,,,
,,,,,,,,
,,,,,,,,
,,,,,,,,
,,,,,,,,
,,,,,,,,
,,,,,,,,
,,,,,,,,
,,,,,,,,
,,,,,,,,
,,,,,,,,
,,,,,,,,
,,,,,,,,
,,,,,,,,
,,,,,,,,
,,,,,,,,
,,,,,,,,
,,,,,,,,
,,,,,,,,
,,,,,,,,
,,,,,,,,
,,,,,,,,
,,,,,,,,
,,,,,,,,
,,,,,,,,
,,,,,,,,
,,,,,,,,
,,,,,,,,
,,,,,,,,
,,,,,,,,
,,,,,,,,
,,,,,,,,
,,,,,,,,
,,,,,,,,
,,,,,,,,
,,,,,,,,
,,,,,,,,
,,,,,,,,
,,,,,,,,
,,,,,,,,
,,,,,,,,
,,,,,,,,
,,,,,,,,
,,,,,,,,
,,,,,,,,
,,,,,,,,
,,,,,,,,
,,,,,,,,
,,,,,,,,
,,,,,,,,
,,,,,,,,
,,,,,,,,
,,,,,,,,
,,,,,,,,
,,,,,,,,
,,,,,,,,
,,,,,,,,
,,,,,,,,
,,,,,,,,
,,,,,,,,
,,,,,,,,
,,,,,,,,
,,,,,,,,
,,,,,,,,
,,,,,,,,
,,,,,,,,
,,,,,,,,
,,,,,,,,
,,,,,,,,
,,,,,,,,
,,,,,,,,
,,,,,,,,
,,,,,,,,
,,,,,,,,
,,,,,,,,
,,,,,,,,
,,,,,,,,
,,,,,,,,
,,,,,,,,
,,,,,,,,
,,,,,,,,
,,,,,,,,
,,,,,,,,
,,,,,,,,
,,,,,,,,
,,,,,,,,
,,,,,,,,
,,,,,,,,
,,,,,,,,
,,,,,,,,
,,,,,,,,
,,,,,,,,
,,,,,,,,
,,,,,,,,
,,,,,,,,
,,,,,,,,
,,,,,,,,
,,,,,,,,
,,,,,,,,
,,,,,,,,
,,,,,,,,
,,,,,,,,
,,,,,,,,
,,,,,,,,
,,,,,,,,
,,,,,,,,
,,,,,,,,
,,,,,,,,
,,,,,,,,
,,,,,,,,
,,,,,,,,
,,,,,,,,
,,,,,,,,
,,,,,,,,
,,,,,,,,
,,,,,,,,
,,,,,,,,
,,,,,,,,
,,,,,,,,
,,,,,,,,
,,,,,,,,
,,,,,,,,
,,,,,,,,
,,,,,,,,
,,,,,,,,
,,,,,,,,
,,,,,,,,
,,,,,,,,
,,,,,,,,
,,,,,,,,
,,,,,,,,
,,,,,,,,
,,,,,,,,
,,,,,,,,
,,,,,,,,
,,,,,,,,
,,,,,,,,
,,,,,,,,
,,,,,,,,
,,,,,,,,
,,,,,,,,
,,,,,,,,
,,,,,,,,
,,,,,,,,
,,,,,,,,
,,,,,,,,
,,,,,,,,
,,,,,,,,
,,,,,,,,
,,,,,,,,
,,,,,,,,
,,,,,,,,
,,,,,,,,
,,,,,,,,
,,,,,,,,
,,,,,,,,
,,,,,,,,
,,,,,,,,
,,,,,,,,
,,,,,,,,
,,,,,,,,
,,,,,,,,
,,,,,,,,
,,,,,,,,
,,,,,,,,
,,,,,,,,
,,,,,,,,
,,,,,,,,
,,,,,,,,
,,,,,,,,
,,,,,,,,
,,,,,,,,
,,,,,,,,
,,,,,,,,
,,,,,,,,
,,,,,,,,
,,,,,,,,
,,,,,,,,
,,,,,,,,
,,,,,,,,
,,,,,,,,
,,,,,,,,
,,,,,,,,
,,,,,,,,
,,,,,,,,
,,,,,,,,
,,,,,,,,
,,,,,,,,
,,,,,,,,
,,,,,,,,
,,,,,,,,
,,,,,,,,
,,,,,,,,
,,,,,,,,
,,,,,,,,
,,,,,,,,
,,,,,,,,
,,,,,,,,
,,,,,,,,
,,,,,,,,
,,,,,,,,
,,,,,,,,
,,,,,,,,
,,,,,,,,
,,,,,,,,
,,,,,,,,
,,,,,,,,
,,,,,,,,
,,,,,,,,
,,,,,,,,
,,,,,,,,
,,,,,,,,
,,,,,,,,
,,,,,,,,
,,,,,,,,
,,,,,,,,
,,,,,,,,
,,,,,,,,
,,,,,,,,
,,,,,,,,
,,,,,,,,
,,,,,,,,
,,,,,,,,
,,,,,,,,
,,,,,,,,
,,,,,,,,
,,,,,,,,
,,,,,,,,
,,,,,,,,
,,,,,,,,
,,,,,,,,
,,,,,,,,
,,,,,,,,
,,,,,,,,
,,,,,,,,
,,,,,,,,
,,,,,,,,
,,,,,,,,
,,,,,,,,
,,,,,,,,
,,,,,,,,
,,,,,,,,
,,,,,,,,
,,,,,,,,
,,,,,,,,
,,,,,,,,
,,,,,,,,
,,,,,,,,
,,,,,,,,
,,,,,,,,
,,,,,,,,
,,,,,,,,
,,,,,,,,
,,,,,,,,
,,,,,,,,
,,,,,,,,
,,,,,,,,
,,,,,,,,
,,,,,,,,
,,,,,,,,
,,,,,,,,
,,,,,,,,
,,,,,,,,
,,,,,,,,
,,,,,,,,
,,,,,,,,
,,,,,,,,
,,,,,,,,
,,,,,,,,
,,,,,,,,
,,,,,,,,
,,,,,,,,
,,,,,,,,
,,,,,,,,
,,,,,,,,
,,,,,,,,
,,,,,,,,
,,,,,,,,
,,,,,,,,
,,,,,,,,
,,,,,,,,
,,,,,,,,
,,,,,,,,
,,,,,,,,
,,,,,,,,
,,,,,,,,
,,,,,,,,
,,,,,,,,
,,,,,,,,
,,,,,,,,
,,,,,,,,
,,,,,,,,
,,,,,,,,
,,,,,,,,
,,,,,,,,
,,,,,,,,
,,,,,,,,
,,,,,,,,
,,,,,,,,
,,,,,,,,
,,,,,,,,
,,,,,,,,
,,,,,,,,
,,,,,,,,
,,,,,,,,
,,,,,,,,
,,,,,,,,
,,,,,,,,
,,,,,,,,
,,,,,,,,
,,,,,,,,
,,,,,,,,
,,,,,,,,
,,,,,,,,
,,,,,,,,
,,,,,,,,
,,,,,,,,
,,,,,,,,
,,,,,,,,
,,,,,,,,
,,,,,,,,
,,,,,,,,
,,,,,,,,
,,,,,,,,
,,,,,,,,
,,,,,,,,
,,,,,,,,
,,,,,,,,
,,,,,,,,
,,,,,,,,
,,,,,,,,
,,,,,,,,
,,,,,,,,
,,,,,,,,
,,,,,,,,
,,,,,,,,
,,,,,,,,
,,,,,,,,
,,,,,,,,
,,,,,,,,
,,,,,,,,
,,,,,,,,
,,,,,,,,
,,,,,,,,
,,,,,,,,
,,,,,,,,
,,,,,,,,
,,,,,,,,
,,,,,,,,
,,,,,,,,
,,,,,,,,
,,,,,,,,
,,,,,,,,
,,,,,,,,
,,,,,,,,
,,,,,,,,
,,,,,,,,
,,,,,,,,
,,,,,,,,
,,,,,,,,
,,,,,,,,
,,,,,,,,
,,,,,,,,
,,,,,,,,
,,,,,,,,
,,,,,,,,
,,,,,,,,
,,,,,,,,
,,,,,,,,
,,,,,,,,
,,,,,,,,
,,,,,,,,
,,,,,,,,
,,,,,,,,
,,,,,,,,
,,,,,,,,
,,,,,,,,
,,,,,,,,
,,,,,,,,
,,,,,,,,
,,,,,,,,
,,,,,,,,
,,,,,,,,
,,,,,,,,
,,,,,,,,
,,,,,,,,
,,,,,,,,
,,,,,,,,
,,,,,,,,
,,,,,,,,
,,,,,,,,
,,,,,,,,
,,,,,,,,
,,,,,,,,
,,,,,,,,
,,,,,,,,
,,,,,,,,
,,,,,,,,
,,,,,,,,
,,,,,,,,
,,,,,,,,
,,,,,,,,
,,,,,,,,
,,,,,,,,
,,,,,,,,
,,,,,,,,
,,,,,,,,
,,,,,,,,
,,,,,,,,
,,,,,,,,
,,,,,,,,
,,,,,,,,
,,,,,,,,
,,,,,,,,
,,,,,,,,
,,,,,,,,
,,,,,,,,
,,,,,,,,
,,,,,,,,
,,,,,,,,
,,,,,,,,
,,,,,,,,
,,,,,,,,
,,,,,,,,
,,,,,,,,
,,,,,,,,
,,,,,,,,
,,,,,,,,
,,,,,,,,
,,,,,,,,
,,,,,,,,
,,,,,,,,
,,,,,,,,
,,,,,,,,
,,,,,,,,
