url,name,subscribers,views,email,Twitter,Facebook,Instagram,search_keyword
https://www.youtube.com/channel/UC--j-yuiKFQhNAUYLt3v4fA/,Bsneak,686466,81603718,,,,https://www.instagram.com/blakelinder,streetwear
https://www.youtube.com/channel/UCNe161YMUykW264kFe5PWxA/,Highsnobiety,345620,84370745,,https://twitter.com/highsnobiety,http://www.facebook.com/highsnobiety?ref=hl,https://www.instagram.com/highsnobiety/,streetwear
https://www.youtube.com/channel/UCmPxMp-5ZvzFNUp3R3_StuA/,Blazendary,1660019,159291491,,,,http://instagram.com/giancarlopurch/,streetwear
https://www.youtube.com/channel/UCyL0RJe41itDFjd70KKZIZQ/,Frugal Aesthetic,682124,59423076,,https://www.twitter.com/christianvuiYT,,https://www.instagram.com/christianvui,streetwear
https://www.youtube.com/channel/UCuF4fworbQcuknb_Dmssw-A/,sicckm8,98019,7296854,,,,,streetwear
https://www.youtube.com/channel/UCTYs9IPY6kfH6MstuilusJQ/,Drac Streetwear,2,54,,,,,streetwear
https://www.youtube.com/channel/UCnnSPut3diQI4BtrraKpsnA/,THE CASUAL,160913,13306866,,,,,streetwear
https://www.youtube.com/channel/UCG1FQu9HEYtV69M_C7ilOcA/,Streetwear Mexico,31634,1086706,,,,https://www.instagram.com/vrx.xl.bsr/,streetwear
https://www.youtube.com/channel/UCiz8HPbiqPWjmJ6ddUpK5Og/,BARENGO Streetwear,251703,51799199,,,,https://www.instagram.com/barengo/,streetwear
https://www.youtube.com/channel/UCvO6uJUVJQ6SrATfsWR5_aA/,PAQ,700278,64639911,hello@kyra.com,,https://facebook.com/paqofficial,http://instagram.com/paq.official,streetwear
https://www.youtube.com/channel/UCtJZYz0Hqh4rlKS_vYi3Fkw/,NAYVA,335568,16881288,,,,https://www.instagram.com/nayva.official/,streetwear
https://www.youtube.com/channel/UCiWMV3RA6jpYNGZWTbjFneA/,Fly With Johnny Thai,25872,1631447,,,,http://www.instagram.com/flywithjohnnythai,streetwear
https://www.youtube.com/channel/UCVufgsQYS-EulrzYap3x1PQ/,Malina Bheri,7422,299490,malina.streetwear@gmail.com,,,,streetwear
https://www.youtube.com/channel/UC8oK3nsJUWDktTTY9Bod8ng/,Unboxing streetwear / shoes,1278,304012,,,,,streetwear
https://www.youtube.com/channel/UC_YIoqXr1xpg03H0QmyEKYg/,TOP STREETWEAR PL,3280,223243,michalakyt@gmail...,,,,streetwear
https://www.youtube.com/channel/UC_FAwrvaukiGO7hoNkPGZdQ/,Day Before The Hype,7699,474382,tod@s,,,,streetwear
https://www.youtube.com/channel/UCUCFsr77DU1-O-4djOQWVvw/,Bitter Sweet,1733,64861,,,,,streetwear
https://www.youtube.com/channel/UCl8J6lyhey5B8MLYWF21-fg/,La Cueva del Streetwear,23016,1620321,,,,,streetwear
https://www.youtube.com/channel/UCVdQKW6fmfBmhz4t5k8Dq5w/,Corbin,4974,390633,,,,https://www.instagram.com/corbincoffey/,streetwear
https://www.youtube.com/channel/UCMDtG3fFfIWPZZkiseCSzHQ/,Bat Norton - Streetwear,989,252896,,,https://www.facebook.com/batnortonbrand/,https://www.instagram.com/batnorton/,streetwear
https://www.youtube.com/channel/UCPsekEkPcvMaOVkZcRhe1KQ/,Street Wear Live Second Life,93,18182,,,,,streetwear
https://www.youtube.com/channel/UC_WVyvpQ--3nMkN1TFIQIwA/,StreetwearTV,2033,211051,,,,,streetwear
