ChannelUrl,Name,Subscribers,Views,Email,Twitter,Facebook,Instagram,email_get_from
"https://www.youtube.com/channel/UCiiwpQEv6EQ3tlfbnnpEnqw/","#SweatPantsJoeEATS","1238","127952","","","","","sweatpants"
"https://www.youtube.com/channel/UCRd3j6ZvmSy0Kf-EzcUtq9w/","baseball004","856","185202","","","","","sweatpants"
"https://www.youtube.com/channel/UC20LoHy2mX0LQODrkUalxVQ/","Donald Glover","4720517","1851165486","","/redirect?q=http%3A%2F%2Ftwitter.com%2Fdonaldglover&redir_token=F4NTwyU_liMjq7U4l1SQPaIPvFB8MTU2NzI2NTA1OEAxNTY3MTc4NjU4&event=channel_description","/redirect?q=http%3A%2F%2Ffacebook.com%2Fdonaldglover&redir_token=F4NTwyU_liMjq7U4l1SQPaIPvFB8MTU2NzI2NTA1OEAxNTY3MTc4NjU4&event=channel_description","/redirect?q=http%3A%2F%2Finstagram.com%2Fchildishgambino&redir_token=F4NTwyU_liMjq7U4l1SQPaIPvFB8MTU2NzI2NTA1OEAxNTY3MTc4NjU4&event=channel_description","sweatpants"
"https://www.youtube.com/channel/UCF0pVplsI8R5kcAqgtoRqoA/","Popular on YouTube","29789668","","","","","","sweatpants"
"https://www.youtube.com/channel/UC7IpuxxYX5ADAAcKawikgvQ/","Randy Sweatpants","396","339111","666kittenkicker@gmail.com","","","","sweatpants"
"https://www.youtube.com/channel/UCEawItscMfFpHUDpqp1LJ_Q/","TK Sweatpants","3","319","","","","","sweatpants"
"https://www.youtube.com/channel/UCDpkfNfwBWSLg4N8Egxm4Ig/","TrixSweatpants","207","1406","","","","","sweatpants"
"https://www.youtube.com/channel/UCJdMP8DRAgNrn65H2GLTKJg/","Sweat Pants","56","5545","vwoplustweedeklas@gmail.com","","","","sweatpants"
"https://www.youtube.com/channel/UCLMRExcdwQpCWXSDbWiPgJg/","Recursive Sweatpants","56385","19849169","","","","","sweatpants"
"https://www.youtube.com/channel/UCbmRjyupeSyfFPnQUve7zvg/","Sweatpants & Coffee","","3271","","","","","sweatpants"
"https://www.youtube.com/channel/UCmi9oUGZLQ0XK5uNz6tJDmg/","Kim XO","52093","4387903","","https://twitter.com/StyleByKimXO/","https://www.facebook.com/StyleByKimXO/","https://www.instagram.com/stylebykimxo/","sweatpants"
"https://www.youtube.com/channel/UCm1CpCn2-XT7f4IoouOHPmg/","Phoenix Ledger","2972","868299","","","https://www.facebook.com/Phoenix-Ledger-1975076996082277/","","sweatpants"
"https://www.youtube.com/channel/UCtA9NW3AJMEfNE1QCO2IPrw/","Daquan Wiltshire","550536","52590355","DaquanSpeaks@gmail.com","twitter.com/DaquanDMV","facebook.com/DaquanWiltshire1","Instagram.com/TakeMyVcard","sweatpants"
"https://www.youtube.com/channel/UCTWm02t-F0pOPhmOnI7u4gg/","Jazz and Tae","3570420","457239777","JazzandTae@outlook.com","","","","sweatpants"
"https://www.youtube.com/channel/UCoDbwjHMAnAsf6nYVWOpHPQ/","Love Metal Sweatpants","41","5296","","","","","sweatpants"
"https://www.youtube.com/channel/UCv4-_q3lUvUnicJuTCDnf4g/","Lionel B Wheelz","10369","163169","mr.lionelb@gmail.com","https://www.twitter.com/lionelbtv","/redirect?event=channel_description&redir_token=iZk23_QxTCEQX3bSqd3rlzctNpt8MTU2NzI2NTExNEAxNTY3MTc4NzE0&q=https%3A%2F%2Fwww.facebook.com%2Flionelbshow%2F","https://www.instagram.com/kinglionelb","sweatpants"
"https://www.youtube.com/channel/UCjYO25ZVJT523TD1iYHzcbw/","ChildishGambinoVEVO","1748292","1744896679","","https://twitter.com/DonaldGlover/","https://www.facebook.com/Childish-Gambino-183902961668587/","","sweatpants"
"https://www.youtube.com/channel/UCMCy7vtc9Ikzcu4CaHXYonw/","Freeball Commando","1966","58885","","","","","sweatpants"
"https://www.youtube.com/channel/UCt_ePtr2GAaHMvlVo6Jnq_g/","LunkersTV","1394318","205772679","lunkerstv@gmail.com","https://twitter.com/LunkersTV","https://www.facebook.com/LunkersTV","https://www.instagram.com/lunkerstv/","sweatpants"
"https://www.youtube.com/channel/UCefyezq8rtrv7G1cjIiBnSQ/","WrathriumXFears","507","260017","","","","","sweatpants"
"https://www.youtube.com/channel/UCDx1xYT9zDDC_prPCW6nOFg/","Jesus In Sweatpants","70","2044","","","","","sweatpants"
"https://www.youtube.com/channel/UCcBXPciiAsp65Ng6W4oauzg/","Husband and Husband","155724","19427169","husbandandhusband.net@gmail.com","","","http://www.instagram.com/husbandandhusband","sweatpants"
"https://www.youtube.com/channel/UCrNYM_w_jFWDD0VGL5mTw7A/","Big Belly Becky","16517","1743743","","","","","sweatpants"
"https://www.youtube.com/channel/UCoYATiiqNT7csPFqtWWfc5w/","Skillshare","178973","5392955","","http://www.twitter.com/skillshare","http://www.facebook.com/skillshare","https://www.instagram.com/skillshare","sweatpants"
"https://www.youtube.com/channel/UCIz8CHu7dpQuM9j5xWhvUww/","nomnomsammieboy","66874","17959752","nomnomsandwichboy@gmail.com","https://twitter.com/nomnomsammieboy","https://www.facebook.com/nomnomsammieboy/","https://www.instagram.com/flowkradd/","sweatpants"
"https://www.youtube.com/channel/UCLP2EiLWdJ1XLihWwfgKr_Q/","Trap Music","1823397","172565189","trapmusicth@hotmail.com","","https://www.facebook.com/AllTrapMusicTH/","https://www.instagram.com/trapmusicth/","sweatpants"
"https://www.youtube.com/channel/UCClERR5sxNC6bCjvDNYQasQ/","Bulge Tics","71","52671","","","","","sweatpants"
"https://www.youtube.com/channel/UC_I3C47_Ke_rhWH33X5RW6Q/","kenandrewdaily","259255","20057523","business@thisiskad.com","","","http://instagram.com/kenandrewdaily","sweatpants"
"https://www.youtube.com/channel/UCc_gMV4N9vJtpy7GcMUHaVw/","Trực Tiếp Game","1227444","486351462","tructiepgamecom@gmail.com.","","https://www.facebook.com/tructiepgame/","","sweatpants"
"https://www.youtube.com/channel/UCmOKlMHHTV4DX3t21j3itPw/","Olivia Jade","1949700","170199477","oliviajadeproductions@gmail.com","https://www.twitter.com/oliviajadee","","https://www.instagram.com/oliviajade","sweatpants"
"https://www.youtube.com/channel/UCaLffwUZ8bLUmW3poSaYdXQ/","Malachichi","168615","20108619","malachichigaming@gmail.com","https://twitter.com/iMalachichi?lang=en","","","sweatpants"
"https://www.youtube.com/channel/UCcqhTL704EBxZqLmlYAHe6A/","Public Rec","132","867052","","","","","sweatpants"
"https://www.youtube.com/channel/UCqpal_GdXxF_IB0zp8-3HMA/","rhys Maitchell","4110","7518677","","","","","sweatpants"
"https://www.youtube.com/channel/UCjpkXe6EPIkU0McUtG6-6ag/","ghostingcoloredits","","9187","","","","","sweatpants"
"https://www.youtube.com/channel/UC9jbx97WHiM7aPA_A3Sl6hQ/","Music Lyrics","151407","131450433","musicinfoandnews@gmail.com","https://twitter.com/ClearLyric","https://www.facebook.com/pages/Clear-Lyrics/847335621987330","","sweatpants"
"https://www.youtube.com/channel/UCvaVEjRMc91tuAxO3b3JuQw/","Son Lux","109869","30133243","","http://twitter.com/sonlux","https://www.facebook.com/sonlux","http://instagram.com/son_lux","sweatpants"
"https://www.youtube.com/channel/UCR3m5LGZuqORVdUZ1KaieYg/","Karuna Satori ASMR","853439","214964690","contactkarunasatoriasmr@yahoo.com","https://twitter.com/karunaasmrtist?lang=en","https://www.facebook.com/profile.php?id=100010590303184","https://www.instagram.com/_karunasatoriasmr/?hl=en","sweatpants"
"https://www.youtube.com/channel/UC8AyTVmO6GWOrZHka8cLHQw/","kenzie","3301487","260470555","request@mackenziezieglermusic.com","https://twitter.com/kenzieziegler","https://www.facebook.com/KenzieZiegler/","https://www.instagram.com/kenzie/","sweatpants"
"https://www.youtube.com/channel/UC0Ah-zPIUl0XdorQ2L6ssEA/","Pastelle","206498","5156812","pastelleskies@gmail.com","https://www.twitter.com/pastellesings","","https://www.instagram.com/itspastelle","sweatpants"
"https://www.youtube.com/channel/UC5gKy9jTiTh5cT1H1HekEUw/","Dom g","604","146830","","","","","sweatpants"
"https://www.youtube.com/channel/UCwiTOchWeKjrJZw7S1H__1g/","Food Insider","1518495","418432384","insider_social@thisisinsider.com","https://twitter.com/InsiderFood","https://www.facebook.com/foodinsider/","https://www.instagram.com/thisisinsiderfood/","sweatpants"
"https://www.youtube.com/channel/UCzi2JA_sx-V4gX_287DdmyA/","lego spongebob","142047","91073850","spongeboblego1@gmail.com","","","","sweatpants"
"https://www.youtube.com/channel/UCrEFCdOOfJHZi5tvnS0jLlA/","Sangiev","105252","9613174","pratheesh@wearenwn.com","https://twitter.com/sangiev","","https://instagram.com/sangiev/","sweatpants"
"https://www.youtube.com/channel/UCqI9HyfLvodz7bXFCI3PU2g/","Phil Gaimon","60638","5059068","philgaimon@gmail.com","","","","sweatpants"
"https://www.youtube.com/channel/UC6JmDMC2x3vafwH5QRB1khA/","thecreaturehub","1061503","583227075","business@roosterteeth.com","https://twitter.com/CreatureHub","https://www.facebook.com/pages/The-Creatures/256506547735748","","sweatpants"
"https://www.youtube.com/channel/UCJUIDacMU5nsfptzr2_t7SA/","Heidi Lee Bocanegra","84387","20527831","","","","","sweatpants"
"https://www.youtube.com/channel/UCo82zu3wUU03QV0Z135UhVw/","Allegra Shaw","904382","82426809","loredana@thedigitalbrandarchitects.com","https://www.twitter.com/allegrashaw","https://www.facebook.com/allegralouisee","https://www.instagram.com/allegrashaw","sweatpants"
"https://www.youtube.com/channel/UCchFxTwkKofPmUmwmmoD8gg/","Futaba Naru Gonzalez","404","1812","","","","","sweatpants"
"https://www.youtube.com/channel/UCzjrMY-f4o6rocvAIIOs2Jg/","boostxboy","1434","35508","","","","","sweatpants"
"https://www.youtube.com/channel/UC855Jc4CGO46Ye2iUjtIRLQ/","Crydiaa","238230","14233148","crydiaa@gmail.com","","","","sweatpants"
"https://www.youtube.com/channel/UCjWckqZ7RmOnGlKxtrUNSwA/","Beauty In Distress","183535","11215116","jaidendillon@yahoo.com","https://twitter.com/jaidenashlea","","https://www.instagram.com/jaiden.ashleal/","sweatpants"
"https://www.youtube.com/channel/UCJWKtXtJgJBNRMndVs8kD3Q/","Betabrand","2111","3525573","","https://twitter.com/Betabrand","https://www.facebook.com/Betabrand","http://instagram.com/betabrand_hq","sweatpants"
"https://www.youtube.com/channel/UCDTwh4_DwfMirQ-SqQpZazQ/","EB The Original Master","3892","1523215","","/redirect?q=https%3A%2F%2Ftwitter.com%2FEBTheOriginal1&redir_token=TX_F8hfDzqMNzS1GgOfDvJDUitd8MTU2NzI2NjU2M0AxNTY3MTgwMTYz&event=channel_description","","","sweatpants"
"https://www.youtube.com/channel/UCUQDQ8yKzo_vSTpqMsWLbkQ/","undine","16337","8427733","","","","","sweatpants"
"https://www.youtube.com/channel/UCC5BSbqSUkrS2eQKkrge3lg/","Katie Fredrickson","22911","2041790","katie@edgewaterave.com","","","http://instagram.com/kjfredrickson","sweatpants"
"https://www.youtube.com/channel/UCl770IAr_TfvZFeVPulp1bw/","Madelaine Mayfield","596","95099","","","","","sweatpants"
"https://www.youtube.com/channel/UCMqK0uPx_riJRuaYHPYK-qQ/","Clockwork Raven","70245","4525356","","https://twitter.com/_ClockworkCrow_","","","sweatpants"
"https://www.youtube.com/channel/UCmslva_JB0Y9Y-Bq66s7oZw/","Handsome","567","78216","69massageworld@gmail.com.","https://twitter.com/Handsomemen69","https://www.facebook.com/handsomehunk69","","sweatpants"
"https://www.youtube.com/channel/UC20LoHy2mX0LQODrkUalxVQ/","Donald Glover","4720553","1851165486","","/redirect?q=http%3A%2F%2Ftwitter.com%2Fdonaldglover&redir_token=JFh0GCrXDnPJ3tJ2Sy3wzmsJrjB8MTU2NzI2NjU2OEAxNTY3MTgwMTY4&event=channel_description","/redirect?q=http%3A%2F%2Ffacebook.com%2Fdonaldglover&redir_token=JFh0GCrXDnPJ3tJ2Sy3wzmsJrjB8MTU2NzI2NjU2OEAxNTY3MTgwMTY4&event=channel_description","/redirect?q=http%3A%2F%2Finstagram.com%2Fchildishgambino&redir_token=JFh0GCrXDnPJ3tJ2Sy3wzmsJrjB8MTU2NzI2NjU2OEAxNTY3MTgwMTY4&event=channel_description","sweatpants"
"https://www.youtube.com/channel/UCAM_qLnuItXvRw2-5jXcHOQ/","cowboy sweatpants","40","19705","","","","","sweatpants"
"https://www.youtube.com/channel/UCxNpVrrBt-UG-sJIu4R0NRg/","Emma Heffernan","2","","","","","","sweatpants"
"https://www.youtube.com/channel/UCYuoX0QsViaZ3d80wi6XyLg/","Littlelolikat","32341","9094110","","","","","sweatpants"
"https://www.youtube.com/channel/UC57vchisIvlLMRO8884lXOA/","Joe Gar","72","4615","","","","","sweatpants"
"https://www.youtube.com/channel/UCUx3i1Kj5_23EajmtoS134Q/","AutumnHour","27322","2532370","","","","https://www.instagram.com/autumnhour_/","sweatpants"
"https://www.youtube.com/channel/UC01xrq7pvCrsHpETDmknK8A/","Alexetics","35743","3898690","alexeticsbusiness@outlook.com","","","https://www.instagram.com/alexetics/","sweatpants"
"https://www.youtube.com/channel/UCDNpP_ntFMHr6CMlXFPJVpQ/","Calilies","1029","125677","","","","","sweatpants"
"https://www.youtube.com/channel/UCyeb-uLaZeKXyV43-Qz45UA/","JACKIEHOW J","2274","322140","JACKIEHOWTOS@gmail.com","","","","sweatpants"
"https://www.youtube.com/channel/UCNG1vrR1C5Wyh01Y-YzNbjQ/","Part Time Legends","24747","192871","parttimelegendscomedy@gmail.com","","","","sweatpants"
"https://www.youtube.com/channel/UC6ASJ-vcwoh5J63YVhJDlTg/","simone shepherd","26423","1670514","ReachSimoneShep@gmail.com","","","","sweatpants"
"https://www.youtube.com/channel/UCYhicbNXytI7OluG-K7JVLw/","J3PO","5849","383152","","","","","sweatpants"
"https://www.youtube.com/channel/UC_fQRCtAsjtGqVwQiGlCwxA/","Brit+Con","32063","2675007","brittaniatamayo@gmail.com","https://twitter.com/Brit__Alexandra","","","sweatpants"
"https://www.youtube.com/channel/UCGRh3MXebIz9Nl85kTjoeBA/","Dominic Ciccarelli","37986","2062686","dominicciccarelli@gmail.com","","","https://www.instagram.com/domciccarelli/?hl=en","sweatpants"
"https://www.youtube.com/channel/UCm7d_uXlSqvbO8AylLmus-Q/","—Tournesol","3197","387230","","","","","sweatpants"
"https://www.youtube.com/channel/UC9ZdPJORMkcWrk2KAFWo6iA/","FKAZAY","249","8488","","","","","sweatpants"
"https://www.youtube.com/channel/UChz9IaGCNtGxRm40Jzbp1MA/","Kadin Yu","33689","10014343","Kadin.Yu@gmail.com","https://twitter.com/KadinYu","","https://www.instagram.com/jiakadin/","sweatpants"
"https://www.youtube.com/channel/UC0yroFCqFD0tUZkaN0Toxzw/","Nick Ridgeway","1768","198146","","","","","sweatpants"
"https://www.youtube.com/channel/UCHqTy9VQ_B88brsae0CXcYg/","Love Wet Clothes","671","66127","","","","","sweatpants"
"https://www.youtube.com/channel/UC7szm7Z-YOF_HiFSY7KtYGw/","Haley Pham","2259385","146559497","haley@select.co","https://twitter.com/sushiandrue","","http://www.instagram.com/haleypham","sweatpants"
"https://www.youtube.com/channel/UCe_MXpLHvdbiRQ_6F6_sw0w/","Charlie Day","46000","7016208","charlie.desaulniers22@gmail.com","https://twitter.com/charliedayyy","https://www.facebook.com/CharlieDayyy/?ref=settings","https://www.instagram.com/officialcharlieday/","sweatpants"
"https://www.youtube.com/channel/UCtR6BLKziU9wWeZXMhUCIEg/","Matured Vibes","863","180926","","","","","sweatpants"
"https://www.youtube.com/channel/UCtkdbsS8n_dUKq8gVk0p7zQ/","Modezart On The Beat","5939","1186352","officialmodezart@gmail.com","http://twitter.com/ModezartOTB","https://www.facebook.com/ModezartOTB","https://www.instagram.com/modezartonthebeat/","sweatpants"
"https://www.youtube.com/channel/UCzT17-Lvc5L_gIT10JQsjSA/","AdelaineMorin","2616458","189111502","adelaine@mattermediagroup.com","http://twitter.com/adelainemorin","/redirect?event=channel_description&redir_token=Q8EiJsKtDR_ZdCEho37RDdOs_Vh8MTU2NzI2NjU4OEAxNTY3MTgwMTg4&q=http%3A%2F%2Fwww.facebook.com%2FAdelaineMorin","http://instagram.com/adelainemorin","sweatpants"
"https://www.youtube.com/channel/UCUyjVrHZ5lpKSOEkXASdt7w/","Anika Teller","86921","9874027","management@anikateller.com","http://twitter.com/anikateller","https://www.facebook.com/Anika-Teller-148510022350616/?fref=ts","http://instagram.com/anikateller","sweatpants"
"https://www.youtube.com/channel/UCnyN42zxJKu113ZmMRwMBtQ/","Aisha Jones","4998","850009","","http://twitter.com/AishaJonesSD","http://www.facebook.com/pages/Aisha-Jones/112366622251987","","sweatpants"
"https://www.youtube.com/channel/UCKaVzFilDkP4YeiE3FTGExg/","Twyla Momota","2062","407516","twylafromravenclaw@poczta.fm","","","https://www.instagram.com/twyla.kokichi/","sweatpants"
"https://www.youtube.com/channel/UCbfaYmYZ9dhCRcff_e9f9Aw/","KOriginal Addict","3976","1602532","","https://twitter.com/NOriginalAddict","","","sweatpants"
"https://www.youtube.com/channel/UC-sWKtjfoxuwQoz2vEuLH-Q/","studio2HN","5683","844364","twaychnation@gmail.com","","","","sweatpants"
"https://www.youtube.com/channel/UCIMgkwiCdfZMWd1SAYiicXg/","King Gargantuas","233","43216","tonyneely_0@hotmail.com","","","","sweatpants"
"https://www.youtube.com/channel/UCP13coBDhqbB01_N-77DLCw/","BlackNinja6990","2","40","","","","","sweatpants"
"https://www.youtube.com/channel/UCr7C3mqieVrSciSILyECyLQ/","Comicdud","2555","693440","comicdud@gmail.com","http://twitter.com/Comicdud","","","sweatpants"
"https://www.youtube.com/channel/UCX7Dl8k802-15exTsYi56vg/","Tori Lyn","5523","568110","Torlyn112@gmail.com","","","","sweatpants"
"https://www.youtube.com/channel/UCQYA74dPvuw4RlnsTypzxyg/","Christianchxmchxm","4498","596355","","https://twitter.com/pxrk_jxminn","","","sweatpants"
"https://www.youtube.com/channel/UCw17TyU9Jv5ugxgijytfRMQ/","Blockhead - Topic","2199","901115","","","","","sweatpants"
"https://www.youtube.com/channel/UCZr0bhixFD-heCxIUDXJ25w/","PLAY@BOY.","15763","2709661","PLAY@BOY.","","","","sweatpants"
"https://www.youtube.com/channel/UCEIfF79TezFrjfWzf30gKww/","Thoughts That Wear Sweatpants","35","1249","ThoughtsThatWearSweatpants@gmail.com","","","","sweatpants"
"https://www.youtube.com/channel/UCwu7BcKJCp1ZhdWqymijYww/","Benji Beatzz","104","1994","ben.m3yer@gmail.com","","","https://www.instagram.com/benjamin_meyer__/","sweatpants"
"https://www.youtube.com/channel/UCqbUYpYCEIaFeZtQ52t4rIg/","ScoochandSteve","2216","240452","scoochandsteve@gmail.com","","","","sweatpants"
"https://www.youtube.com/channel/UCJCCshGzc9VyDK58D_8UvOA/","Tiruqe Mapuda","1616","459944","","","","","sweatpants"
"https://www.youtube.com/channel/UC6G1JXzujoBrE7MC6mV-peQ/","William Maranci","5148","3838158","wmaranci@gmail.com","https://twitter.com/WilliamMaranci","https://www.facebook.com/WilliamMacaroni","","sweatpants"
"https://www.youtube.com/channel/UCumOt-0rie5HdBxNITuTl-g/","Sexyyoungtwinks","835","55903","","","","","sweatpants"
"https://www.youtube.com/channel/UCdo0wImafl5W_Hi03heEKjA/","COMO MALHAR","212496","106273783","","https://twitter.com/malhar_como","https://www.facebook.com/Como-Malhar-230444207527154/","https://www.instagram.com/comomalhar_/","sweatpants"
"https://www.youtube.com/channel/UCIxzFKrH2ijrGv800LArdCQ/","Mystic•Project","26899","5747513","","https://twitter.com/mystic_project","","","sweatpants"
"https://www.youtube.com/channel/UC-S33QFU0D-0TgsAawIeY_Q/","Kelly Pullen","2396","708478","","","","","sweatpants"
"https://www.youtube.com/channel/UCGr9v1YElwzAwd2iBkIMd6w/","Jasmine Alleva","483","22441","jasminealleva@gmail.com","","","","sweatpants"
"https://www.youtube.com/channel/UC50sux0drLMwuVWu00wpgeQ/","Unboxing Sve","3462","1708877","unboxingsve@gmail.com","https://twitter.com/UnboxingSve","","https://www.instagram.com/unboxingsve/","sweatpants"
"https://www.youtube.com/channel/UCtMGo7OXRz2u4VaHsw0JCYg/","Hukka Kukka","2531","438317","","","","","sweatpants"
"https://www.youtube.com/channel/UCiGnTMjNGcxVq-Iw0eP-kgw/","HᴇʀᴏTᴇᴀᴍ","148","6548","","","","","sweatpants"
"https://www.youtube.com/channel/UCOSMYm1yZ7LIHwERXphGAYw/","DashieXP","2568541","493360455","dashiexp@gmail.com","http://twitter.com/dashiexp","http://www.facebook.com/brokenxbox","","sweatpants"
"https://www.youtube.com/channel/UC0ox9NuTHYeRys63yZpBFuA/","Learn Japanese with JapanesePod101.com","1382088","333296315","contactus@innovativelanguage.com","","","","sweatpants"
"https://www.youtube.com/channel/UC4hvOh5lgkeAJoVRIg40Kgg/","Childish Gambino - Topic","36746","50655073","","","","","sweatpants"
"https://www.youtube.com/channel/UCwWkbMqbsawHFyfeGEHb8mA/","Ollie Pearce","7660","800858","","https://www.twitter.com/makemethatguy","https://www.facebook.com/makemethatguy","https://www.instagram.com/makemethatguy_","sweatpants"
"https://www.youtube.com/channel/UCEkmEISO3_usQQinE6cMhoQ/","Troy and Chase","114497","19425577","","","/redirect?event=channel_description&redir_token=5IF3yhbSBoyS-jRIVYITtS-r-Gh8MTU2NzI2NjYxNkAxNTY3MTgwMjE2&q=https%3A%2F%2Fwww.facebook.com%2FTroyandChase%2F","","sweatpants"
"https://www.youtube.com/channel/UCtwzN7iRUnSJVzAg72FBU2Q/","JoshieTheGoat","3229","390911","Atlgoatcustoms@gmail.com","","","","sweatpants"
"https://www.youtube.com/channel/UCwcVJGjHZkkGY46bZwl4m7A/","Atlas Muscle","1810","132075","musclegodatlas@gmail.com","","","","sweatpants"
"https://www.youtube.com/channel/UCjA-ctFbg9tBYi437kspVEA/","PaulTheFarter F","1153","68918","farts258@hotmail.it","","","","sweatpants"
"https://www.youtube.com/channel/UCK3eoeo-HGHH11Pevo1MzfQ/","Blitz","2441588","773021879","Blitzkriegsler@gmail.com","","https://fb.gg/blitz","","sweatpants"
"https://www.youtube.com/channel/UCEl8Lzrf51unSRTLMXDChXw/","Azchara4L Gang","371212","15196674","","","","","sweatpants"
"https://www.youtube.com/channel/UC6Uf4wlrHrqzWK5jt5NmxDA/","Ashi Monster","7064","397562","ashi.tattoo@gmail.com","https://twitter.com/ashimonster","","","sweatpants"
"https://www.youtube.com/channel/UCxMKZWLyTJU9bSjXxPNUVbQ/","Maggie Fan","313","43510","purplemaggiefan@gmail.com","","","","sweatpants"
"https://www.youtube.com/channel/UCWpmUkhpjtIRMmuH1dhZVjQ/","Mishti Rahman","10606","209347","hello@bengaligal.com","","","https://www.instagram.com/mishti.rahman","sweatpants"
"https://www.youtube.com/channel/UCFNUivc9E_yZAqO-vVDOfQw/","FatBellyCentral","4556","1214852","","","","","sweatpants"
"https://www.youtube.com/channel/UC9ASCPuEmA49ChTTTG1Gp0Q/","SHUTTLE BOY","4887","710649","ckuhnyt@gmail.com","","","","sweatpants"
"https://www.youtube.com/channel/UCO1vFy0lC0OKJSSbOlOAWHw/","seven","62","568","","","","","sweatpants"
"https://www.youtube.com/channel/UCdcRYMnlIQs4PcecZrXEQlw/","NameBran","573273","82976602","NameBranClothing@gmail.com","","https://www.facebook.com/branden.wiebe.5","http://instagram.com/namebranclothing","sweatpants"
"https://www.youtube.com/channel/UCnahRZlw42J_6jiYQMXkc5Q/","D4NNY","83883","21382576","D4nnyManagement@gmail.com","http://www.twitter.com/D4nnyMusic","http://www.facebook.com/D4nnyMusic","http://instagram.com/d4nnymusic/","sweatpants"
"https://www.youtube.com/channel/UC80mE_lfymobuSixDcInHEw/","Brooke Alexandra","78040","7366127","brookemcnally@hotmail.ca","","","http://instagram.com/brookemcnallyyt","sweatpants"
"https://www.youtube.com/channel/UCyJ0ld_BsADU9ism1Ogx2vA/","ALEXUSandERIN","5210","2581381","","","","","sweatpants"
"https://www.youtube.com/channel/UC3HjB3X8jeENm46HCkI0Inw/","Souped Up Recipes","338739","20336143","soupeduprecipes@gmail.com","","","","sweatpants"
"https://www.youtube.com/channel/UCaFMd60DPaAhIdOkQ3VYOXg/","Sziliana","582","64027","sziliana@wp.pl","https://twitter.com/sziliana2243","","","sweatpants"
"https://www.youtube.com/channel/UCjctn-w_v-7JoHolEUjF5_g/","Lina Noory","17058","3559995","","","","","sweatpants"
"https://www.youtube.com/channel/UCuQiVeWaSUdsn6sjP30Zxpw/","Gassy Vids","72","4940","","","","","sweatpants"
"https://www.youtube.com/channel/UCIpmIBGiYbDcuIiTPFrhEyQ/","JunetheLoon","7488","1450098","","https://twitter.com/JunetheLoser","","","sweatpants"
"https://www.youtube.com/channel/UCr55qSy2MOBnIsiTiAviiWw/","Ryan","10422","10053560","contact.east.yt@gmail.com","","","","sweatpants"
"https://www.youtube.com/channel/UCA2cfWuaeVxb8SPRva5sgfw/","ONDE 波","6826","1047007","onde.pro@gmail.com","","","","sweatpants"
"https://www.youtube.com/channel/UCUUQZCr0YG57pBdEoHJ6EIA/","kontact666","578","504647","","","","","sweatpants"
"https://www.youtube.com/channel/UCD_UecTWPmZScnrz-m-1sLg/","Manny Collins","633","206949","","","","","sweatpants"
"https://www.youtube.com/channel/UCg64_ODw5ekvwU1RyF6T3Cg/","Sherlock Elric","376","136986","","","","","sweatpants"
"https://www.youtube.com/channel/UCKIoJpqjC93kUM2OlxBrKUw/","Studio86","275844","13571835","hello@studio86us.com","","","","sweatpants"
"https://www.youtube.com/channel/UCSl4Y5mQzWINY6ZWh04Ws6w/","LSuperSonicQ","66958","10145988","lsupersonicq5@gmail.com","https://twitter.com/LSuperSonicQ","","","sweatpants"
"https://www.youtube.com/channel/UCp2Lpsh9WHCEPA_a9dlgbqQ/","wetmuddysneaker man82","386","48316","","","","","sweatpants"
"https://www.youtube.com/channel/UC4NM1cK_wVAwnj2zgUVvPRg/","Xenia","51250","1412316","xeniatwerk@gmail.com","","","","sweatpants"
"https://www.youtube.com/channel/UC6pSIbRSHypZh5EKmwFep7w/","Annika Helmer","430","36157","annika.helmer97@gmail.com","","","https://www.instagram.com/annika_helmer/?hl=en","sweatpants"
"https://www.youtube.com/channel/UCzD6VMN1WAall7x2v85TZhw/","Kemdizzzle","1305","598980","","","","","sweatpants"
"https://www.youtube.com/channel/UCbHk5tabaUoGxlEICpJL4Pg/","Ariel Hamilton","31632","3073839","arielhamilton14@gmail.com","https://twitter.com/arielrhamilton","https://www.facebook.com/ArielRayHamilton","https://www.instagram.com/arielrayhamilton/","sweatpants"
"https://www.youtube.com/channel/UCcjxshcscLyLnVg68P70-CQ/","Ray Miah","6340","242415","rayraymiah19@outlook.com","","","https://www.instagram.com/raygmiah/","sweatpants"
"https://www.youtube.com/channel/UCVcIwzIapNMlIIT9IjEhHwg/","Rosamari Tomata","7825","269558","","https://mobile.twitter.com/RosamariTomata","","https://www.instagram.com/ms.tomata/","sweatpants"
"https://www.youtube.com/channel/UC13FiP63Ob7piFIoDHt3wCg/","Sagging Io","532","58639","","","","","sweatpants"
"https://www.youtube.com/channel/UC0z1ku8VnWbbsv4POd_hyeQ/","meamer","5981","4640287","","","","","sweatpants"
"https://www.youtube.com/channel/UCFTh0GqqcANbPHE4hx92NdA/","ELITE fartsPro","289","25814","","","","","sweatpants"
"https://www.youtube.com/channel/UC8lREIWtXCA0jTQy2x2IX-w/","Sexy Foot Lover","771","109253","","","","","sweatpants"
"https://www.youtube.com/channel/UCj1Aa9M1-ZAbaHPzHWBD3RA/","JERZEES Apparel","421","22832","","","","","sweatpants"
"https://www.youtube.com/channel/UCT0hbLDa-unWsnZ6Rjzkfug/","FilmSelect Trailer","3080728","1514861079","","https://twitter.com/FS_TrailerNews","https://www.facebook.com/FilmSelect/","","sweatpants"
"https://www.youtube.com/channel/UCoIn-D22hBQZ0wL_0C2DJ4w/","Kayla Thomas","49936","4612958","kaylathomas101@yahoo.com","https://twitter.com/KaylaThomas40","","","sweatpants"
"https://www.youtube.com/channel/UCM4YxKTLbA9JAG4lMVMphTg/","rolodic33","264","","","","","","sweatpants"
"https://www.youtube.com/channel/UCU79t_fVJEcAwlLfe5VKTEg/","a.","2227","418258","alenahoran13@gmail.com","","","","sweatpants"
"https://www.youtube.com/channel/UC11fgYXjk4jVQeSqSEYJOag/","RJ","33625","22495372","","","","","sweatpants"
"https://www.youtube.com/channel/UCBp7YlTC3-9WRFUOm6ssC3g/","GRIM.V.P Music","30","462","","","","","sweatpants"
"https://www.youtube.com/channel/UCIcOds1T6yXUb2dgplWaMyw/","Miaira Jennings","19590","1607330","mgjmedia@gmail.com","","/redirect?q=https%3A%2F%2Fwww.facebook.com%2FMiairaJennings%2F&redir_token=jwjIKF5tbWB_tjaJRaUFyKbGLBZ8MTU2NzI2NjcxNEAxNTY3MTgwMzE0&event=channel_description","https://instagram.com/miairajennings","sweatpants"
"https://www.youtube.com/channel/UCPpzor1asUZgxJiu6Qxo9AA/","Jordan Sweeto","1199740","113983563","dansweeto@live.com","http://www.twitter.com/jordansweeto","http://www.facebook.com/jordan.dansweeto","http://instagram.com/jordansweeto","sweatpants"
"https://www.youtube.com/channel/UCChOuOF-w0qDxRjFRcOH5_g/","Hiroki Komada","60","9900","","","","","sweatpants"
"https://www.youtube.com/channel/UCBOHh-MzjaP0SFCrpEzcv1w/","Jim Johns","1951","524947","","","","","sweatpants"
"https://www.youtube.com/channel/UC0Su2wr2uAK2fuYF3dkxR2w/","Multifaceted Ty","","14094","","","","https://www.instagram.com/tyanna4/","sweatpants"
"https://www.youtube.com/channel/UCeHjI5u_TFOs_QjDNg9CTuQ/","Tim Bryan","89705","6615262","TimBryanMedia@gmail.com","https://twitter.com/Tim_Bryan3","https://www.facebook.com/pages/Tim-Bryan/144789658867442?ref=aymt_homepage_panel","https://www.instagram.com/timbryan/","sweatpants"
"https://www.youtube.com/channel/UCjWgYyOmxzjC7JcWnES_7Ig/","Cement City","58603","22252892","supasumac@gmail.com","https://twitter.com/Cement_City","","","sweatpants"
"https://www.youtube.com/channel/UCZjTU_40PJT5i9bae_nRfnw/","Ike Stephens - KE5WDP","25437","11693232","","","http://www.facebook.com/KE5WDP","","sweatpants"
"https://www.youtube.com/channel/UCwXWfUzeukojRUxSaD0L6MA/","Jacquelyn Son","2425","282340","son.jacquelyn@gmail.com","","","http://www.instagram.com/_jacquelynson","sweatpants"
"https://www.youtube.com/channel/UC8-UgMqOtRS5XPGg-aoeJLw/","bigrygh66","1974","311827","","","","","sweatpants"
"https://www.youtube.com/channel/UCdL-r-n3VnbT0oHzY2YgcOQ/","Burton","175329","32545701","info@burton.com","http://twitter.com/Burtonsnowboard","https://www.facebook.com/BurtonSnowboards","http://instagram.com/burtonsnowboards","sweatpants"
"https://www.youtube.com/channel/UCdaRQkK9oFkLDQb-fLQCIJQ/","UNIQLO Singapore","1888","2139142","wecare@ml.uniqlo.com.sg","","","","sweatpants"
"https://www.youtube.com/channel/UC1q4VxhVNtchqM2GXuLElRQ/","Summer Lindquist","3035","1100193","","","","","sweatpants"
"https://www.youtube.com/channel/UCYK7SgojW7ihAeQ3fAcCxUg/","Jisatsu","1159","270762","","","","","sweatpants"
"https://www.youtube.com/channel/UC-XFpFa6jK1WiAjctVnkrAg/","Girl Farts","1517","313540","","","","","sweatpants"
"https://www.youtube.com/channel/UCMKWHT7iVqcNfz2Y2mq9NwA/","Wet Converse","932","149143","","","https://www.facebook.com/marc.wesag","https://www.instagram.com/wetconverse/","sweatpants"
"https://www.youtube.com/channel/UCeZy8KKwup-5XtDuojv4vfg/","Sweatpants and T-Shirts","0","","","","","","sweatpants"
"https://www.youtube.com/channel/UCpMP_7855TC7jqLUFvRGivQ/","KARL SWEATPANTS","1","18","","","","","sweatpants"
"https://www.youtube.com/channel/UC6Q1FEzRbh0m85bY_qUlgmQ/","Mister Boyyo","3103","1372740","","","","","sweatpants"
"https://www.youtube.com/channel/UCX7Hc1L-4_AG45A2SyCW8kw/","jdomakeup","1826","1107706","jdomakeup@hotmail.ca","http://twitter.com/jdo87","","http://instagram.com/jdomakeup","sweatpants"
"https://www.youtube.com/channel/UC9PKe6sWNspYkDXM8CyABBw/","Dope John Paul","2056","494634","johnpaulbusiness3@gmail.com","","","","sweatpants"
"https://www.youtube.com/channel/UC8eddFhkkRT6ZbNEsXmohcA/","Ahliyah Michelle","58107","1326227","contact.ahliyah@gmail.com","","","","sweatpants"
"https://www.youtube.com/channel/UCC3bq4PHj5W5y47jdRjOCPA/","Soumaya jp","1187417","182720614","soumayajay@gmail.com","","","","sweatpants"
"https://www.youtube.com/channel/UCfYEdvKQekP7RiemXC0o92w/","Kyle Beats","263510","18451376","KGRVPROD@gmail.com","https://twitter.com/KyleGarvanBeats","","https://www.instagram.com/kylegarvanbeats/","sweatpants"
"https://www.youtube.com/channel/UCPHxX_AwZ8_wOBvKefnxOQg/","hungrymsheather","7401","1083596","","","","","sweatpants"
"https://www.youtube.com/channel/UCAmK-bXraxEjlYu-J1HzLrQ/","HAUS OF SHERRY","3939","223617","8allans@gmail.com","","","","sweatpants"
"https://www.youtube.com/channel/UCVf4e0p9VzMDfn1QRSVncew/","Destany Taira","929","31745","","https://twitter.com/DestanyTaira","","https://www.instagram.com/destanytaira/","sweatpants"
"https://www.youtube.com/channel/UCXzycdmvivS1oK1x05srBww/","TonedandMeaty","316","","","","","","sweatpants"
"https://www.youtube.com/channel/UCl3tyID9gHWtcR29jIyRDKA/","Perfect Perfection with Amelia","61246","1568451","","","","","sweatpants"
"https://www.youtube.com/channel/UCF5cWjHIPZDIS5gxkZ4R5Uw/","Raquel Santiago","41005","836564","","https://twitter.com/prettygrl_rocky","https://www.facebook.com/RaquelBgc10","","sweatpants"
"https://www.youtube.com/channel/UCbQmBp7Ni2XL57_3w5IrQ7g/","Cool Sounds Provider","3917","2889272","","","","https://www.instagram.com/sebastyan.paul/","sweatpants"
"https://www.youtube.com/channel/UCVPZiNQW-Rcc_YOAI-TkY7Q/","Keepers Concealment","491","51803","KeepersConcealment@gmail.com","","","","sweatpants"
"https://www.youtube.com/channel/UCzqEvMzklrWacp8hrxkqmLw/","Kamario Brown","27","206","","","","","sweatpants"
"https://www.youtube.com/channel/UCs16bx6L5LT3cxXgKfmHldA/","ADOETTE","2626","94329","adoettemusic0@gmail.com","","https://www.facebook.com/pages/Adoette/428609253882402?ref=hl","https://www.instagram.com/theadoette/","sweatpants"
"https://www.youtube.com/channel/UCkoGbgpxAExR8Zq6M8NiWxw/","JuNkTiOn","","109227","","","","","sweatpants"
"https://www.youtube.com/channel/UCIuT3kObcxv5VtDJUEoYRxQ/","K Mall","780","1264478","","","/redirect?q=https%3A%2F%2Fwww.facebook.com%2FKPop-Mall-791992367640286%2F&event=channel_description&redir_token=CA_y2ZwHWASmKl1WgA__vOImQP18MTU2NzI2Njc0MEAxNTY3MTgwMzQw","","sweatpants"
"https://www.youtube.com/channel/UCEGLmP7lJrHnP96lzGkCqOQ/","JANKINS","2257","2021042","","http://www.Twitter.com/JANKIINS","http://www.FaceBook.com/JANKINS","http://www.Instagram.com/JANKIINS","sweatpants"
"https://www.youtube.com/channel/UCTxMOwOEJZz6FVMTVEsGzsw/","Sagging // Wedgies // Nutshots","1107","105996","","","","","sweatpants"
"https://www.youtube.com/channel/UCjUGUlCDl0OPbbXnpCzfmnA/","BeardBoss","","147367","mr.flyshxtonly@hotmail.com","https://www.twitter.com/mrflyshxtonly","https://www.facebook.com/MrFlyShxtOnlyOnline","https://www.instagram.com/mr.flyshxtonly","sweatpants"
"https://www.youtube.com/channel/UC9KKKdeo_b7N_ozwgdFtC2A/","Brittany and Chase","2630","361705","tipzycomments@gmail.com","https://twitter.com/BrittWill_I_AMS","","","sweatpants"
"https://www.youtube.com/channel/UCYjAtGsFQRpDs9EpOLupXvg/","kosha dillz","4631","707805","rapperfriends@gmail.com","","","","sweatpants"
"https://www.youtube.com/channel/UC9MS8ugTtmnFjYgLeJ19xRw/","Jian","2668","1465849","","","","","sweatpants"
"https://www.youtube.com/channel/UCqk7aaXVC92i4UNKLMg5q5Q/","Darkredangel24","2560","2482092","","","","","sweatpants"
"https://www.youtube.com/channel/UC_7vtyVJjAeMF47hP6mOGDg/","8D Anonymous","1345","92178","8danonymous@gmail.com","","","","sweatpants"
"https://www.youtube.com/channel/UCCpGv6inNEqMUyKLCx_eocQ/","The Neon Theater","17","21093","jeremysrantsandraves@gmail.com","","","","sweatpants"
"https://www.youtube.com/channel/UCk3BzXfczSD8nTKcWBlwqpQ/","danielenslip","377","","","","","","sweatpants"
"https://www.youtube.com/channel/UCTeIvNPsiJyoXHhhvT4j7Og/","Paztel","2011","189970","","","","","sweatpants"
"https://www.youtube.com/channel/UCVihkpoiFzCg162ugV6bFpw/","Project Common","3308","666909","twelveninecontact@gmail.com","https://twitter.com/TwelvenineYT","","https://www.instagram.com/project_common","sweatpants"
"https://www.youtube.com/channel/UCHRo1khVJzvIJIEKYRBDBqQ/","Buffpillows","481","34170","160540446@N06","https://twitter.com/buffpillows","","","sweatpants"
"https://www.youtube.com/channel/UCwxNdH0OVss6GuHHA_u-sLQ/","Deppression Pink","6282","1402709","","","","https://www.instagram.com/heartlocklady/","sweatpants"
"https://www.youtube.com/channel/UC3iAq8c7bdLg7R79-2SNuSQ/","BATHING-APE","741","404938","","","","","sweatpants"
"https://www.youtube.com/channel/UCzsRAS31TzXz3cKJ_C38d_Q/","Camila Bes Vlogs","1004","24849","","","","","sweatpants"
"https://www.youtube.com/channel/UCtJ2aJMG1UPsm8ldL0I14RQ/","Jessica Keilani","1512","292920","JessKeilani@gmail.com","http://twitter.com/JessicaKeilani","","https://www.instagram.com/JessicaKeilani/","sweatpants"
"https://www.youtube.com/channel/UC4y-QQJZg3vATplMqGIfyIg/","Arabella Ruby","10482","1687300","inquiry@arabellasruby.com","","","/redirect?q=www.instagram.com%2Farabellasruby&redir_token=8Sr0Gd8sGazfD2XemEAxMqwoAkp8MTU2NzI2Njc1MUAxNTY3MTgwMzUx&event=channel_description","sweatpants"
"https://www.youtube.com/channel/UC37eG4I2UvmhKAo3TZuFSUA/","Antoinette Neal","341","63636","","","","","sweatpants"
"https://www.youtube.com/channel/UCAdkw4mMAs4dainkPbtOzLg/","Gheo Mini","188","4013","","","","","sweatpants"
"https://www.youtube.com/channel/UCq9SGmbiEZ_5f49MeLW6HqQ/","GNJ MEDIA LLC","101","40330","gnjmedia13@gmail.com","","","","sweatpants"
"https://www.youtube.com/channel/UC-HHCFMwRuO_nvrOwieulzw/","angelstarsxx [hiatus]","444","16535","","","","","sweatpants"
"https://www.youtube.com/channel/UC1M3zgRrHZT2vzCBaje7K6Q/","TheWayWeAre.CO","4026","414923","","https://twitter.com/thewayweareblog","https://www.facebook.com/TheWayWeAreOfficial","http://instagram.com/thewayweareofficial","sweatpants"
"https://www.youtube.com/channel/UC74lAXASDW5ENA_tsRxMcOw/","bhpdao","27500","2148113","bhpdao@web.de","","","https://www.instagram.com/bhpdao/","sweatpants"
"https://www.youtube.com/channel/UCJM1etKqeGne4oXLAC7uwLQ/","KayTime TV","58492","6396584","Kaytimetv@gmail.com","","","https://www.instagram.com/kaytimetv/","sweatpants"
"https://www.youtube.com/channel/UCoPNOefHn-KU0VWfszttmJA/","Teen Muscle Jock Fan","483","","","","","","sweatpants"
"https://www.youtube.com/channel/UCri-SuudFBRG3Vfj401gzNw/","Chris Garceś","493","119015","christopher.garces@yahoo.com","","","","sweatpants"
"https://www.youtube.com/channel/UCrpa7chO-9FEpP0_wwbAAgw/","David Young","974","1114896","","","","","sweatpants"
"https://www.youtube.com/channel/UCK6KMlmYLkIKG5oC4lQdVOw/","Darkexøside IN","304","28662","animalgordito@gmail.com","","","","sweatpants"
"https://www.youtube.com/channel/UCRQvgW39kl0xUGWdllnpW8A/","PlatinumYoshi","539","77954","","https://twitter.com/Yoshi_Gunner777","","","sweatpants"
"https://www.youtube.com/channel/UC6_SPuOWrOwTWP6xru4_6WQ/","Anastasia Assi","970","31446","anastasiassi@hotmail.com","","","","sweatpants"
"https://www.youtube.com/channel/UCg3IXUWLQMmPGDT_iv_it0Q/","Anonymous Persons","30","","","","","","sweatpants"
"https://www.youtube.com/channel/UCd0wNVKUlQXI3j_9JjjsATw/","pun_Q","509","295153","","","","","sweatpants"
"https://www.youtube.com/channel/UCr4GzDrD617lAb28bNFbjyQ/","Jason J. Tavares","111","26210","","","","","sweatpants"
"https://www.youtube.com/channel/UCxj0QizmFhx7kVKSArHBCTA/","Casey Holmes","1778387","194072406","mgmt@select.co","http://www.twitter.com/itsbl0ndie","http://www.facebook.com/itsbl0ndie","http://www.instagram.com/caseyhl91","sweatpants"
"https://www.youtube.com/channel/UCQvKqZWIcX9oGJM60hGIXvw/","TshirtRiches.com","63233","5269865","","","","","sweatpants"
"https://www.youtube.com/channel/UCSIlKk9oexxf6VL00tbUjjQ/","Valerie","344","309854","","","","","sweatpants"
"https://www.youtube.com/channel/UCNQfq5mL24jZB9OJsbVbvqA/","RobComRobCom","2372","1128835","","","","","sweatpants"
"https://www.youtube.com/channel/UCGGW_q1zRskYJYoxfYmonKQ/","Baggystyle","671","120103","","","","","sweatpants"
"https://www.youtube.com/channel/UCi99aecx6P_S0NndVMvLk-A/","DatManOvaDer","9627","5513451","","https://twitter.com/InfiniteTatami","","","sweatpants"
"https://www.youtube.com/channel/UCuvpHl3HXLDaddjnijKd87g/","Ghostlad","1501","310528","","","","","sweatpants"
"https://www.youtube.com/channel/UCOK2ZYAhxDXELwAHMcKwD2g/","Brittany Balyn","376588","38411348","brittanybalyn@savvycomm.co","https://twitter.com/brittanybalyn","","http://instagram.com/balynbrittany#","sweatpants"
"https://www.youtube.com/channel/UCe_4Pt36mB5K7SgwbhRy0og/","Gassy Girls","2599","942602","","","","","sweatpants"
,,,,,,,,
,,,,,,,,
,,,,,,,,
,,,,,,,,
,,,,,,,,
,,,,,,,,
,,,,,,,,
,,,,,,,,
,,,,,,,,
,,,,,,,,
,,,,,,,,
,,,,,,,,
,,,,,,,,
,,,,,,,,
,,,,,,,,
,,,,,,,,
,,,,,,,,
,,,,,,,,
,,,,,,,,
,,,,,,,,
,,,,,,,,
,,,,,,,,
,,,,,,,,
,,,,,,,,
,,,,,,,,
,,,,,,,,
,,,,,,,,
,,,,,,,,
,,,,,,,,
,,,,,,,,
,,,,,,,,
,,,,,,,,
,,,,,,,,
,,,,,,,,
,,,,,,,,
,,,,,,,,
,,,,,,,,
,,,,,,,,
,,,,,,,,
,,,,,,,,
,,,,,,,,
,,,,,,,,
,,,,,,,,
,,,,,,,,
,,,,,,,,
,,,,,,,,
,,,,,,,,
,,,,,,,,
,,,,,,,,
,,,,,,,,
,,,,,,,,
,,,,,,,,
,,,,,,,,
,,,,,,,,
,,,,,,,,
,,,,,,,,
,,,,,,,,
,,,,,,,,
,,,,,,,,
,,,,,,,,
,,,,,,,,
,,,,,,,,
,,,,,,,,
,,,,,,,,
,,,,,,,,
,,,,,,,,
,,,,,,,,
,,,,,,,,
,,,,,,,,
,,,,,,,,
,,,,,,,,
,,,,,,,,
,,,,,,,,
,,,,,,,,
,,,,,,,,
,,,,,,,,
,,,,,,,,
,,,,,,,,
,,,,,,,,
,,,,,,,,
,,,,,,,,
,,,,,,,,
,,,,,,,,
,,,,,,,,
,,,,,,,,
,,,,,,,,
,,,,,,,,
,,,,,,,,
,,,,,,,,
,,,,,,,,
,,,,,,,,
,,,,,,,,
,,,,,,,,
,,,,,,,,
,,,,,,,,
,,,,,,,,
,,,,,,,,
,,,,,,,,
,,,,,,,,
,,,,,,,,
,,,,,,,,
,,,,,,,,
,,,,,,,,
,,,,,,,,
,,,,,,,,
,,,,,,,,
,,,,,,,,
,,,,,,,,
,,,,,,,,
,,,,,,,,
,,,,,,,,
,,,,,,,,
,,,,,,,,
,,,,,,,,
,,,,,,,,
,,,,,,,,
,,,,,,,,
,,,,,,,,
,,,,,,,,
,,,,,,,,
,,,,,,,,
,,,,,,,,
,,,,,,,,
,,,,,,,,
,,,,,,,,
,,,,,,,,
,,,,,,,,
,,,,,,,,
,,,,,,,,
,,,,,,,,
,,,,,,,,
,,,,,,,,
,,,,,,,,
,,,,,,,,
,,,,,,,,
,,,,,,,,
,,,,,,,,
,,,,,,,,
,,,,,,,,
,,,,,,,,
,,,,,,,,
,,,,,,,,
,,,,,,,,
,,,,,,,,
,,,,,,,,
,,,,,,,,
,,,,,,,,
,,,,,,,,
,,,,,,,,
,,,,,,,,
,,,,,,,,
,,,,,,,,
,,,,,,,,
,,,,,,,,
,,,,,,,,
,,,,,,,,
,,,,,,,,
,,,,,,,,
,,,,,,,,
,,,,,,,,
,,,,,,,,
,,,,,,,,
,,,,,,,,
,,,,,,,,
,,,,,,,,
,,,,,,,,
,,,,,,,,
,,,,,,,,
,,,,,,,,
,,,,,,,,
,,,,,,,,
,,,,,,,,
,,,,,,,,
,,,,,,,,
,,,,,,,,
,,,,,,,,
,,,,,,,,
,,,,,,,,
,,,,,,,,
,,,,,,,,
,,,,,,,,
,,,,,,,,
,,,,,,,,
,,,,,,,,
,,,,,,,,
,,,,,,,,
,,,,,,,,
,,,,,,,,
,,,,,,,,
,,,,,,,,
,,,,,,,,
,,,,,,,,
,,,,,,,,
,,,,,,,,
,,,,,,,,
,,,,,,,,
,,,,,,,,
,,,,,,,,
,,,,,,,,
,,,,,,,,
,,,,,,,,
,,,,,,,,
,,,,,,,,
,,,,,,,,
,,,,,,,,
,,,,,,,,
,,,,,,,,
,,,,,,,,
,,,,,,,,
,,,,,,,,
,,,,,,,,
,,,,,,,,
,,,,,,,,
,,,,,,,,
,,,,,,,,
,,,,,,,,
,,,,,,,,
,,,,,,,,
,,,,,,,,
,,,,,,,,
,,,,,,,,
,,,,,,,,
,,,,,,,,
,,,,,,,,
,,,,,,,,
,,,,,,,,
,,,,,,,,
,,,,,,,,
,,,,,,,,
,,,,,,,,
,,,,,,,,
,,,,,,,,
,,,,,,,,
,,,,,,,,
,,,,,,,,
,,,,,,,,
,,,,,,,,
,,,,,,,,
,,,,,,,,
,,,,,,,,
,,,,,,,,
,,,,,,,,
,,,,,,,,
,,,,,,,,
,,,,,,,,
,,,,,,,,
,,,,,,,,
,,,,,,,,
,,,,,,,,
,,,,,,,,
,,,,,,,,
,,,,,,,,
,,,,,,,,
,,,,,,,,
,,,,,,,,
,,,,,,,,
,,,,,,,,
,,,,,,,,
,,,,,,,,
,,,,,,,,
,,,,,,,,
,,,,,,,,
,,,,,,,,
,,,,,,,,
,,,,,,,,
,,,,,,,,
,,,,,,,,
,,,,,,,,
,,,,,,,,
,,,,,,,,
,,,,,,,,
,,,,,,,,
,,,,,,,,
,,,,,,,,
,,,,,,,,
,,,,,,,,
,,,,,,,,
,,,,,,,,
,,,,,,,,
,,,,,,,,
,,,,,,,,
,,,,,,,,
,,,,,,,,
,,,,,,,,
,,,,,,,,
,,,,,,,,
,,,,,,,,
,,,,,,,,
,,,,,,,,
,,,,,,,,
,,,,,,,,
,,,,,,,,
,,,,,,,,
,,,,,,,,
,,,,,,,,
,,,,,,,,
,,,,,,,,
,,,,,,,,
,,,,,,,,
,,,,,,,,
,,,,,,,,
,,,,,,,,
,,,,,,,,
,,,,,,,,
,,,,,,,,
,,,,,,,,
,,,,,,,,
,,,,,,,,
,,,,,,,,
,,,,,,,,
,,,,,,,,
,,,,,,,,
,,,,,,,,
,,,,,,,,
,,,,,,,,
,,,,,,,,
,,,,,,,,
,,,,,,,,
,,,,,,,,
,,,,,,,,
,,,,,,,,
,,,,,,,,
,,,,,,,,
,,,,,,,,
,,,,,,,,
,,,,,,,,
,,,,,,,,
,,,,,,,,
,,,,,,,,
,,,,,,,,
,,,,,,,,
,,,,,,,,
,,,,,,,,
,,,,,,,,
,,,,,,,,
,,,,,,,,
,,,,,,,,
,,,,,,,,
,,,,,,,,
,,,,,,,,
,,,,,,,,
,,,,,,,,
,,,,,,,,
,,,,,,,,
,,,,,,,,
,,,,,,,,
,,,,,,,,
,,,,,,,,
,,,,,,,,
,,,,,,,,
,,,,,,,,
,,,,,,,,
,,,,,,,,
,,,,,,,,
,,,,,,,,
,,,,,,,,
,,,,,,,,
,,,,,,,,
,,,,,,,,
,,,,,,,,
,,,,,,,,
,,,,,,,,
,,,,,,,,
,,,,,,,,
,,,,,,,,
,,,,,,,,
,,,,,,,,
,,,,,,,,
,,,,,,,,
,,,,,,,,
,,,,,,,,
,,,,,,,,
,,,,,,,,
,,,,,,,,
,,,,,,,,
,,,,,,,,
,,,,,,,,
,,,,,,,,
,,,,,,,,
,,,,,,,,
,,,,,,,,
,,,,,,,,
,,,,,,,,
,,,,,,,,
,,,,,,,,
,,,,,,,,
,,,,,,,,
,,,,,,,,
,,,,,,,,
,,,,,,,,
,,,,,,,,
,,,,,,,,
,,,,,,,,
,,,,,,,,
,,,,,,,,
,,,,,,,,
,,,,,,,,
,,,,,,,,
,,,,,,,,
,,,,,,,,
,,,,,,,,
,,,,,,,,
,,,,,,,,
,,,,,,,,
,,,,,,,,
,,,,,,,,
,,,,,,,,
,,,,,,,,
,,,,,,,,
,,,,,,,,
,,,,,,,,
,,,,,,,,
,,,,,,,,
,,,,,,,,
,,,,,,,,
,,,,,,,,
,,,,,,,,
,,,,,,,,
,,,,,,,,
,,,,,,,,
,,,,,,,,
,,,,,,,,
,,,,,,,,
,,,,,,,,
,,,,,,,,
,,,,,,,,
,,,,,,,,
,,,,,,,,
,,,,,,,,
,,,,,,,,
,,,,,,,,
,,,,,,,,
,,,,,,,,
,,,,,,,,
,,,,,,,,
,,,,,,,,
,,,,,,,,
,,,,,,,,
,,,,,,,,
,,,,,,,,
,,,,,,,,
,,,,,,,,
,,,,,,,,
,,,,,,,,
,,,,,,,,
,,,,,,,,
,,,,,,,,
,,,,,,,,
,,,,,,,,
,,,,,,,,
,,,,,,,,
,,,,,,,,
,,,,,,,,
,,,,,,,,
,,,,,,,,
,,,,,,,,
,,,,,,,,
,,,,,,,,
,,,,,,,,
,,,,,,,,
,,,,,,,,
,,,,,,,,
,,,,,,,,
,,,,,,,,
,,,,,,,,
,,,,,,,,
,,,,,,,,
,,,,,,,,
,,,,,,,,
,,,,,,,,
,,,,,,,,
,,,,,,,,
,,,,,,,,
,,,,,,,,
,,,,,,,,
,,,,,,,,
,,,,,,,,
,,,,,,,,
,,,,,,,,
,,,,,,,,
,,,,,,,,
,,,,,,,,
,,,,,,,,
,,,,,,,,
,,,,,,,,
,,,,,,,,
,,,,,,,,
,,,,,,,,
,,,,,,,,
,,,,,,,,
,,,,,,,,
,,,,,,,,
,,,,,,,,
,,,,,,,,
,,,,,,,,
,,,,,,,,
,,,,,,,,
,,,,,,,,
,,,,,,,,
,,,,,,,,
,,,,,,,,
,,,,,,,,
,,,,,,,,
,,,,,,,,
,,,,,,,,
,,,,,,,,
,,,,,,,,
,,,,,,,,
,,,,,,,,
,,,,,,,,
,,,,,,,,
,,,,,,,,
,,,,,,,,
,,,,,,,,
,,,,,,,,
,,,,,,,,
,,,,,,,,
,,,,,,,,
,,,,,,,,
,,,,,,,,
,,,,,,,,
,,,,,,,,
,,,,,,,,
,,,,,,,,
,,,,,,,,
,,,,,,,,
,,,,,,,,
,,,,,,,,
,,,,,,,,
,,,,,,,,
,,,,,,,,
,,,,,,,,
,,,,,,,,
,,,,,,,,
,,,,,,,,
,,,,,,,,
,,,,,,,,
,,,,,,,,
,,,,,,,,
,,,,,,,,
,,,,,,,,
,,,,,,,,
,,,,,,,,
,,,,,,,,
,,,,,,,,
,,,,,,,,
,,,,,,,,
,,,,,,,,
,,,,,,,,
,,,,,,,,
