ChannelUrl,Name,Subscribers,Views,Email,Twitter,Facebook,Instagram,email_get_from
"https://www.youtube.com/channel/UC36cfjgaoGduvefBsxC847Q/","Yeezy Busta","532984","31164793","management@yeezybusta.com","http://www.twitter.com/yeezybusta","https://www.facebook.com/YeezyBusta","http://www.instagram.com/yeezybusta","yeezy reviews"
"https://www.youtube.com/channel/UCtBvB5INpLeqEjDJMse0kug/","Yeezy Reviews","","386","bestkickss3@gmail.com","","","","yeezy reviews"
"https://www.youtube.com/channel/UCgtHJiyE6ZwaJO65tdudDfw/","Seth Fowler","499262","78184782","Business@SethFowlerMedia.com","https://twitter.com/realsethfowler","","https://www.instagram.com/realsethfowler/","yeezy reviews"
"https://www.youtube.com/channel/UCePnpg6mVG4Y9hhyvVlyOUg/","Mr Stoltz","7567","1895817","MisterStoltz@gmail.com","https://twitter.com/misterstoltz","","","yeezy reviews"
"https://www.youtube.com/channel/UCzA6WebAOs2mUd9nIh4r_ng/","Adidas Yeezy - Topic","313","","","","","","yeezy reviews"
"https://www.youtube.com/channel/UCBdlRQtnFr5buD1hHHakUPg/","yeezy 350/v2 online reviews","10","4821","","","","","yeezy reviews"
"https://www.youtube.com/channel/UCtOWJ0bMfnw4czby6dYnEfg/","yeezy 350/v2 customer reviews online","15","3948","","","","","yeezy reviews"
"https://www.youtube.com/channel/UCsCxCls7sgfszQ1Zv2eCa2g/","Bella Yeezy","24","7304","","","","","yeezy reviews"
"https://www.youtube.com/channel/UCwkPSEAbG8cpS_GDXGjENNg/","Yeezy Reviews","1","","whytry500@gmail.com","","","https://www.instagram.com/yeezy_reviews/","yeezy reviews"
"https://www.youtube.com/channel/UCx8VfHxETB_xDOLt3uiT6JA/","True Yeezy Reviews","86","57707","","","","","yeezy reviews"
"https://www.youtube.com/channel/UCa7FmBG6kz4vrBai9zmVRvQ/","dopekickz 23cn","36","5739","","","","","yeezy reviews"
"https://www.youtube.com/channel/UCl0o2CeIA0AcEhS17c3e-4Q/","Replica Reviews","1917","206126","R3plic4review5@gmail.com","","","https://www.instagram.com/r3plic4reviews/","yeezy reviews"
"https://www.youtube.com/channel/UCST-gQguYnu18_w-9Z442Vw/","All Things Sports - By: Mike McIntyre","3857","1769169","mike.mcintyre08@gmail.com","https://twitter.com/MikeMcIntyre08","https://www.facebook.com/AllThingsSportsByMikeMcIntyre","https://www.instagram.com/realallthingssports/","yeezy reviews"
"https://www.youtube.com/channel/UCOFOvI6kXTFn56CbTEd4cog/","sneaker news reviews online kixify","12","6773","","","","","yeezy reviews"
"https://www.youtube.com/channel/UCjsP7LiFtpyBQHb1OC8SG3A/","JDKicks","4050","842687","contactjdkicks@gmail.com","","","","yeezy reviews"
"https://www.youtube.com/channel/UCXL7BeoLvnObB0riYv5qwSg/","SMOOREZ","3620","582471","ngage3650@gmail.com","","","https://www.instagram.com/s.moorez/?hl=en","yeezy reviews"
"https://www.youtube.com/channel/UCpRmrQOFCuFIW0nwt69r8-A/","Hype Reviews","341","62529","","","","","yeezy reviews"
"https://www.youtube.com/channel/UCmvZYlf3QHQrb_e4-8Zu8uw/","Streetbeast - Rep Reviews","489","75268","streetbeastreviews@gmail.com","http://www.twitter.com/streetbeastrev","","http://www.instagram.com/streetbeastreviews","yeezy reviews"
"https://www.youtube.com/channel/UCgLpkPIvDkPUVVrw7vz_OLA/","GMK Reviews","149","8206","","","","","yeezy reviews"
"https://www.youtube.com/channel/UC3AKSkkXN9qFgFMmp5cYKkw/","CjCityTv","42275","4676601","cjcitytv@gmail.com","","","https://www.instagram.com/rappercjcity/","yeezy reviews"
"https://www.youtube.com/channel/UCvG7cIrZPV9u2vsIxZmSkxQ/","Linda SneakerShoeBoxRU","1222","341666","","","","","yeezy reviews"
"https://www.youtube.com/channel/UCS61GxqyP-OzwXy37QG_5RQ/","Ahlie Reviews","649","129166","","","","","yeezy reviews"
"https://www.youtube.com/channel/UCZbtPS-Ty4iLiFYAGN51_OQ/","MIKE RICH sneakers reviews online","3","1047","","","","","yeezy reviews"
"https://www.youtube.com/channel/UC78KgaZM-98MMyHJ-Gg8XZQ/","StephenPlayz - Reviews and Fashion","370","85992","therealstephenplayz@gmail.com","","","","yeezy reviews"
"https://www.youtube.com/channel/UCGs6TRqHTOGf_qNTMTVVayg/","Vici Reviews","418","88484","","","","","yeezy reviews"
"https://www.youtube.com/channel/UCKyA-0bvYZLrnJuO7MLee0w/","The Sole Supplier","107595","12214939","george@thesolesupplier.co.uk","http://www.twitter.com/thesolesupplier","http://www.facebook.com/thesolesupplier","https://www.instagram.com/thesolesupplier/","yeezy reviews"
"https://www.youtube.com/channel/UC_RkluqFBA8hKxmT1Axp1_g/","Brad Hall","364263","29088496","bradhallshoes@gmail.com","https://twitter.com/bradhall_shoes","https://www.facebook.com/Brad-Hall-563251690506222/","https://instagram.com/bradhall_shoes/","yeezy reviews"
"https://www.youtube.com/channel/UCrmp8otsuhax3aLa3wllrZQ/","yeezy lucus","181","35685","","","","","yeezy reviews"
"https://www.youtube.com/channel/UCG9-ORbbquK2AnYVV4ZuFVg/","Dopekickz23 Reviews","1346","206046","","","","","yeezy reviews"
"https://www.youtube.com/channel/UCVYamHliCI9rw1tHR1xbkfw/","Dave Lee","2401489","372621570","","http://twitter.com/Dave2D","","http://instagram.com/Dave2D","yeezy reviews"
"https://www.youtube.com/channel/UCJXWKorUnYMFu1V4KJawZiA/","i review it","1486","232694","","","","","yeezy reviews"
"https://www.youtube.com/channel/UCjUuwnVrf2uBs-cA-acou-g/","pirate black yeezy 350","","14142","","","","","yeezy reviews"
"https://www.youtube.com/channel/UCr-rCZkeL3waR3NWYvHl_SQ/","BetterNikeBot","2702","408959","","","","","yeezy reviews"
"https://www.youtube.com/channel/UC-TnjaabZO1gyZr3zEr_97Q/","OFour Reviews","","2979","kareem@ofour.com","","","","yeezy reviews"
"https://www.youtube.com/channel/UCzXUMff-tDAJjlteJR9O0Eg/","Bleacher Report sneakers reviews online","6","462","","","","","yeezy reviews"
"https://www.youtube.com/channel/UCkWOvFOkTENeSftPstQs3LQ/","Sexy Dancing","2093","204907","","","","","yeezy reviews"
"https://www.youtube.com/channel/UCcDACequSHn8N8vCnPshEjg/","HypeBeastReviews","35","9258","","","","","yeezy reviews"
"https://www.youtube.com/channel/UC1Cft3NHjeFANNl07XPhp6Q/","VolumeLowHigh","2706","3291437","","https://twitter.com/gheeno13","http://www.facebook.com/gheeno","","yeezy reviews"
"https://www.youtube.com/channel/UCWQwNV-nz2cdb_MIGLL0vxw/","BOOM 1950","769","97568","boom1950shoe@outlook.com","","","","yeezy reviews"
"https://www.youtube.com/channel/UCn3ErM4hHQQnhhe-FZLKhqA/","BestSneaker Bot","985","113828","BESTSNEAKERBOT@AOL.COM","","","","yeezy reviews"
"https://www.youtube.com/channel/UCSm3gO99H91JSXeYjvvmj7g/","mike P.","810","271159","","","","","yeezy reviews"
"https://www.youtube.com/channel/UCvL8YftvoKcb_XPUHBCh8hw/","Tony's Style Guide","","22866","leegreen123@naver.com","","","","yeezy reviews"
"https://www.youtube.com/channel/UCzDXKiCglR4FW5sEaw-QlQA/","eial","19029","5884596","eialdonni@gmail.com","","","https://www.instagram.com/eial90/","yeezy reviews"
"https://www.youtube.com/channel/UCOISWCk2ZzfY8u3w4juivQg/","Jacob C Sneaker Reviews","36","251","","","","","yeezy reviews"
"https://www.youtube.com/channel/UC_EqKGblTp-CgGVA00RLQPg/","JAYdotMAK","9224","251746","","","","","yeezy reviews"
"https://www.youtube.com/channel/UC0Eqb484X8EiNrFLSUQVsaA/","SoundSmith","344993","105028529","soundsmith316@gmail.com","https://twitter.com/SoundSmithTF2","","","yeezy reviews"
"https://www.youtube.com/channel/UCo44inc4e4hvEaa1U5HpRqg/","SneakerTalk","306648","39707863","SneakerTalkCA@gmail.com","https://twitter.com/sneakertalkca","/redirect?redir_token=5pWpprceZYG80dHrE1DIPinAUsd8MTU2NzI2NTE3NEAxNTY3MTc4Nzc0&q=https%3A%2F%2Fwww.facebook.com%2FsneakertalkCA%2F&event=channel_description","http://instagram.com/sneakertalkca","yeezy reviews"
"https://www.youtube.com/channel/UCGsR5CVHh_T4nMLiKhfV7qg/","Queen Naija","4297973","625578777","","","","","yeezy reviews"
"https://www.youtube.com/channel/UCORFQgT1_pwTb4TSJlVVHQQ/","1K - byDeez","2383","195491","1kDeezy@gmail.com","","","","yeezy reviews"
"https://www.youtube.com/channel/UC_WLgPwDUoZYbfot7I3m0SQ/","Reviews and tips","8","79","","","","","yeezy reviews"
"https://www.youtube.com/channel/UCTeNpbcaDZWZiCPziLWkOYw/","Nava Rose","762633","35703610","NavaRose@select.co","http://www.twitter.com/thenavarose","","http://www.instagram.com/thenavarose","yeezy reviews"
"https://www.youtube.com/channel/UC2u9W2wp5WlsK9BBmyotAIg/","Flight Mike","","38863","","","","","yeezy reviews"
"https://www.youtube.com/channel/UCZyxY8Q7xgUCXfFViWkjrSw/","Ceeday","6442063","953538528","","","","","yeezy reviews"
"https://www.youtube.com/channel/UCziLUTbR7uBYV6DOU4W3jRQ/","BBASHI","276","43801","halil@bbashi.com","","","","yeezy reviews"
"https://www.youtube.com/channel/UCvufartoVu2ScVS7R6TsB6A/","Awięc","229803","14767349","dominikboskontakt@gmail.com","","","","yeezy reviews"
"https://www.youtube.com/channel/UCjwb5XP1mFN9gEauttEfyVQ/","Eddie Anthony","4876","841436","","https://twitter.com/eddieanthony","","http://instagram.com/eddieanthony","yeezy reviews"
"https://www.youtube.com/channel/UCV1ICghbwqB76boMzdAQBTw/","Meet the Teens","1","610","","","","","yeezy reviews"
"https://www.youtube.com/channel/UC3qu4NyBMp0RojDbro-mHFg/","6IX REVIEWS","22168","4136270","","","","","yeezy reviews"
"https://www.youtube.com/channel/UCPw1LHHRv5k2lJ_GeU0WWPQ/","Closure","1342","128044","","","https://www.facebook.com/NaraamFootwear","https://www.instagram.com/naraamfootwear/","yeezy reviews"
"https://www.youtube.com/channel/UCPYJ0zZ2CEZFg0AXDwmA0BQ/","Bianca Neves","6252","307823","biancs.dzn@gmail.com","https://twitter.com/BiancaNevesYT","","https://www.instagram.com/biancanevesyt/","yeezy reviews"
"https://www.youtube.com/channel/UCbDHEDHau-HTh6b_4WcAkFg/","Italian Kickz Reviews","19","1179","","","","","yeezy reviews"
"https://www.youtube.com/channel/UCmuBTtriZ_Mjzm9PKL8dTmA/","DriftingSneakers","24","902","","","","","yeezy reviews"
"https://www.youtube.com/channel/UChgdkL9Pcj9ODOQ5VDFekLg/","ToNYD2WiLD","597178","75906956","contact@tablerockmanagement.com","http://www.twitter.com/tonyd2wild","","https://instagram.com/tonyd2wild/","yeezy reviews"
"https://www.youtube.com/channel/UC6Hg4sUu_MX3_uC_laL--LQ/","LifeOfShark","327605","18567882","","http://www.twitter.com/09sharkboy","","http://www.instagram.com/09sharkboy","yeezy reviews"
"https://www.youtube.com/channel/UCMNmwqCtCSpftrbvR3KkHDA/","Guava Juice","14273325","6096763389","business@guavajuice.com","","","","yeezy reviews"
"https://www.youtube.com/channel/UCfjQ6_dt76Jh-ZHtRIfxprw/","S Sneak","811","80947","","","","","yeezy reviews"
"https://www.youtube.com/channel/UCm5rjZ7TaQy6l-jZdmYfXuQ/","shoessup Suplook","","81137","suplook88@outlook.com","https://twitter.com/Suplook88","https://www.facebook.com/suplooknida","","yeezy reviews"
"https://www.youtube.com/channel/UCj7bcFXRskxkJXlk_oEUfpA/","Tidemall K","25","14438","tidemall@hotmail.com","","","","yeezy reviews"
"https://www.youtube.com/channel/UCi5FiarrPlUw-x__wjwWygg/","SneakerholicBeez","4004","698575","sneakerholicbeez@gmail.com","https://twitter.com/sneakerholicbee","https://www.facebook.com/Sneakerholicbeez","https://www.instagram.com/sneakerholicbeez","yeezy reviews"
"https://www.youtube.com/channel/UC_3SOr7XbdSrSAAPgR5OpvQ/","SneakerheadPat Reviews","13910","2343085","Sneakerheadpat@gmail.com","","","","yeezy reviews"
"https://www.youtube.com/channel/UCAZ0yQWVYSL64EXD5_QxjTQ/","Sneaker Plug","","41711","","","","","yeezy reviews"
"https://www.youtube.com/channel/UCo44inc4e4hvEaa1U5HpRqg/","SneakerTalk","306648","39707863","","https://twitter.com/sneakertalkca","/redirect?event=channel_description&redir_token=nuYZuBqNq0aC7_iyFkQdjd1p0fd8MTU2NzI2NTE3OEAxNTY3MTc4Nzc4&q=https%3A%2F%2Fwww.facebook.com%2FsneakertalkCA%2F","http://instagram.com/sneakertalkca","yeezy reviews"
"https://www.youtube.com/channel/UCsBkryOl3BPck9yyPVOV1Ow/","milunn","1599","646607","","http://twitter.com/milunnchauhan","","","yeezy reviews"
"https://www.youtube.com/channel/UCn7eofBGAcgyLf-Ze7i76WA/","JJ Vlogs Reviews","132","5282","","","","","yeezy reviews"
"https://www.youtube.com/channel/UCEpBTEwdpVA60AfvjDPaXmA/","Edward F. Kim","801","51599","","","","","yeezy reviews"
"https://www.youtube.com/channel/UC15sHTWLVdA1H4dQ4wI9KKA/","Justin soto","401","41542","","","","","yeezy reviews"
"https://www.youtube.com/channel/UC6ghEH0bzaLclTc33xsyolw/","Hegotkickz","6010","659919","","","","","yeezy reviews"
"https://www.youtube.com/channel/UCbMIlFcK38N-2VJUoi4yYcA/","Luey G","754","144421","Luisg4045@gmail.com","","","","yeezy reviews"
"https://www.youtube.com/channel/UCObsIv5JjmarrQTueQMWBXA/","NEW SHOES REVIEWS 2019","15","4203","","","","","yeezy reviews"
"https://www.youtube.com/channel/UCeJLx_Dy_icz3oDHhJeMe9g/","Tatered","1644939","132097128","","","","","yeezy reviews"
"https://www.youtube.com/channel/UCj9su263SoUrkAzaF4bZAFw/","Casa Station","898","263559","CASA.STATION@GMAIL.COM","/redirect?q=https%3A%2F%2Ftwitter.com&redir_token=fKxI8xsxXVZTNYESplSG35wOrsx8MTU2NzI2NTE3OUAxNTY3MTc4Nzc5&event=channel_description","/redirect?q=https%3A%2F%2Fwww.facebook.com%2Fcasastation.usa%2F&redir_token=fKxI8xsxXVZTNYESplSG35wOrsx8MTU2NzI2NTE3OUAxNTY3MTc4Nzc5&event=channel_description","/redirect?q=https%3A%2F%2Fwww.instagram.com%2Fcasa.station%2F%3Fhl%3Den&redir_token=fKxI8xsxXVZTNYESplSG35wOrsx8MTU2NzI2NTE3OUAxNTY3MTc4Nzc5&event=channel_description","yeezy reviews"
"https://www.youtube.com/channel/UChJCf0RtiMMPAu5YzVTJbIw/","Super Dacob","30329","7757062","superdacob@gmail.com","","","","yeezy reviews"
"https://www.youtube.com/channel/UCOTZLh63cUOG1EF6QrbE8ow/","EJ Nduka","773","129502","Een004@gmail.com","","http://www.facebook.com/ej.nduka","http://www.instagram.com/ej_","yeezy reviews"
"https://www.youtube.com/channel/UCcGqgS4JIrnrudv1Uh8V7vw/","DGsole Yeezy Channel","211","25360","","","","","yeezy reviews"
"https://www.youtube.com/channel/UCh7VAdXQ1v8yYTHxFoW-ZTQ/","06IX","146","10616","","","","","yeezy reviews"
"https://www.youtube.com/channel/UCcHRUtEO1xAuhGFoaorY8pA/","Carlo Ople","458980","31392870","oplecarlo@gmail.com","","","","yeezy reviews"
"https://www.youtube.com/channel/UCRu_H3qHKvmPh34H11lRDPA/","Tee Bandz","364","20496","Coolboy6365@gmail.com","https://twitter.com/toni_parker_","","https://www.instagram.com/_toniparker/","yeezy reviews"
"https://www.youtube.com/channel/UCNove6-BSOb_kFwGPKz8SLA/","Xu Cheezy","344","36432","Cheezyxu@gmail.com","","","","yeezy reviews"
"https://www.youtube.com/channel/UCbpMT6ZyeoVrJOPIKsOoS-w/","Reviews from STV-Market","100","2557","","","","","yeezy reviews"
"https://www.youtube.com/channel/UCSggldtWR0i_iFce0V1ExvQ/","OverTheRated","8","4024","","","","","yeezy reviews"
"https://www.youtube.com/channel/UCIZJ5VJBTfoNYImZ6mXmAcA/","Triple Play Baseball Reviews","103","1290","","","","","yeezy reviews"
"https://www.youtube.com/channel/UCepq5Uel07-wKRLZHIeRPyQ/","STEEZY YEEZY","17","","","","","","yeezy reviews"
"https://www.youtube.com/channel/UC1c5gH_S8aw6HVJVB4P9R_w/","r2r0TV","509","87121","","https://twitter.com/KiDD0dd","","https://www.instagram.com/kidd0dd/","yeezy reviews"
"https://www.youtube.com/channel/UC-dVIhIMgtLlgIvM7Q3gYMA/","Brose Files","4420","595564","","","","","yeezy reviews"
"https://www.youtube.com/channel/UCy12EBKdfqIM2347l79TKrw/","The Blind Review","315","8369","","","","","yeezy reviews"
"https://www.youtube.com/channel/UCOHMhhWevNrWMvxPF4c9BQQ/","feed your feet manila","3021","116936","","","","","yeezy reviews"
"https://www.youtube.com/channel/UCchWU8ta6L-Dy3rGIxPINzw/","ReignBot","715734","68078827","reignbotinbox@gmail.com","http://www.twitter.com/ReignBotYT","","https://www.instagram.com/reignbotyt","yeezy reviews"
"https://www.youtube.com/channel/UCEQaIfwhtM-jLr2IpZVIlxw/","210 Got Kickz","1852","234101","210gotkickz@gmail.com","https://twitter.com/210Gotkickz","","","yeezy reviews"
"https://www.youtube.com/channel/UCu98n7OZJys9gPeU31Koeqg/","Table Sauce","25","","","","","","yeezy reviews"
"https://www.youtube.com/channel/UCnmeuCU-pPyx920dkJjHdDw/","BELOW THE BELT with Brendan Schaub","206638","28512539","","","","","yeezy reviews"
"https://www.youtube.com/channel/UC4tzwnvIMePZ9QN-NqdHpoQ/","erikainblue","59129","3011974","erika_181195@hotmail.com","https://twitter.com/ErikainBlue","","https://www.instagram.com/erikainblue/","yeezy reviews"
"https://www.youtube.com/channel/UCWeaCl2sZc14oghVMXQljCA/","docLUXURY","3059","517080","","","","","yeezy reviews"
"https://www.youtube.com/channel/UCX6Hh3xa9hwHotuU8CEkNKQ/","Joyce yeezydaily","9","3818","yeezydailysneaker@gmail.com","","","","yeezy reviews"
"https://www.youtube.com/channel/UCbolLllbuHTvlELO_sWJBqw/","lucy Tian","83","35828","motioncc11@gmail.com","","","","yeezy reviews"
"https://www.youtube.com/channel/UCzGJNhEcjgYFDOlywtqj8aQ/","sneaker Cindy","","19620","vipsister1@gmail.com","","","","yeezy reviews"
"https://www.youtube.com/channel/UCxCNbSz6RxTWxRCBDZD7j7w/","SpecialKicks","1685","155484","SpecialKicks16@gmail.com","","","","yeezy reviews"
"https://www.youtube.com/channel/UCF2eRp_Fm9UxxEXD9EnljPA/","ElectricShock","85337","9011674","aodm80@hotmail.com","","","","yeezy reviews"
"https://www.youtube.com/channel/UCzaqc-02o94qIkO-6tfRt9w/","El Sneaker Lord","72","9766","","","","","yeezy reviews"
"https://www.youtube.com/channel/UC-_RD6Ucj8DXILfVAizey5Q/","Review Everything","90","22116","","https://twitter.com/themidvids?lang=en","","https://www.instagram.com/joshbrackn/","yeezy reviews"
"https://www.youtube.com/channel/UCclYEarGfdeuyxaGiZqq4bA/","Cam Reps","157","13034","","","","","yeezy reviews"
"https://www.youtube.com/channel/UCaZ1vHbXD5qtY6JZtd7fX9A/","Just4Kicks212","14649","1085709","Just4Kicks212@gmail.com","https://twitter.com/#!/Just4Kicks212","","http://instagram.com/just4kicks212","yeezy reviews"
"https://www.youtube.com/channel/UCliskiVzccS700jUPAJaSIg/","Golfholics","78662","13874399","marko@golfholics.com","https://twitter.com/golfholics","https://www.facebook.com/golfholics/","","yeezy reviews"
"https://www.youtube.com/channel/UC1sgoG2DBDgIqalRncbekjQ/","Retro88","354","97283","","","","","yeezy reviews"
"https://www.youtube.com/channel/UCFP8Dn5Q95F_zgskgR45FrA/","lanuc okkk","4","3588","","","","","yeezy reviews"
"https://www.youtube.com/channel/UC1SrYFm0xzTU0RNdxczBoAQ/","Sneaker Reviews 2016","64","5517","","","","","yeezy reviews"
"https://www.youtube.com/channel/UCdcRYMnlIQs4PcecZrXEQlw/","NameBran","573273","82976602","NameBranClothing@gmail.com","","https://www.facebook.com/branden.wiebe.5","http://instagram.com/namebranclothing","yeezy reviews"
"https://www.youtube.com/channel/UCNKoOxaDQZq5jWy6GLWmtQw/","Michelle Laos","541","183045","","","","","yeezy reviews"
"https://www.youtube.com/channel/UCspqFPW-fBAtStIZnQE3Unw/","Lorenz Wiedenmann","585837","54893424","contact@lorenzwie.com","https://www.twitter.com/lorenzwie","https://www.facebook.com/lorenzwie/","https://www.instagram.com/lorenzwie","yeezy reviews"
"https://www.youtube.com/channel/UCtwzN7iRUnSJVzAg72FBU2Q/","JoshieTheGoat","3229","390911","Atlgoatcustoms@gmail.com","","","","yeezy reviews"
"https://www.youtube.com/channel/UCwAKhmv8cHxm9Fr706erCsQ/","pierreson tan","13162","3300213","","https://twitter.com/pierresontan","https://www.facebook.com/pierreson.tan","http://instagram.com/pierresontan","yeezy reviews"
"https://www.youtube.com/channel/UCZoIja-dKgyxv-6MzOq6DBg/","Fashion God","98","32006","","","","","yeezy reviews"
"https://www.youtube.com/channel/UCw6Ou-fRcPa23GvYq-VHEbA/","BULL1TRC","778058","125921472","bull1trcsales@gmail.com","https://twitter.com/BULL1TRC","","http://instagram.com/bull1trc/","yeezy reviews"
"https://www.youtube.com/channel/UCWv8lraDBUzxE_SIGp9sp0w/","YUNG WAVY","14","138","","","","","yeezy reviews"
"https://www.youtube.com/channel/UCI0BSEc_OE-IO5zOxT462uA/","Typical Reviews","155805","6481529","TypicalReviewsBusiness@gmail.com","http://www.twitter.com/TypicalReviews","http://www.facebook.com/TypicalReviews","http://www.instagram.com/TypicalReviews","yeezy reviews"
"https://www.youtube.com/channel/UCzYXWH1NdDbi48IUBTURGmg/","Isis The Original","7234","349852","","","","","yeezy reviews"
"https://www.youtube.com/channel/UCr9BPvjlhbOFRx12N8AWadQ/","Life of Isaiah","402","24084","","","","","yeezy reviews"
"https://www.youtube.com/channel/UC_Bqtr8PeUzOSGW0K7qVu_g/","Sneaker Saints","2729","191350","","","","","yeezy reviews"
"https://www.youtube.com/channel/UCc4RvbSX52QfdbKltCdEUjg/","Supa Dupa Rupa","19208","2239351","","","","","yeezy reviews"
"https://www.youtube.com/channel/UC0t0IqxfP_idFzKGEkgEixg/","MARKCHES","10736","1255966","","","","","yeezy reviews"
"https://www.youtube.com/channel/UCM3VW8QMwF0n7cY1PYZsLHA/","Larry Las Vegas","5","6560","","","","","yeezy reviews"
"https://www.youtube.com/channel/UCbh8eWQ83qZxKkfUbyKEIDA/","THESNEAKERADDICT","174988","44009675","HIREDJDELZ@GMAIL.COM","http://twitter.com/djdelz","http://facebook.com/therealdjdelz","http://instagram.com/realdjdelz","yeezy reviews"
"https://www.youtube.com/channel/UC7r-A048aYkwE0krHh4TJRA/","Fiona Zheng","","154461","suplook88@outlook.com","","","","yeezy reviews"
"https://www.youtube.com/channel/UCePihK7DujGe1UkVgPmKabQ/","Sneakersnstreets","25497","6648489","Sneakersnstreets@gmail.com","","","www.instagram.com/sneakersnstreets","yeezy reviews"
"https://www.youtube.com/channel/UCB9xdC_EHBTZMH3G9QInq-g/","sneakerencyclopedia","6159","5056471","","","","","yeezy reviews"
"https://www.youtube.com/channel/UCYXfXN-OS50hfApDysMMd4g/","THE COLLECTS","4604","486760","","","","","yeezy reviews"
"https://www.youtube.com/channel/UC4gPKdabQVW2YyhCtO7JErw/","MR FOAMER SIMPSON","453327","67678520","foamburgundy@gmail.com","https://twitter.com/mrFOAMERSIMPSON","https://www.facebook.com/foamieshomies","http://instagram.com/mrfoamersimpson","yeezy reviews"
"https://www.youtube.com/channel/UCnoVQdz6xQrQ20twmyjzWfw/","Trigger Happy Kicks","64","5708","triggerhappykicks@gmail.com","","","","yeezy reviews"
"https://www.youtube.com/channel/UC_quxZTtanZraQtEvr15aWw/","CRUST DALO","6885","463464","christopherdanieldalo@gmail.com","","","","yeezy reviews"
"https://www.youtube.com/channel/UC_iGhho6iryysTZNzZk6XsA/","DoubleL 2014","579","136328","","","","","yeezy reviews"
"https://www.youtube.com/channel/UCroeDtD1dtd1leuxUHDMTXQ/","Tonic","10980","217282","tonic@vice.com.","http://twitter.com/dailytonic","https://www.facebook.com/dailytonic","https://www.instagram.com/tonic/","yeezy reviews"
"https://www.youtube.com/channel/UCZpzXHKKrCwM8GHySvVJJAQ/","RealDJBJ","788","161962","djbjatl@gmail.com","http://twitter.com/realdjbj","","http://instagram.com/realdjbj","yeezy reviews"
"https://www.youtube.com/channel/UCTERWbN5C91Cc-9BwsgkEQA/","Sneaker Beast Brasil","291","38916","","","","","yeezy reviews"
"https://www.youtube.com/channel/UCMblMgp8sOS92t8Gv0W629g/","MaxTyree","2333","409301","Maxtyreeona@gmail.com","","","https://www.instagram.com/makavelimonroe/?hl=en","yeezy reviews"
"https://www.youtube.com/channel/UCi5IZOTuDwdKFbTn9P3Sw4Q/","Nu Two Times","2251","155042","NusChannel@gmail.com","https://www.twitter.com/nutwotimes","https://www.facebook.com/nutwotimes","https://www.instagram.com/shotbynu","yeezy reviews"
"https://www.youtube.com/channel/UCKj6BxXKPa35o3CqhjSXkJw/","Satumi The Neet","1588","537616","satumibusiness@gmail.com","https://twitter.com/SatumitheNeet","","https://www.instagram.com/satumitheneet/","yeezy reviews"
"https://www.youtube.com/channel/UCXMkPU5r9u2rpGiPl1iSMqQ/","OG LUWAP","2160","373398","","","","","yeezy reviews"
"https://www.youtube.com/channel/UCeo3JUEsPIaeowbIkdu9AXg/","Swagkage","728477","152926925","swagkage@screenwavemedia.com","https://twitter.com/swagkage","","","yeezy reviews"
"https://www.youtube.com/channel/UCT8TGWIapW0GHwfiLtPfw7A/","Joe Mack","670","15938","","","","","yeezy reviews"
"https://www.youtube.com/channel/UCuwC0BIaKqs3UOVPzFTFPvA/","Romsicle","2903","2503400","romsiclez@gmail.com","https://www.twitter.com/Romsicle/","https://www.facebook.com/Romsicle/","","yeezy reviews"
"https://www.youtube.com/channel/UCJsOT3plZJcuU1-Ts7HEQ6A/","Mertza","729","76708","","","","","yeezy reviews"
"https://www.youtube.com/channel/UCO07a4SdxjAxxo2uENlzj4w/","Danyal Bridge","1504","214295","danyalbridge@gmail.com","","","https://www.instagram.com/danyalbridge/","yeezy reviews"
"https://www.youtube.com/channel/UCYeQhkcRq-_oMa6VLiN9j-g/","SneakerheadinthebayVlogs","173419","14905333","","http://www.twitter.com/bayareashoehead","","http://www.instagram.com/sneakerheadinthebay","yeezy reviews"
"https://www.youtube.com/channel/UC50U_ZLqVL5xNDTec1AZwmw/","Kevin J","1674","343657","da.truth.1308@gmail.com","https://twitter.com/kevinj_77","","https://www.instagram.com/kevinj_77/","yeezy reviews"
"https://www.youtube.com/channel/UCSUf5_EPEfl4zlBKZHkZdmw/","Danny Gonzalez","2877752","305192969","bizdannygonzalez@gmail.com","http://twitter.com/dannygonzalez","","http://instagram.com/dannygonzalez","yeezy reviews"
"https://www.youtube.com/channel/UCqAHbWCNsEX-ab1vO7NZLWw/","joevenuto","31402","1948471","info@joevenuto.com","","","http://instagram.com/joevenuto","yeezy reviews"
"https://www.youtube.com/channel/UCyIMYItYI0Ee2lYT840ifKA/","Nojo Kicks","137","9938","","","","","yeezy reviews"
"https://www.youtube.com/channel/UCe4Hzz9U2qoREvPe26ooukA/","Average Dude TV","1890","164854","AverageDudeTV@gmail.com","","https://www.facebook.com/AverageDudeTV/","https://www.instagram.com/averagedudetv/","yeezy reviews"
"https://www.youtube.com/channel/UCVEStob9uZoUNrxgdhhHrHA/","Sneakergs Official","","18216","sneakergsofficial@gmail.com","","","https://www.instagram.com/sneakergs_official/","yeezy reviews"
"https://www.youtube.com/channel/UCbQtUIq7FFSCQeAZWYCFSCw/","Eddie L. Rosado-Nieves","44","3730","eddielrosado1996@gmail.com","","","","yeezy reviews"
"https://www.youtube.com/channel/UCo44inc4e4hvEaa1U5HpRqg/","SneakerTalk","306648","39707863","SneakerTalkCA@gmail.com","https://twitter.com/sneakertalkca","/redirect?q=https%3A%2F%2Fwww.facebook.com%2FsneakertalkCA%2F&redir_token=5fiKH94qTzP5E0P6eg9GU61Pump8MTU2NzI2NTE5OEAxNTY3MTc4Nzk4&event=channel_description","http://instagram.com/sneakertalkca","yeezy reviews"
"https://www.youtube.com/channel/UCdwMX0xfVfzKIxuUGCLRR3Q/","motoTUBE","1465","690061","","","","","yeezy reviews"
"https://www.youtube.com/channel/UCvK4bOhULCpmLabd2pDMtnA/","Yes Theory","4185380","441028096","zack@onedayent.com","https://twitter.com/yestheory","http://facebook.com/yestheory","http://instagram.com/yestheory","yeezy reviews"
"https://www.youtube.com/channel/UCWkYXtnAuu7VTLPwUcRSB6A/","Kylie Jenner","6132403","280402935","","/redirect?q=https%3A%2F%2Ftwitter.com%2Fkyliejenner&event=channel_description&redir_token=sTRorpiX3K7rsVHO4f7DWhicdON8MTU2NzI2NTE5OUAxNTY3MTc4Nzk5","","/redirect?q=https%3A%2F%2Fwww.instagram.com%2Fkyliejenner&event=channel_description&redir_token=sTRorpiX3K7rsVHO4f7DWhicdON8MTU2NzI2NTE5OUAxNTY3MTc4Nzk5","yeezy reviews"
"https://www.youtube.com/channel/UCcrpqrzJHwM92qx1Yvu9JgQ/","The Kit Lab","5840","825456","info@thekitlab.com","","","","yeezy reviews"
"https://www.youtube.com/channel/UCSpH2mnDXj02_1dcPQsHgPQ/","DJBooth","55207","14593583","djtgut@djbooth.net","https://twitter.com/djbooth","https://www.facebook.com/djboothnet","http://instagram.com/djbooth","yeezy reviews"
"https://www.youtube.com/channel/UCNaaQmk885kUvxJ8UuXmhig/","Straight-Forward Reviews","217","231611","","","","","yeezy reviews"
"https://www.youtube.com/channel/UCUA7ebca0Mhp7Z-kYvYT6Rg/","wei liangping","2","785","","","","","yeezy reviews"
"https://www.youtube.com/channel/UCerYQ0uvRaa_emWt5IHVaDA/","Fresh Kick Reviews","122","52549","","","","","yeezy reviews"
"https://www.youtube.com/channel/UCWXCrItCF6ZgXrdozUS-Idw/","ExplosmEntertainment","9889533","2764775095","helloexplosm@gmail.com","","https://www.facebook.com/explosm","","yeezy reviews"
"https://www.youtube.com/channel/UC0cK-J9IjY6z_2XPGjj6dKg/","Sole Vice","227","22381","info.solevice@gmail.com","","","https://www.instagram.com/sole.vice/","yeezy reviews"
"https://www.youtube.com/channel/UCM0KH1YTAODX3S1asm3wx1A/","SC00P2O8","344649","96139362","ILUVSCOOP@GMAIL.COM","https://twitter.com/SCOOP208","","http://instagram.com/scoop208","yeezy reviews"
"https://www.youtube.com/channel/UC_xTz4FxUoa5PfHbWoFXDsg/","TheDelzShow","12964","2860705","hiredjdelz@gmail.com","https://twitter.com/djdelz/","","","yeezy reviews"
"https://www.youtube.com/channel/UCU2y7nE_iqNB3o1hYbj8Xsw/","Northern Sole","1177","449359","lewismattison95@gmail.com","https://twitter.com/LewisMattison","https://www.facebook.com/lewis.mattison","https://www.instagram.com/fku_life/","yeezy reviews"
"https://www.youtube.com/channel/UC2IPJpDGsY1BQC6yq9f07kg/","Nicki Gomez","70637","10483934","iNickiGoMez@gmail.com","https://www.twitter.com/iNickiGoMez","https://www.facebook.com/inickigomez","","yeezy reviews"
"https://www.youtube.com/channel/UCzNzNSzp0KEW14g7RBFEg2w/","Nababa Dvdbdbdbfb","44","407","","","","","yeezy reviews"
"https://www.youtube.com/channel/UCTH6aeR3LmaAO_U2dZHNbHQ/","Кроссовки","25136","3697458","sneakergeek.ru@gmail.com","","","","yeezy reviews"
"https://www.youtube.com/channel/UCMCLw8rnHcDMvfqfgg5pq9w/","KARNASTY THE SNEAKER HEAD","28","1082","","","","","yeezy reviews"
"https://www.youtube.com/channel/UCWhMAeDzqqsGA1ShNXcebcA/","Jaelah Majette","575807","49539862","jaemajette@gmail.com","https://twitter.com/JaeMajette","","https://www.instagram.com/jaemajette/","yeezy reviews"
"https://www.youtube.com/channel/UCNcLUGFfvVDAe6Tx2Xeqlfg/","NoCeiling","1889","1491395","","","","","yeezy reviews"
"https://www.youtube.com/channel/UCV5akc5f4O0DQxT09utPLoA/","Thisguyknowsitall","1","393","","","","","yeezy reviews"
"https://www.youtube.com/channel/UC0_1_yeOnGQbVEeMZjSWo1Q/","Jay The sneaker head","2","46","","","","","yeezy reviews"
"https://www.youtube.com/channel/UCxe8vmTNpk5cscKt1ArXc6Q/","JhunGaux","24002","30952949","","","","","yeezy reviews"
"https://www.youtube.com/channel/UC6RNO8uwUvfPL6hQeNDXO0Q/","Sneakerphiles","1020","138085","kix04@outlook.com","","","","yeezy reviews"
"https://www.youtube.com/channel/UCz54S1oNs-nNhjtsqdlz3mA/","Michael Gater","2","10043","Michaelgater88@outlook.com","","","","yeezy reviews"
"https://www.youtube.com/channel/UCDZzzZLhA6ZsOtVpe4DmCnA/","Kicks By K","90","19910","","","","","yeezy reviews"
"https://www.youtube.com/channel/UCfGGVWtyj2eWuFTgrGoDiag/","Wyatt","66","1643","","","","","yeezy reviews"
"https://www.youtube.com/channel/UCRYhCg0DHloE9gn-PAiAYNg/","deep cuts","90488","3634481","deepcutsmail@gmail.com","","","","yeezy reviews"
"https://www.youtube.com/channel/UCpxtggbRD0EdPGsromQYUgA/","Shoes Coppin","281","35993","","https://twitter.com/ShoesCoppin","","https://www.instagram.com/shoescoppin/","yeezy reviews"
"https://www.youtube.com/channel/UCRdyjE3lE7dtCOxU4rTsXVA/","Tekking101","430550","152525520","","http://twitter.com/tekking101","http://www.facebook.com/Tekking101","","yeezy reviews"
"https://www.youtube.com/channel/UCdQd9Bu6gvMoRUGAds0QHdQ/","EZMONEYTHESHOEGAWD Reese","554","59907","","","","","yeezy reviews"
"https://www.youtube.com/channel/UCPuo-fYQ4v8YKAfZs0BZwIg/","Crayzee Kicks","16","864","salreb78@gmail.com","","","","yeezy reviews"
"https://www.youtube.com/channel/UCA7zAvZWbqUfrVJhmvhz_sA/","akaTRENT","27384","4369890","alsoknownastrent@gmail.com","http://twitter.com/akaTRENT","","http://instagram.com/akaTRENT","yeezy reviews"
"https://www.youtube.com/channel/UCPhyA9zzFd0GFI3w5a3pyuA/","Anthony Levine","15140","4878257","tdiamantes01@gmail.com","https://twitter.com/tonydiamondstdc","https://www.facebook.com/allaboutanthonyblog/","https://instagram.com/verse001/","yeezy reviews"
"https://www.youtube.com/channel/UCzIXZtxbjwccKaVSDnUhJvg/","BlackVegeta9000","9","718","","","","","yeezy reviews"
"https://www.youtube.com/channel/UCpHRuv8-juV2kWuCGOtPgvA/","LOOKING AT TOYS","24650","8442295","info@lookingattoys.co.uk","","","","yeezy reviews"
"https://www.youtube.com/channel/UCUM_B6UQJqdiTg2Jhcdu6yw/","Book of Basics","53","64535","","","","","yeezy reviews"
"https://www.youtube.com/channel/UC4pyl4dc4QIWR9ENJzzPY7Q/","RepNation","74","41937","","","","","yeezy reviews"
"https://www.youtube.com/channel/UCJz9AavHWUzD9tkpbpRXxTw/","13YROLDHYPEBEAST","1530","134122","aztrummer@gmail.com","","","","yeezy reviews"
"https://www.youtube.com/channel/UCY75KI1UNJkPftvUCTAcA3Q/","LILJIE'S COOL REVIEWS","11","438","","","","","yeezy reviews"
"https://www.youtube.com/channel/UCUr-Aw-5BN5nOYnaKsKj88Q/","JV TechReviews","250","12883","joeyv1712@gmail.com","","","","yeezy reviews"
"https://www.youtube.com/channel/UC1vGae2Q3oT5MkhhfW8lwjg/","Lifestyle - Topic","7767776","","","","","","yeezy reviews"
"https://www.youtube.com/channel/UCuUeB1eJDpNHiLc2tnnSlOA/","Jay C.","1024","232964","","https://twitter.com/jaycauthen02","","https://www.instagram.com/jonathan.cauthen17/","yeezy reviews"
"https://www.youtube.com/channel/UCKDq9PLixtdTVyllWA0f5iQ/","Sam Golbach","1766175","184252114","","","","","yeezy reviews"
"https://www.youtube.com/channel/UCnlFpwGIzZUEi5SGBmSo8tA/","MrSpecialistHD","122","72714","","","","","yeezy reviews"
"https://www.youtube.com/channel/UCNtOMlLXqb1KRQQVVWK_y9Q/","SneakerSAMA","15293","1349858","sneakersama@gmail.com","","","","yeezy reviews"
"https://www.youtube.com/channel/UCZ9l_6_f0PWRYXN5Y7Lcl2A/","Jacques Slade","","167600638","jacqueskustoo@gmail.com","","","","yeezy reviews"
"https://www.youtube.com/channel/UCZ8QaWxV8SwUaDsJwp-p_Bw/","Its Taylan","612","446527","contact@twofeet.london","","","https://www.instagram.com/itstaylxn/","yeezy reviews"
"https://www.youtube.com/channel/UCvlmHF_K6UpaoqTnTBonRsQ/","SimplyPops","35677","13661279","simplypopzftw@gmail.com","https://twitter.com/SimplyPops","","https://www.instagram.com/simplypops/","yeezy reviews"
"https://www.youtube.com/channel/UC6tELjeNuLYvISAsAjQzEQQ/","RAP & SNEAKERS","1564","40745","","","","","yeezy reviews"
"https://www.youtube.com/channel/UCkDlQUhibsAXqulnWXwyv9w/","Sneakers And Stuff","35","6016","","","","","yeezy reviews"
"https://www.youtube.com/channel/UCcAvljdM2NMdMYq_pvT9pBw/","DouchebagChocolat","369106","61137961","AuthorDaltonGarrett@yahoo.com","","","","yeezy reviews"
"https://www.youtube.com/channel/UCrceIy8r1SZLNtDE9RpaA3A/","A-ZTv","424","62585","zavalabubba@gmail.com","","","https://www.instagram.com/chief_zavala/","yeezy reviews"
"https://www.youtube.com/channel/UCkoh2bngEdbRGGDVBmwLfTg/","Finesse Kickz","517","184156","jdiggy_92@yahoo.com","https://twitter.com/Jdiggy92","","https://instagram.com/jdiggy92/","yeezy reviews"
"https://www.youtube.com/channel/UCGDkPQJ6Dhax2t2y43vos2Q/","Alison Butala","2621","691926","avbutala@umich.edu","https://twitter.com/alisonbutala","","https://www.instagram.com/alisonbutala/","yeezy reviews"
"https://www.youtube.com/channel/UCfXUp07SeB-XOP7BagAIMjA/","CowArsonVideos","128","40710","","","","","yeezy reviews"
"https://www.youtube.com/channel/UC8j4yDDGs7JzUcNJG-9VTDw/","The Vict","395559","23722939","contato@thevict.com.br","","","","yeezy reviews"
"https://www.youtube.com/channel/UCXUQMZ3HdNGAvjH-Rp3luHw/","Adam DeFresh","4295","471120","adamdefresh@gmail.com","http://twitter.com/AdamDeFresh","http://www.facebook.com/AdamDeFresh","http://instagram.com/adamdefresh/","yeezy reviews"
"https://www.youtube.com/channel/UCFEyQxnylA-SLrbA_pw9R5Q/","lavadr","8146","6981316","","http://www.twitter.com/#!/lavadr","http://www.facebook.com/lavadr","","yeezy reviews"
"https://www.youtube.com/channel/UCa6vGFO9ty8v5KZJXQxdhaw/","Jimmy Kimmel Live","15162340","8330654720","","http://twitter.com/JimmyKimmel","http://www.facebook.com/JimmyKimmelLive","","yeezy reviews"
"https://www.youtube.com/channel/UCiJeFnpq_ynfCqB6Ne4NzyA/","HUNTING FOR KICKS OFFICIAL","368","34512","","","","https://www.instagram.com/huntingforkicks_official/?hl=en","yeezy reviews"
,,,,,,,,
,,,,,,,,
,,,,,,,,
,,,,,,,,
,,,,,,,,
,,,,,,,,
,,,,,,,,
,,,,,,,,
,,,,,,,,
,,,,,,,,
,,,,,,,,
,,,,,,,,
,,,,,,,,
,,,,,,,,
,,,,,,,,
,,,,,,,,
,,,,,,,,
,,,,,,,,
,,,,,,,,
,,,,,,,,
,,,,,,,,
,,,,,,,,
,,,,,,,,
,,,,,,,,
,,,,,,,,
,,,,,,,,
,,,,,,,,
,,,,,,,,
,,,,,,,,
,,,,,,,,
,,,,,,,,
,,,,,,,,
,,,,,,,,
,,,,,,,,
,,,,,,,,
,,,,,,,,
,,,,,,,,
,,,,,,,,
,,,,,,,,
,,,,,,,,
,,,,,,,,
,,,,,,,,
,,,,,,,,
,,,,,,,,
,,,,,,,,
,,,,,,,,
,,,,,,,,
,,,,,,,,
,,,,,,,,
,,,,,,,,
,,,,,,,,
,,,,,,,,
,,,,,,,,
,,,,,,,,
,,,,,,,,
,,,,,,,,
,,,,,,,,
,,,,,,,,
,,,,,,,,
,,,,,,,,
,,,,,,,,
,,,,,,,,
,,,,,,,,
,,,,,,,,
,,,,,,,,
,,,,,,,,
,,,,,,,,
,,,,,,,,
,,,,,,,,
,,,,,,,,
,,,,,,,,
,,,,,,,,
,,,,,,,,
,,,,,,,,
,,,,,,,,
,,,,,,,,
,,,,,,,,
,,,,,,,,
,,,,,,,,
,,,,,,,,
,,,,,,,,
,,,,,,,,
,,,,,,,,
,,,,,,,,
,,,,,,,,
,,,,,,,,
,,,,,,,,
,,,,,,,,
,,,,,,,,
,,,,,,,,
,,,,,,,,
,,,,,,,,
,,,,,,,,
,,,,,,,,
,,,,,,,,
,,,,,,,,
,,,,,,,,
,,,,,,,,
,,,,,,,,
,,,,,,,,
,,,,,,,,
,,,,,,,,
,,,,,,,,
,,,,,,,,
,,,,,,,,
,,,,,,,,
,,,,,,,,
,,,,,,,,
,,,,,,,,
,,,,,,,,
,,,,,,,,
,,,,,,,,
,,,,,,,,
,,,,,,,,
,,,,,,,,
,,,,,,,,
,,,,,,,,
,,,,,,,,
,,,,,,,,
,,,,,,,,
,,,,,,,,
,,,,,,,,
,,,,,,,,
,,,,,,,,
,,,,,,,,
,,,,,,,,
,,,,,,,,
,,,,,,,,
,,,,,,,,
,,,,,,,,
,,,,,,,,
,,,,,,,,
,,,,,,,,
,,,,,,,,
,,,,,,,,
,,,,,,,,
,,,,,,,,
,,,,,,,,
,,,,,,,,
,,,,,,,,
,,,,,,,,
,,,,,,,,
,,,,,,,,
,,,,,,,,
,,,,,,,,
,,,,,,,,
,,,,,,,,
,,,,,,,,
,,,,,,,,
,,,,,,,,
,,,,,,,,
,,,,,,,,
,,,,,,,,
,,,,,,,,
,,,,,,,,
,,,,,,,,
,,,,,,,,
,,,,,,,,
,,,,,,,,
,,,,,,,,
,,,,,,,,
,,,,,,,,
,,,,,,,,
,,,,,,,,
,,,,,,,,
,,,,,,,,
,,,,,,,,
,,,,,,,,
,,,,,,,,
,,,,,,,,
,,,,,,,,
,,,,,,,,
,,,,,,,,
,,,,,,,,
,,,,,,,,
,,,,,,,,
,,,,,,,,
,,,,,,,,
,,,,,,,,
,,,,,,,,
,,,,,,,,
,,,,,,,,
,,,,,,,,
,,,,,,,,
,,,,,,,,
,,,,,,,,
,,,,,,,,
,,,,,,,,
,,,,,,,,
,,,,,,,,
,,,,,,,,
,,,,,,,,
,,,,,,,,
,,,,,,,,
,,,,,,,,
,,,,,,,,
,,,,,,,,
,,,,,,,,
,,,,,,,,
,,,,,,,,
,,,,,,,,
,,,,,,,,
,,,,,,,,
,,,,,,,,
,,,,,,,,
,,,,,,,,
,,,,,,,,
,,,,,,,,
,,,,,,,,
,,,,,,,,
,,,,,,,,
,,,,,,,,
,,,,,,,,
,,,,,,,,
,,,,,,,,
,,,,,,,,
,,,,,,,,
,,,,,,,,
,,,,,,,,
,,,,,,,,
,,,,,,,,
,,,,,,,,
,,,,,,,,
,,,,,,,,
,,,,,,,,
,,,,,,,,
,,,,,,,,
,,,,,,,,
,,,,,,,,
,,,,,,,,
,,,,,,,,
,,,,,,,,
,,,,,,,,
,,,,,,,,
,,,,,,,,
,,,,,,,,
,,,,,,,,
,,,,,,,,
,,,,,,,,
,,,,,,,,
,,,,,,,,
,,,,,,,,
,,,,,,,,
,,,,,,,,
,,,,,,,,
,,,,,,,,
,,,,,,,,
,,,,,,,,
,,,,,,,,
,,,,,,,,
,,,,,,,,
,,,,,,,,
,,,,,,,,
,,,,,,,,
,,,,,,,,
,,,,,,,,
,,,,,,,,
,,,,,,,,
,,,,,,,,
,,,,,,,,
,,,,,,,,
,,,,,,,,
,,,,,,,,
,,,,,,,,
,,,,,,,,
,,,,,,,,
,,,,,,,,
,,,,,,,,
,,,,,,,,
,,,,,,,,
,,,,,,,,
,,,,,,,,
,,,,,,,,
,,,,,,,,
,,,,,,,,
,,,,,,,,
,,,,,,,,
,,,,,,,,
,,,,,,,,
,,,,,,,,
,,,,,,,,
,,,,,,,,
,,,,,,,,
,,,,,,,,
,,,,,,,,
,,,,,,,,
,,,,,,,,
,,,,,,,,
,,,,,,,,
,,,,,,,,
,,,,,,,,
,,,,,,,,
,,,,,,,,
,,,,,,,,
,,,,,,,,
,,,,,,,,
,,,,,,,,
,,,,,,,,
,,,,,,,,
,,,,,,,,
,,,,,,,,
,,,,,,,,
,,,,,,,,
,,,,,,,,
,,,,,,,,
,,,,,,,,
,,,,,,,,
,,,,,,,,
,,,,,,,,
,,,,,,,,
,,,,,,,,
,,,,,,,,
,,,,,,,,
,,,,,,,,
,,,,,,,,
,,,,,,,,
,,,,,,,,
,,,,,,,,
,,,,,,,,
,,,,,,,,
,,,,,,,,
,,,,,,,,
,,,,,,,,
,,,,,,,,
,,,,,,,,
,,,,,,,,
,,,,,,,,
,,,,,,,,
,,,,,,,,
,,,,,,,,
,,,,,,,,
,,,,,,,,
,,,,,,,,
,,,,,,,,
,,,,,,,,
,,,,,,,,
,,,,,,,,
,,,,,,,,
,,,,,,,,
,,,,,,,,
,,,,,,,,
,,,,,,,,
,,,,,,,,
,,,,,,,,
,,,,,,,,
,,,,,,,,
,,,,,,,,
,,,,,,,,
,,,,,,,,
,,,,,,,,
,,,,,,,,
,,,,,,,,
,,,,,,,,
,,,,,,,,
,,,,,,,,
,,,,,,,,
,,,,,,,,
,,,,,,,,
,,,,,,,,
,,,,,,,,
,,,,,,,,
,,,,,,,,
,,,,,,,,
,,,,,,,,
,,,,,,,,
,,,,,,,,
,,,,,,,,
,,,,,,,,
,,,,,,,,
,,,,,,,,
,,,,,,,,
,,,,,,,,
,,,,,,,,
,,,,,,,,
,,,,,,,,
,,,,,,,,
,,,,,,,,
,,,,,,,,
,,,,,,,,
,,,,,,,,
,,,,,,,,
,,,,,,,,
,,,,,,,,
,,,,,,,,
,,,,,,,,
,,,,,,,,
,,,,,,,,
,,,,,,,,
,,,,,,,,
,,,,,,,,
,,,,,,,,
,,,,,,,,
,,,,,,,,
,,,,,,,,
,,,,,,,,
,,,,,,,,
,,,,,,,,
,,,,,,,,
,,,,,,,,
,,,,,,,,
,,,,,,,,
,,,,,,,,
,,,,,,,,
,,,,,,,,
,,,,,,,,
,,,,,,,,
,,,,,,,,
,,,,,,,,
,,,,,,,,
,,,,,,,,
,,,,,,,,
,,,,,,,,
,,,,,,,,
,,,,,,,,
,,,,,,,,
,,,,,,,,
,,,,,,,,
,,,,,,,,
,,,,,,,,
,,,,,,,,
,,,,,,,,
,,,,,,,,
,,,,,,,,
,,,,,,,,
,,,,,,,,
,,,,,,,,
,,,,,,,,
,,,,,,,,
,,,,,,,,
,,,,,,,,
,,,,,,,,
,,,,,,,,
,,,,,,,,
,,,,,,,,
,,,,,,,,
,,,,,,,,
,,,,,,,,
,,,,,,,,
,,,,,,,,
,,,,,,,,
,,,,,,,,
,,,,,,,,
,,,,,,,,
,,,,,,,,
,,,,,,,,
,,,,,,,,
,,,,,,,,
,,,,,,,,
,,,,,,,,
,,,,,,,,
,,,,,,,,
,,,,,,,,
,,,,,,,,
,,,,,,,,
,,,,,,,,
,,,,,,,,
,,,,,,,,
,,,,,,,,
,,,,,,,,
,,,,,,,,
,,,,,,,,
,,,,,,,,
,,,,,,,,
,,,,,,,,
,,,,,,,,
,,,,,,,,
,,,,,,,,
,,,,,,,,
,,,,,,,,
,,,,,,,,
,,,,,,,,
,,,,,,,,
,,,,,,,,
,,,,,,,,
,,,,,,,,
,,,,,,,,
,,,,,,,,
,,,,,,,,
,,,,,,,,
,,,,,,,,
,,,,,,,,
,,,,,,,,
,,,,,,,,
,,,,,,,,
,,,,,,,,
,,,,,,,,
,,,,,,,,
,,,,,,,,
,,,,,,,,
,,,,,,,,
,,,,,,,,
,,,,,,,,
,,,,,,,,
,,,,,,,,
,,,,,,,,
,,,,,,,,
,,,,,,,,
,,,,,,,,
,,,,,,,,
,,,,,,,,
,,,,,,,,
,,,,,,,,
,,,,,,,,
,,,,,,,,
,,,,,,,,
,,,,,,,,
,,,,,,,,
,,,,,,,,
,,,,,,,,
,,,,,,,,
,,,,,,,,
,,,,,,,,
,,,,,,,,
,,,,,,,,
,,,,,,,,
,,,,,,,,
,,,,,,,,
,,,,,,,,
,,,,,,,,
,,,,,,,,
,,,,,,,,
,,,,,,,,
,,,,,,,,
,,,,,,,,
,,,,,,,,
,,,,,,,,
,,,,,,,,
,,,,,,,,
,,,,,,,,
,,,,,,,,
,,,,,,,,
,,,,,,,,
,,,,,,,,
,,,,,,,,
,,,,,,,,
,,,,,,,,
,,,,,,,,
