ChannelUrl,Name,Subscribers,Views,Email,Twitter,Facebook,Instagram,email_get_from
"https://www.youtube.com/channel/UChs7bGVZvMsNxoZppM4YaUA/","SandraEmilia- Fashion Stylist","780","126826","sandra@vogastyling.com","","","https://www.instagram.com/sandraemiliah/","fashion stylist"
"https://www.youtube.com/channel/UC4zSeC2mJb1mQd1XGk4wjmw/","Erica Matthews","8916","389574","bookings@ericamatthews.co.uk","http://twitter.com/ericafmstyle","","http://instagram.com/ericafmstyle","fashion stylist"
"https://www.youtube.com/channel/UCRzKyNrGgexKUhhEW2cEBKA/","BRAVEMOŌDE STUDIOS: Stylist Jessica A. Alberto","827","9839","JESSICA@BRAVEMOODE.COM","","","","fashion stylist"
"https://www.youtube.com/channel/UCLXl2R0cKcc4xUjyzSB8QZg/","Fashion Stylist Institute","1758","1356939","contact@fashionstylistinstitute.com","","","","fashion stylist"
"https://www.youtube.com/channel/UCFEq_oX0Bz77Uqyr3NG6-Ig/","School Of Style","12960","420643","","","http://www.facebook.com/SchoolofStyle","","fashion stylist"
"https://www.youtube.com/channel/UCwli7x3hXyRBLcyhR3EhJVg/","fashion stylist","475","429325","","","","","fashion stylist"
"https://www.youtube.com/channel/UC3iINwXX6oQ0DqfE1SQ-S-w/","Marie-Anne Lecoeur","38618","3477335","info@marieannelecoeur.com","","","","fashion stylist"
"https://www.youtube.com/channel/UCq02yKiM745YoI8IqA0gNFA/","Fashion Stylist","","1155560","fashionstudio667@gmail.com","","","","fashion stylist"
"https://www.youtube.com/channel/UC0dcCISmgepE1dDdKBErx1Q/","Christie Ressel","121764","8973525","christie@fashiontranslated.com","http://www.twitter.com/ChristieRessel","https://www.facebook.com/fashiontranslated","http://instagram.com/christieressel","fashion stylist"
"https://www.youtube.com/channel/UCZIYrSm2SDZ4NupN8OiDDiQ/","Jayla Koriyan TV","253385","31091038","Info@jaylakoriyan.com","https://twitter.com/jaylakoriyan","","https://instagram.com/jaylakoriyan/","fashion stylist"
"https://www.youtube.com/channel/UC-B4Ec_YqNreCpmmpARAUXQ/","Lauren Messiah","76895","8883443","bookings@laurenmessiah.com","https://twitter.com/LaurenMessiah","http://www.facebook.com/LaurenMessiah","http://instagram.com/laurenmessiah","fashion stylist"
"https://www.youtube.com/channel/UC5LdClt0pGHCbrG0OfOapEw/","Mitali Ambekar - Fashion Stylist","526","199105","mitsamby@gmail.com","","","","fashion stylist"
"https://www.youtube.com/channel/UCQHe-h0n5K-Fco8dz35dimQ/","Fashion Stylist Fausta Parker","124","34128","faustaparker@gmail.com","","","","fashion stylist"
"https://www.youtube.com/channel/UCxAiGF-DNEBOey7BqA5cbpA/","UNA Fashion Stylist","8","233","","","","","fashion stylist"
"https://www.youtube.com/channel/UCna89l5-KbDF15MxaAtYxyA/","Mobil","21148","58653476","","","","","fashion stylist"
"https://www.youtube.com/channel/UCKIoJpqjC93kUM2OlxBrKUw/","Studio86","275844","13571835","hello@studio86us.com","","","","fashion stylist"
"https://www.youtube.com/channel/UC5xtPacH_bYTrtTW_aG0vlw/","AmaterasuEVE -Makeup channel-","172380","11928351","info@amaterasueve.com","","","","fashion stylist"
"https://www.youtube.com/channel/UCl0d0Sz3ta-9qoHR4uUVDrQ/","김부선","107","","","","","","fashion stylist"
"https://www.youtube.com/channel/UCe90ur619XnoIpiBhm8o5bg/","Elysha Lenkin","503","46550","","","","","fashion stylist"
"https://www.youtube.com/channel/UCT42rMzeTNCiBZD06rkFM_w/","Sophie Mae Style","948","50717","","","https://www.facebook.com/sophiemaestylefb/","https://www.instagram.com/sophiemaestyle/","fashion stylist"
"https://www.youtube.com/channel/UCnPuqN6JA1rAfR6H3pwOXIQ/","Audree Kate","91","10882","audree@audreekate.com","https://twitter.com/simplyaudreek","https://www.facebook.com/SimplyAudreeKate/","https://www.instagram.com/simplyaudreekate/?hl=en","fashion stylist"
"https://www.youtube.com/channel/UCSeFu2niSybPGIM_3AutshQ/","Sally Lyndley","","811950","sally@sallylyndley.com","https://twitter.com/SallyLyndley","https://www.facebook.com/pages/Sally-Lyndley/185334194841813","http://instagram.com/sallylyndley","fashion stylist"
"https://www.youtube.com/channel/UCGqrKmBOfJBhBWAFTP5igpA/","Coach Mary CYoung Image /Fashion Stylist","459","33818","Maryshoppens@gmail.com","","","","fashion stylist"
"https://www.youtube.com/channel/UCXpcY3RjDruiiEsEIc2O1tw/","CalorTV","2226","5623535","","","","","fashion stylist"
"https://www.youtube.com/channel/UCXrbNKcZHeyo6B-sZqT_7VQ/","i am SIGH","13033","2669908","sighstyles@gmail.com","","","https://www.instagram.com/idressupandeat/?hl=en","fashion stylist"
"https://www.youtube.com/channel/UCuoxrRDDgk3UUnxR4tlkJYQ/","Marie Forleo","581930","49426644","info@marieforleo.com","http://twitter.com/marieforleo","http://facebook.com/marieforleo","https://instagram.com/marieforleo/","fashion stylist"
"https://www.youtube.com/channel/UC_Zp7pXCZEJ8ECbTZ2kiZ3A/","TalkStyleNicolette","241","136968","","","","","fashion stylist"
"https://www.youtube.com/channel/UCt1sQ5gG7MvkU94i4jdv4Rw/","London College Of Style","176","21773","","","","","fashion stylist"
"https://www.youtube.com/channel/UCIgZVvCfz_Ti5BsyBvv9v0g/","Shan Michael Santos","442","12707","","","","","fashion stylist"
"https://www.youtube.com/channel/UCZIYrSm2SDZ4NupN8OiDDiQ/","Jayla Koriyan TV","253390","31091038","Info@jaylakoriyan.com","https://twitter.com/jaylakoriyan","","https://instagram.com/jaylakoriyan/","fashion stylist"
"https://www.youtube.com/channel/UC1QLgEq64yjhn1zydWlDU_A/","EJ Mondia","300","9119","emmanjohnmondia.03@gmail.com","","","","fashion stylist"
"https://www.youtube.com/channel/UCwMr1O_MQQBTYVXcqRj_pQw/","fashionphotostyling","58","25575","","","/redirect?redir_token=SbkhcJd0ocZQ9Nd9OwR3wzIClRF8MTU2NzI2NjE4MUAxNTY3MTc5Nzgx&event=channel_description&q=http%3A%2F%2Fwww.facebook.com%2Fdavideranieriphotography","","fashion stylist"
"https://www.youtube.com/channel/UC-u3ZZGTbgnioWY6yhNywrg/","Rowenta International","629","409168","","/redirect?redir_token=SbkhcJd0ocZQ9Nd9OwR3wzIClRF8MTU2NzI2NjE4MUAxNTY3MTc5Nzgx&q=https%3A%2F%2Ftwitter.com%2FRowentaUSA&event=channel_description","https://www.facebook.com/RowentaUSA/","https://www.instagram.com/rowentausa/?hl=fr","fashion stylist"
"https://www.youtube.com/channel/UCC5-URg42Wz8Dfkd9ELkxNw/","Embacy MediaGroup","1346","278573","EmbacyMedia@gmail.com","https://twitter.com/EmbacyMedia","https://www.facebook.com/EmbacyMediaGroup","","fashion stylist"
"https://www.youtube.com/channel/UCRaD5_Feq0Vl5BdyfCDu6Ug/","Stylish Advisor","","8925","","","","","fashion stylist"
"https://www.youtube.com/channel/UCOukIoaL0QzoUyxWctGn3qw/","Hairdresser - Topic","1214","","","","","","fashion stylist"
"https://www.youtube.com/channel/UC6LuVhB15U9Oj8J3cpca-ag/","nana fashion stylist","22","1774","","","","","fashion stylist"
"https://www.youtube.com/channel/UCRlrAcD_B3E30j5RiRWLO-Q/","Chasing: Reality","40139","5157217","info@mychasingreality.com.","http://www.twitter.com/Chasingrlty","http://www.facebook.com/ChasingRLTY","http://www.instagram.com/chasing.rlty","fashion stylist"
"https://www.youtube.com/channel/UCF0R3w7iHasoDoxPYLHFWJg/","sex pron","386","76790","","","","","fashion stylist"
"https://www.youtube.com/channel/UCAGqcBbLblBoO5lgfAgLe5g/","OMS TV","21527","5114536","Info@p3kproductions.com","https://www.twitter.com/oddmobsociety","https://www.facebook.com/pages/ODD-Mob-Society/645040215553109","https://www.instagram.com/oddmobsociety","fashion stylist"
"https://www.youtube.com/channel/UCwoRQxIO3tNu3PeTWcIabiw/","Flo Loulabyy","3813","914611","","https://twitter.com/Flo_Loula","","http://instagram.com/flo_loula/","fashion stylist"
"https://www.youtube.com/channel/UCWNpPFV_2pBUWd53WbUod0A/","Elena Carballo Fashion Stylist","5","2488","","","","","fashion stylist"
"https://www.youtube.com/channel/UCnkP6WKETYKupRUWLYDD9Ow/","Ginger Burr","247","25303","","http://www.twitter.com/gingerburr","http://www.facebook.com/totalimageconsultants","","fashion stylist"
"https://www.youtube.com/channel/UCjLvIMrzbMS2erRXw3mZt3Q/","MakeUpMess","0","3","","","","","fashion stylist"
"https://www.youtube.com/channel/UCJnIt_vVYrDVRSVW0Dv-epg/","Kalee Hewlett","3693","49946","","https://twitter.com/kaleehewlett","https://www.facebook.com/kaleehewlettstylist","http://instagram.com/kaleehewlett#","fashion stylist"
"https://www.youtube.com/channel/UC6K4YChfNiPNZpel998ya6g/","Marcy Guevara-Prete","2098","241370","themarcyminute@gmail.com","","","","fashion stylist"
"https://www.youtube.com/channel/UC2FyrZlHJt7Al48h_99SGJA/","Piotr Zioła","15735","8917922","piotrziola@warnermusic.pl","","https://www.facebook.com/PiotrZiola","","fashion stylist"
"https://www.youtube.com/channel/UCBE6xxqHd_pY-TKe2hw3O9A/","REW TV","604","659829","","","","","fashion stylist"
"https://www.youtube.com/channel/UCF4gGM5ZGXKdV-SyUT_h-8w/","Roshunda Russell","","4288","Info@NaturalHairBride.com","/redirect?q=https%3A%2F%2Ftwitter.com%2Fnaturalbride&event=channel_description&redir_token=xQMswSbFgR4UbiMXHhlPV7oOg2x8MTU2NzI2NjE5MEAxNTY3MTc5Nzkw","","/redirect?q=http%3A%2F%2Finstagram.com%2Fnaturalhairbride&event=channel_description&redir_token=xQMswSbFgR4UbiMXHhlPV7oOg2x8MTU2NzI2NjE5MEAxNTY3MTc5Nzkw","fashion stylist"
"https://www.youtube.com/channel/UCE2OVD_XAikydpc1AtxZgkA/","Gandhi Fernando","134211","28586972","gandhi.renee@gmail.com","http://twitter.com/gandhifernando","http://facebook.com/gandhifernando.id","http://instagram.com/gandhifernando","fashion stylist"
"https://www.youtube.com/channel/UCcdPq4DytJFqw022bw1O5ig/","Shelly's UFO","398","14350","","","","","fashion stylist"
"https://www.youtube.com/channel/UC8M2t_ih4WwIuCXw71jlZxw/","KST by K. Symone","45","1767","","","","","fashion stylist"
"https://www.youtube.com/channel/UCOJVMjD5HLKkh5rwmUW2dSw/","modelsnvixens","1301","138451","modelsandvixens101@gmail.com","","","www.instagram.com/modelsandvixens101","fashion stylist"
"https://www.youtube.com/channel/UCwWkbMqbsawHFyfeGEHb8mA/","Ollie Pearce","7660","800858","info@makemethatguy.com","https://www.twitter.com/makemethatguy","https://www.facebook.com/makemethatguy","https://www.instagram.com/makemethatguy_","fashion stylist"
"https://www.youtube.com/channel/UCjbqHKCgYrH1F-yjtonjOpQ/","Mila Azul","207","3938","","","","","fashion stylist"
"https://www.youtube.com/channel/UCHSk9Nv2PoYN-HQIXX630rA/","Tawna Eubanks","4847","285598","tawnaeubanksmccoy@gmail.com","https://twitter.com/tawnaeubanks","https://www.facebook.com/tawnareubanks/?fref=ts","https://www.instagram.com/tawnareubanks/","fashion stylist"
"https://www.youtube.com/channel/UCq3BP0ghOcQ_r5oV9803aMA/","Sana Grover","26045","1175339","sanagrover2@gmail.com","http://twitter.com/sana_grover","","http://www.instagram.com/sanagrover","fashion stylist"
"https://www.youtube.com/channel/UC3CFh3l_fsuLLLvyCqel-_Q/","Van Ha","20","1761","","","","","fashion stylist"
"https://www.youtube.com/channel/UCslkgsXDhHAvV-XNKf2wNYA/","Omenaa Bokye","91","5824","","","","","fashion stylist"
"https://www.youtube.com/channel/UCqpVLUmmjxoEsRSizs9Q_BQ/","Stilberatung Sperling","5","1098","info@stilberatung-sperling.de","","https://www.facebook.com/pages/Stilberatung-Sperling/1420221894950885?sk=timeline&ref=page_internal","https://www.instagram.com/stilberatung_sperling/?hl=de","fashion stylist"
"https://www.youtube.com/channel/UCSk7Eo4StEQ3h2g5LoVUocw/","Fabrizio Crispino","9676","2334527","","","","","fashion stylist"
"https://www.youtube.com/channel/UCr6v8KSQxnNwV37Dp4J4Orw/","Mode By Cece","135","12012","info@modebycece.com","https://twitter.com/ModebyCeCe","https://www.facebook.com/Modemamorcom?ref=hl","https://www.instagram.com/modebycece/","fashion stylist"
"https://www.youtube.com/channel/UCUu1IHJAdHhCL0OgSKBjPNg/","Authentic Beauty Concept","53","1264","","","","","fashion stylist"
"https://www.youtube.com/channel/UCw-m69z4yCmIbY7p9ezfygw/","Swimsuits For All","20451","20044169","social.media@fbbrands.com","/redirect?redir_token=0iAe6k2WipPGw0cV_wlyeL9HRdl8MTU2NzI2NjIwNEAxNTY3MTc5ODA0&event=channel_description&q=http%3A%2F%2Fwww.twitter.com%2Fswimsuitsforall","/redirect?redir_token=0iAe6k2WipPGw0cV_wlyeL9HRdl8MTU2NzI2NjIwNEAxNTY3MTc5ODA0&event=channel_description&q=http%3A%2F%2Fwww.facebook.com%2Fswimsuitsforall","/redirect?redir_token=0iAe6k2WipPGw0cV_wlyeL9HRdl8MTU2NzI2NjIwNEAxNTY3MTc5ODA0&event=channel_description&q=http%3A%2F%2Fwww.instagram.com%2Fswimsuitsforall","fashion stylist"
"https://www.youtube.com/channel/UC6sAaaqgXLx4vmwiV3t_gvw/","World of Android games","170227","73664324","","https://twitter.com/WoAGamess","http://www.facebook.com/radek.hanibal.5","","fashion stylist"
"https://www.youtube.com/channel/UCYusdr-RpBJ6aEX1M-g9ptA/","CC Corner","4140","300588","","","","","fashion stylist"
"https://www.youtube.com/channel/UC_VmXWvQod0abS-03OiHeAg/","Peter Curti","2192","693475","petercurti23@gmail.com","https://twitter.com/The1andOnlyPC","https://www.facebook.com/pcstyles4u","https://www.instagram.com/pc.styles/","fashion stylist"
"https://www.youtube.com/channel/UClWHSwTH77SzIvmzT6l6IBQ/","Visit Melbourne","8492","2705333","","http://www.twitter.com/Melbourne","","http://instagram.com/visitmelbourne","fashion stylist"
"https://www.youtube.com/channel/UCStNnDmrSeTlxZu17EESBmQ/","JillPineda","64","20809","","/redirect?q=http%3A%2F%2Fwww.twitter.com%2Fjillpineda&event=channel_description&redir_token=9QaInb1uTMv6qQ02CgCjHCNWQ7p8MTU2NzI2NjIwN0AxNTY3MTc5ODA3","/redirect?q=https%3A%2F%2Fwww.facebook.com%2Fpages%2FJill-Pineda%2F122013194476535&event=channel_description&redir_token=9QaInb1uTMv6qQ02CgCjHCNWQ7p8MTU2NzI2NjIwN0AxNTY3MTc5ODA3","","fashion stylist"
"https://www.youtube.com/channel/UC3Q88A7dKygS16m1XI0kKJw/","mansh drone makeup artist and fashion stylist","2","178","","","","","fashion stylist"
"https://www.youtube.com/channel/UCvmtrDEQQd2tlPuJNtIWkrA/","Cooking in Heels","25","6987","","","","","fashion stylist"
"https://www.youtube.com/channel/UC-x_SWfIMLE8KwaDUqQheQQ/","OPPO Philippines","181782","104573216","","https://twitter.com/OPPOPhilippines","https://www.facebook.com/OPPOPH","https://instagram.com/oppophilippines/","fashion stylist"
"https://www.youtube.com/channel/UCbL3rbOwujdEWjmK1900GdQ/","Beautybykeysh","2105","107344","","https://twitter.com/_XxLakeyshaxX_","https://www.facebook.com/beautybykeysh","","fashion stylist"
"https://www.youtube.com/channel/UCnw9Nnp71N63-ip3YfOLPzw/","Vickie Mortenson","0","","vickiemortenson@gmail.com","/redirect?event=channel_description&q=https%3A%2F%2Ftwitter.com%2Fvickiemortenson&redir_token=0NCcLLumGMEDfpVFeXM8wyrfYRh8MTU2NzI2NjIxMkAxNTY3MTc5ODEy","","","fashion stylist"
"https://www.youtube.com/channel/UCVZeMPe9DlVzdPxdJ98SRRA/","Jeslar","35550","134","","","","","fashion stylist"
"https://www.youtube.com/channel/UCPUwk5w2AQiZ_h0rHTI_13Q/","NonSoloUnghie","20494","3426198","","","https://www.facebook.com/nonsolounghie","","fashion stylist"
"https://www.youtube.com/channel/UCfWgJbybhFtAG0pkDqTSHuw/","Zufixiew","2546","13682","","","","","fashion stylist"
"https://www.youtube.com/channel/UCuTNCVh8KFF8heiTXUS-N1g/","socklover NL Hot socks","525","47741","","","","","fashion stylist"
"https://www.youtube.com/channel/UCU2SWKXVKafCu3OXok2IHuw/","Emily Wheatley","291","28756","emily.wheatley@findingmacaroon.com","https://twitter.com/imemilywheatley","","https://www.instagram.com/imemilywheatley","fashion stylist"
"https://www.youtube.com/channel/UCP3vm6ekx-CZ4QyzQMFBcKA/","Not Dingo","407","444993","","","","","fashion stylist"
"https://www.youtube.com/channel/UCgZaS3nVy8_Qj0kCUE3xxRA/","HSN","76801","81249961","","http://www.twitter.com/hsn/?cm_mmc=Social-_-Youtube-_-Channel-_-Twitter","http://www.facebook.com/hsn?cm_mmc=Social-_-Youtube-_-Channel-_-Facebook","","fashion stylist"
"https://www.youtube.com/channel/UCn-C2qC9LGwgJsCwcWcvGxQ/","Ladylike Charm","13439","1065989","","","","","fashion stylist"
"https://www.youtube.com/channel/UChV4_6K3Q21Aad8L138bjdQ/","Adi Surantha","314","158712","ady.zurrantha@gmail.com","","","","fashion stylist"
"https://www.youtube.com/channel/UCreY7ISRCWSim0ROgNjvsIg/","Latitude Bay","322","219","ContactUs@LatitudeBay.com","https://twitter.com/LatitudeBay","","https://www.instagram.com/latitudebayco/","fashion stylist"
"https://www.youtube.com/channel/UCoc8tpGCY1wrp8pV7mI0scA/","H&M","376122","215723694","info@hm.com.","http://www.twitter.com/hm","http://www.facebook.com/hm","http://www.instagram.com/hm","fashion stylist"
"https://www.youtube.com/channel/UCeT0jDLXsNDVG7YjfDQdARQ/","Mukasabrothersproduction","8057","2305072","","","","","fashion stylist"
"https://www.youtube.com/channel/UC3ShfVaVc7qaM_uAupyQZGQ/","MrDashima","0","","","","","","fashion stylist"
"https://www.youtube.com/channel/UCftJnzLQkBHyvbtwGLJRgXg/","Elsafur Boutique","113","8560","elsafur2008@hotmail.it","","","","fashion stylist"
"https://www.youtube.com/channel/UCDWbspNX2OoZlrvLJSKmgiw/","Ali Rabbani","84","10797","office@iamrabbani.com","","","","fashion stylist"
"https://www.youtube.com/channel/UCBpZVwYekYnRtBfRsqnVtww/","UNVME STYLES","6","386","","","","","fashion stylist"
"https://www.youtube.com/channel/UCvtp_AwOWgbbwtw0pDLp2vg/","The Crisp White Shirt","315","39354","sooperfly@sooperfly.com","","https://www.facebook.com/crispwhiteshirt?ref=hl","https://www.instagram.com/thecrispwhiteshirt/","fashion stylist"
"https://www.youtube.com/channel/UCP0sMt78g_jMIWp56YY-Y_w/","블루쿤","0","","","","","","fashion stylist"
"https://www.youtube.com/channel/UCadauZqAUiyGWTuye2QHqtQ/","FIDM/Fashion Institute of Design & Merchandising","15732","2558580","socialmedia@fidm.com","https://twitter.com/fidm","https://www.facebook.com/FIDMCollege","http://instagram.com/fidm","fashion stylist"
"https://www.youtube.com/channel/UCJSoKosyDFtwe1ASvwADtng/","wayne Johns_Photographer","1084","132589","","","","","fashion stylist"
"https://www.youtube.com/channel/UCjkjGliuAnisElsmgq5z8UQ/","Mariat Candace Nasasira","5146","397981","","","","","fashion stylist"
"https://www.youtube.com/channel/UCYPepXZ0KeraoKIfqq8FaKg/","Frozen Luxury","1117","98075","","","","","fashion stylist"
"https://www.youtube.com/channel/UCB5EUkG1uyDHwUbroLs50JQ/","Tatiana Navarro","1300","455967","tatiananavarro181@gmail.com","https://twitter.com/","","https://www.instagram.com/","fashion stylist"
"https://www.youtube.com/channel/UCbx2khMoVUIqt-TtAEPEKig/","Erica Wark","","2185","","","","","fashion stylist"
"https://www.youtube.com/channel/UCa90UtvuY1-50ksmB8e_DTQ/","JLO of Jewelry Rocks Touchstone Crystal","5","775","","","","","fashion stylist"
"https://www.youtube.com/channel/UCEmU6lnZqqc2CcpLD17dgbw/","My So-Called Style","88","2003","","","","http://www.instagram.com/mysocalledstyle","fashion stylist"
"https://www.youtube.com/channel/UCA0QvNGQbOtFkI0PFuSWfWA/","Amrita Lal","6","784","","","","","fashion stylist"
"https://www.youtube.com/channel/UC873o0ofdaKn0GOXawAhvgw/","Emmylou Maccarthy","3591","145355","emmyloumary@hotmail.com","https://twitter.com/emmyloumary","https://www.facebook.com/emmylou.maccarthy","https://www.instagram.com/emmylou_loves/","fashion stylist"
"https://www.youtube.com/channel/UCZr4ob6TcYL4iD23obt0XBg/","La Mer Italy","1143","6065894","","","","","fashion stylist"
"https://www.youtube.com/channel/UChagJdo5nhsCvL16y3N6-qw/","Inspiredbyalicel *","12","","","","","","fashion stylist"
"https://www.youtube.com/channel/UCIyjGxxff7vJXK9uujeSeqA/","SplendidBeauty","5942","332779","daniellewalkermua@gmail.com","","","http://instagram.com/splendidbeauty_","fashion stylist"
"https://www.youtube.com/channel/UCHrJx83PN0pec9SvSAGAUcg/","Cynthia Moyer","0","","contemporaryartistictech@gmail.com","/redirect?q=https%3A%2F%2Ftwitter.com%2Fconartistictech&event=channel_description&redir_token=TxDgyMcwe6dQ7L8y_aTsbyYJxkd8MTU2NzI2NjI1MUAxNTY3MTc5ODUx","","","fashion stylist"
"https://www.youtube.com/channel/UCgoDGG9LTfBCxCJDWwH82zw/","Salshabilla TV","1903086","246216280","teamsalshabilla@eksisbanget.com","https://twitter.com/salshaabilaa?lang=en","https://www.facebook.com/Salshabilla-Adriani-1695776777336952/","https://www.instagram.com/salshabillaadr/?hl=en","fashion stylist"
"https://www.youtube.com/channel/UCRq_keqTR5KEkPlvNXDGjaw/","Kathy Dorleans","","89970","kathydorleans44@hotmail.com","","","","fashion stylist"
"https://www.youtube.com/channel/UC7aFY8G9ZMZRG_FD7QEdK2g/","Nafeesa Muqtasid","1","353","","","","","fashion stylist"
"https://www.youtube.com/channel/UCluWx71wD2quWJymP2R8meQ/","Grazia Indonesia","450","190849","redaksi@grazia.co.id","","","","fashion stylist"
"https://www.youtube.com/channel/UCX7ZXAeMc4eGQvbrqOtNsZw/","Sandra Holmäng","5","1870","","","","","fashion stylist"
"https://www.youtube.com/channel/UCNW9K7fqQNaE1z7Cq6UTGbA/","Swimwear365","246","235978","","","","","fashion stylist"
"https://www.youtube.com/channel/UCKNr5-9eORq9XJcmTbFLsvA/","kodex crew","345","235406","","","","","fashion stylist"
"https://www.youtube.com/channel/UCf7_lH1tkikuylGucG9PXAg/","Doze Models","143","7092","","","","","fashion stylist"
"https://www.youtube.com/channel/UCMmR6OdcFiNaypB98I5fwtg/","What Would April Wear?","","13728","april@whatwouldaprilwear.com","","","","fashion stylist"
"https://www.youtube.com/channel/UCh9LEW75CCX9mw2JbmAzxRQ/","The Broadway Bradford","148","188754","","","","","fashion stylist"
"https://www.youtube.com/channel/UCKHAXnUERCNS8aLJ-w8KKCA/","Ruth Elisa","134","2194","info@elisaplan.com","","","","fashion stylist"
"https://www.youtube.com/channel/UCr58zUBRvN3RtljbF1_JUlw/","Localist","908","1217509","","https://twitter.com/localistnz","http://www.facebook.com/LocalistNZ","","fashion stylist"
"https://www.youtube.com/channel/UC1NC9QNNjJEFtF93x1iQz2A/","Martin Kurina Official","196","","mkmanagement@live.com","http://www.twitter.com/MartinKurina","http://www.facebook.com/pages/Martin-Kurina-Official/123761907695405","","fashion stylist"
"https://www.youtube.com/channel/UC6wPLcGCleWY8j1ioowSsbA/","예쁜병아리TV","0","113","","","","","fashion stylist"
"https://www.youtube.com/channel/UCoyb3xzyUm3UlGGu6ENdfSQ/","Derek Faces","861","550603","","","","","fashion stylist"
"https://www.youtube.com/channel/UCAC_IMoo9NSvyjkiRhw1cQw/","TheAngieMartinezShow","533","559820","","","","","fashion stylist"
"https://www.youtube.com/channel/UCM9KaeiEZ5XnGcvgRndlUBQ/","Youyou's Style","0","","","","","","fashion stylist"
"https://www.youtube.com/channel/UC99aN_X0LGV-CAmd6PpL4-g/","DiDi Chavis","5","2205","","","","","fashion stylist"
"https://www.youtube.com/channel/UCHAqJ867AO3hlVkNOV-5O7g/","Ariana Soleil","165","6337","","","","","fashion stylist"
"https://www.youtube.com/channel/UCTbMIf3iXfy6uZP_ZUynoqw/","Wifey Beauty","","736","","","","","fashion stylist"
"https://www.youtube.com/channel/UChCjxBo3K-6xfaEEKBELOTw/","CHRISTYreports","7149","1848347","contact@christyreports.com","","","","fashion stylist"
"https://www.youtube.com/channel/UC3gTWmXUrNB00TZNeRCBT6A/","Lyron’s World Netherlands","113","6323","","","","","fashion stylist"
"https://www.youtube.com/channel/UCHQTPQTVCk_lx3jcp7Ye6IA/","JD Williams","725","338623","","http://twitter.com/JDWFashion","http://www.facebook.com/JDWilliamsUK","","fashion stylist"
"https://www.youtube.com/channel/UCJsZEsJW5eph-gZqISf7t1g/","바바리안군단","0","","","","","","fashion stylist"
"https://www.youtube.com/channel/UCA-CfrqvSpWi4DXIrhMSkpA/","Pheora","825","79868","Pheora8@gmail.com","http://twitter.com/twama","http://www.facebook.com/twama.nambili","http://www.instagram.com/twama_official","fashion stylist"
"https://www.youtube.com/channel/UC7bIF8t4eBP-zXhwmh8SDIg/","Designer Daddy","93232","11137293","","","","","fashion stylist"
"https://www.youtube.com/channel/UCtBIooPBKcjwvTLgusY03xg/","Molly Reinold","1119","51608","","https://twitter.com/mollyreinold","https://www.facebook.com/MollyAnnaReinold","https://www.instagram.com/mollyreinold/","fashion stylist"
"https://www.youtube.com/channel/UCBQrqcWF5fqK3P0zgrvumpQ/","TheSocietyDiariesTV","","22899","","","","","fashion stylist"
"https://www.youtube.com/channel/UCCGsowVvEV2Xpdu_PdiB0Qg/","Videmy","11257","1327321","destek@videmy.com","https://twitter.com/videmycom","https://www.facebook.com/videmycom","https://www.instagram.com/videmycom/","fashion stylist"
"https://www.youtube.com/channel/UC4qpVhbzZk1cqUW9JWMbAoA/","Catherine Ha","406","37376","catherine@thuymy.com","","","","fashion stylist"
"https://www.youtube.com/channel/UCU_WHr3bzvNXVarz_IyzJpA/","QC Style Academy","403","25929","","http://www.twitter.com/qcstyleacademy","http://www.facebook.com/qcstyleacademy","http://instagram.com/qccareerschool","fashion stylist"
"https://www.youtube.com/channel/UCz6dRH1k1OYJCZWEy7C9MIg/","Mansi Therapy","598","22222","","","","","fashion stylist"
"https://www.youtube.com/channel/UCmkAFf6wygMRSixp-1pou7w/","Sourav Deb Photography","176","12609","","/redirect?redir_token=0oVjLmgXAUiXxlnxiV9nqFpBUJ18MTU2NzI2NjI4NkAxNTY3MTc5ODg2&event=channel_description&q=https%3A%2F%2Ftwitter.com%2Fsouravdeb","https://www.facebook.com/souravdebphotographer","","fashion stylist"
"https://www.youtube.com/channel/UCLi-NntSpRk5YkQaX9YYZJw/","Clayton Welch","1735","358414","","","","","fashion stylist"
"https://www.youtube.com/channel/UCzk53E34FdQ0UO87k6w_HWA/","Haalo","","700","","","","","fashion stylist"
"https://www.youtube.com/channel/UCXBqJ1ZpjbLvv9VECCd8k8w/","e-studio.D","5569","51724","","","","","fashion stylist"
"https://www.youtube.com/channel/UCB_xTAzTXycBpD5dhX5f0qA/","century21stores","537","127893","","http://twitter.com/century21stores","http://www.facebook.com/century21stores","/redirect?q=http%3A%2F%2Finstagram.com%2Fcentury21stores&event=channel_description&redir_token=fMjeHOgeW-q18pqcmVDcUYiGMlt8MTU2NzI2NjI4N0AxNTY3MTc5ODg3","fashion stylist"
"https://www.youtube.com/channel/UCJtE93xiAJOvww7XC1xdhDA/","Jean Sweet Photography","12545","2077832","","","https://www.facebook.com/jeansweetphotography","","fashion stylist"
"https://www.youtube.com/channel/UCyCzncvphEqmB2AgGG5QeFw/","Andie Makkawaru Photography","722","200799","andiemakkawaru@gmail.com","https://twitter.com/andiemakkawaru","","https://www.instagram.com/andie_makkawaru/","fashion stylist"
"https://www.youtube.com/channel/UCTiTIz5C8YHUh4eTImpb_KQ/","Bear Hug Media","956","9849356","","","","","fashion stylist"
"https://www.youtube.com/channel/UCIJib6xyIE-cozJoxzFDA4Q/","audyVEVO","20762","16603396","","https://twitter.com/aawdee_uwais?lang=en","https://www.facebook.com/aawdee.item/","https://www.instagram.com/audyitem/","fashion stylist"
"https://www.youtube.com/channel/UCGrGZFUlqd0DRt95jJlhRnQ/","Alba Gomez","85","10071","info@albagomez.com.au","","https://www.facebook.com/albagomezimage","http://instagram.com/albagomezimage","fashion stylist"
"https://www.youtube.com/channel/UCrBclLj0JoM30ATDdqaJ6Ug/","Theo_Official","4","","","","","","fashion stylist"
"https://www.youtube.com/channel/UCyz1jlDqH4yJMngOEBI_TnQ/","Style.com Indonesia","288","91983","","","","","fashion stylist"
"https://www.youtube.com/channel/UCwTDLSJFc8u7lLpkTymCXPA/","LIL HAITI","8701","1695867","therealhaiti100@gmail.com","","","","fashion stylist"
"https://www.youtube.com/channel/UCuQmhc2bceFDDXBoIoxwGgw/","Get real with Azeezat","389","20395","enny.kay79@yahoo.com","","","","fashion stylist"
"https://www.youtube.com/channel/UCpBcSk8RyT_B1Qp_h0EzNVA/","Angela StoneNZ","0","391","","","","","fashion stylist"
"https://www.youtube.com/channel/UCtVyoceJCSqjmUO_tRVq_9Q/","OpwekkingSOS","1837","2566063","","","","","fashion stylist"
"https://www.youtube.com/channel/UCJnyxRO1_N7Z5tIxwzRIWMw/","Christie Moeller","24","8857","","","","","fashion stylist"
"https://www.youtube.com/channel/UCtc1b1WVJj13w0-QpIycFGA/","Taiacore official","832","292486","taiacorebooking@gmail.com","https://twitter.com/Taiacore","https://www.facebook.com/taiacore/","https://www.instagram.com/taiacore/","fashion stylist"
"https://www.youtube.com/channel/UC6jJrXB0zhS9uFUrNK5vLNA/","Jasmine Golphin","50","6904","","https://twitter.com/filmmaker_J","https://www.facebook.com/welcomemidnight","","fashion stylist"
"https://www.youtube.com/channel/UCedUrmYIqW4-k3R_wC4WKpA/","andugo","301","77391","andrew@andugo.com","","","","fashion stylist"
"https://www.youtube.com/channel/UC8g_XUj27ypgHjzYhUcLmFg/","naferic","106","130441","","","","","fashion stylist"
"https://www.youtube.com/channel/UCy-uGTBU2haetuOgvcH1uXA/","lowridermusic","914","330985","","","","","fashion stylist"
"https://www.youtube.com/channel/UCs2Nfsjms0831GBPCBxXGcA/","Elisa in Montreal","16899","1943091","estilomontreal@outlook.com","","https://www.facebook.com/White-Hair-Revolution-1432621600149029/","https://www.instagram.com/elisainmontreal/","fashion stylist"
"https://www.youtube.com/channel/UCcOT370bAtA1nFXcwBA9GCA/","Crate Club","937","284605","","","","","fashion stylist"
"https://www.youtube.com/channel/UCdgSFSB61IDWCnfXENe7OVg/","Lisa Acquafredda","49","24703","info@stayclassytv.com","","","","fashion stylist"
"https://www.youtube.com/channel/UC56HXoCSfJFJ1JI6nApcC9g/","Hard Visual Xtreme","","11011","","","","","fashion stylist"
"https://www.youtube.com/channel/UCIwuOvGWD-VSYfb1BjBDunA/","We Are Likely","639","51157","likelybabes@gmail.com","https://twitter.com/wearelikely","https://www.facebook.com/wearelikely/","","fashion stylist"
"https://www.youtube.com/channel/UCv99HDDCGEI_zP-sj_tjg1g/","JulceRescigno","167","68641","","","","","fashion stylist"
"https://www.youtube.com/channel/UCPuERHvXqXPclljDcBjvALg/","Hot and Spicy LevantTV","150","41075","","https://twitter.com/levanttv","https://www.facebook.com/HotandSpicyTVshow","","fashion stylist"
"https://www.youtube.com/channel/UCfTLrmxCOYLcqlF-st9pHkg/","The Ones","307","39801","Hello@OneAdv.co.uk","","","","fashion stylist"
"https://www.youtube.com/channel/UCn_PAmiYjp6owaxte8xljTg/","Dara Foster","93","73392","","","","","fashion stylist"
"https://www.youtube.com/channel/UC245EuBH96J4zMRXPLw3qJw/","The Mani Jassal Diaries","174","15208","info@manijassal.com","https://twitter.com/manikjassal","https://www.facebook.com/pages/Mani-Jassal/391589330986351?sk=timeline&ref=page_internal","http://instagram.com/manikjassal","fashion stylist"
"https://www.youtube.com/channel/UCi_XmAk2-ZofTni3o3nB7gA/","Liz diaz","34690","38707359","","","","","fashion stylist"
"https://www.youtube.com/channel/UCxyhyEMn0g0dsxDP-pRbgJQ/","Islamic Fashion Institute","281","6076","","","","","fashion stylist"
"https://www.youtube.com/channel/UC3MUoE6KXhd_RFS5NSnN4vQ/","MarisotaUK","","1130307","","https://twitter.com/MarisotaUK","https://www.facebook.com/MarisotaFashion","","fashion stylist"
"https://www.youtube.com/channel/UC17jefsqFvFVMUuBJsbAmdw/","Fironaff Fang","81","39611","","","","","fashion stylist"
"https://www.youtube.com/channel/UCvDv4SBsS9qx8b4F_4UFpCg/","BSM Media Ministry","591","76118","","","","","fashion stylist"
"https://www.youtube.com/channel/UCJkxDFFbh_Tj3Dp9sYOO9EQ/","Elsa Isaac","171","11018","info@elsaisaac.com","","","","fashion stylist"
"https://www.youtube.com/channel/UCNGLCdkNEvlOkyboK1qA3iw/","famemodelsindonesia","280","384035","","","","","fashion stylist"
"https://www.youtube.com/channel/UCpf47Fas8SQB6xOrXXz7znQ/","TakenBySTORM","479","69830","","","","","fashion stylist"
"https://www.youtube.com/channel/UC1FTHPBCOJSunMS2oNnjACg/","eazy","121","88407","","","","","fashion stylist"
"https://www.youtube.com/channel/UC7AecTrdTB9WzBttD5wMGGQ/","Bria Walton","40","7379","","","","","fashion stylist"
"https://www.youtube.com/channel/UC4hM4VhqtZoiXf9sBxVRV_g/","modafaidate","2076","786869","","","","","fashion stylist"
"https://www.youtube.com/channel/UCDG_jZSvDcqPTsCafXKs7Tg/","Jonathan Pampling","6","539","","","","","fashion stylist"
"https://www.youtube.com/channel/UCO7wAlJ19RZLWRfOD7cgflQ/","Bisi Adeshina","28","18496","","","","","fashion stylist"
"https://www.youtube.com/channel/UCFDXJF-KLTuW0C1BignqZGA/","Sabrina Araújo","5842","483643","info@sabrinararaujo.com","","","","fashion stylist"
"https://www.youtube.com/channel/UCEHQuqnYAZT4B4BAV3dNEtA/","Jac Dohrmann Style","260","9315","info@jacdohrmannstyle.com.au","","","https://www.instagram.com/jacdohrmannstyle/","fashion stylist"
"https://www.youtube.com/channel/UCG0aypnRd-u0L_wioNM6mgg/","Toni Bradshaw","399","4684","TheMrBradshaw@gmail.com","http://twitter.com/TheToniBradshaw","","http://instagram.com/TheMrBradshaw","fashion stylist"
"https://www.youtube.com/channel/UC9PFHhE5L9E1OA0OGWLUp2A/","Ultra Walls","1534","142511","","","","","fashion stylist"
"https://www.youtube.com/channel/UCaMjj666miCbxnQtux0IVYg/","JstChi","430","113038","","","","","fashion stylist"
"https://www.youtube.com/channel/UCY2npwRXjvnNBcT1EgwPgUw/","Gracia Ve","1110","75707","official@graciave.com","https://twitter.com/Gracia_ve8","https://www.facebook.com/profile.php?id=100009034588848","https://www.instagram.com/gracia_ve/","fashion stylist"
"https://www.youtube.com/channel/UClHzf_3edejYE8WpPzx7kpg/","Leem Wills","568","259477","","","","","fashion stylist"
"https://www.youtube.com/channel/UCjAhIGXWsDzkMwHlidzjraA/","김수민","11","5001","","","","","fashion stylist"
"https://www.youtube.com/channel/UCh8Pi2yRLVOnww0gFKLq0Pw/","Amada Mia","333","20075","","","","","fashion stylist"
"https://www.youtube.com/channel/UCwYoLRXu2zFPLlTEYSThDdQ/","Jennifer Garza","486","220061","","http://twitter.com/jennifergarza","https://www.facebook.com/JenniferGarzaMusic","http://instagram.com/jennifergarza3","fashion stylist"
"https://www.youtube.com/channel/UCEloRltCj6W4B83PaTjHPDQ/","Marina BerBeryan","112","82697","Management@MarinaBerBeryan.com","https://twitter.com/MarinaBerberyan","https://www.facebook.com/pages/MARINA-Celebrity-Fashion-Stylist/184478501570919","http://instagram.com/marinaberberyan","fashion stylist"
"https://www.youtube.com/channel/UC6qVU6xbDRawwdsP0EfthbQ/","LifeSTYLest","1064","6994","","","","","fashion stylist"
"https://www.youtube.com/channel/UCc8cyuPi3Aqza9UK0eYl9DA/","tristinstyling","72","128096","","","","","fashion stylist"
"https://www.youtube.com/channel/UCYdTJkhUaO01wDbGMN8jiaA/","HAUTEOC","","58680","BookTravel@Hauteoc.com","https://twitter.com/hauteoc","https://www.facebook.com/HAUTEOC?ref=hl","http://instagram.com/hauteoc","fashion stylist"
"https://www.youtube.com/channel/UCbvnI71TRCn8LWnpbv45ETA/","Nutural S Lightening With Su","1317","44427","","","","","fashion stylist"
"https://www.youtube.com/channel/UC8UjlImzgVo1o6ziWxAre3Q/","Polly Pocket","496422","368267303","contact@wildbrain.com","","","","fashion stylist"
"https://www.youtube.com/channel/UCPoYm_kbevcqVw86PpsoF7A/","Style Your Career","","16839","Info@styleyourcareer.com","","","","fashion stylist"
"https://www.youtube.com/channel/UCH3IEHVy4X9y9jYEdkMFTpQ/","IFDA Italian Fashion & Design Academy","504","161784","info@ifda.it","","https://www.facebook.com/ifdamilano/","https://www.instagram.com/ifda_official/","fashion stylist"
"https://www.youtube.com/channel/UC4rK7xzPUQRu4QqMZpz8m4Q/","How To Look Good","1380","115601","","","","","fashion stylist"
"https://www.youtube.com/channel/UCQ52gN0KebUznQoLHhCZDYA/","Louise Lace","7","994","fashion@LouiseLace.com","/redirect?q=https%3A%2F%2Ftwitter.com%2FLouise_Lace&event=channel_description&redir_token=gY2gWHOl-RvwZItxBaEgvPKHYxh8MTU2NzI2NjMzMEAxNTY3MTc5OTMw","","/redirect?q=https%3A%2F%2Finstagram.com%2Flouiselace%2F&event=channel_description&redir_token=gY2gWHOl-RvwZItxBaEgvPKHYxh8MTU2NzI2NjMzMEAxNTY3MTc5OTMw","fashion stylist"
"https://www.youtube.com/channel/UCdptWeN6vM2ScuOeTr6lzBA/","sechoir.tv","51","17753","","/redirect?q=http%3A%2F%2Ftwitter.com%2Fsechoirtv&redir_token=c82t_pOgB1Ys3_XKFsykK-L3yYN8MTU2NzI2NjMzMUAxNTY3MTc5OTMx&event=channel_description","/redirect?q=http%3A%2F%2Fwww.facebook.com%2Flovesechoir&redir_token=c82t_pOgB1Ys3_XKFsykK-L3yYN8MTU2NzI2NjMzMUAxNTY3MTc5OTMx&event=channel_description","/redirect?q=http%3A%2F%2Finstagram.com%2Fsechoirtv&redir_token=c82t_pOgB1Ys3_XKFsykK-L3yYN8MTU2NzI2NjMzMUAxNTY3MTc5OTMx&event=channel_description","fashion stylist"
"https://www.youtube.com/channel/UCsG06tEWKeVX2PXx-f0tckQ/","Bárbara Bação","915","124571","livinginbsshoes@gmail.com","http://twitter.com/LivingInBsShoes","https://www.facebook.com/LivingInBsShoes","http://instagram.com/barbarabacao","fashion stylist"
"https://www.youtube.com/channel/UCbmADZ96thVyC_zIjVMIIfw/","EndurancePilates","337","46665","","","","","fashion stylist"
"https://www.youtube.com/channel/UC3wbaSXKe0TopdgWeepZAdQ/","TIME WITH FLORA","75","1622","","","","","fashion stylist"
"https://www.youtube.com/channel/UCLB9213ravG_Tgi8YWnBiCw/","Nick Wood Marketing TV","","6834","nickwood1966@gmail.com","","","","fashion stylist"
"https://www.youtube.com/channel/UCFoQtocTOk1VC6PqmFwkMvA/","Farnborough Internet Marketing","","5075","nick.w@farnboroughinternetmarketing.co.uk","https://www.twitter.com/FarnboroughIM","","https://www.instagram.com/farnboroughinternetmarketing/","fashion stylist"
"https://www.youtube.com/channel/UCAuIvV5UXNtfebzuAaLGX4A/","TheMusicRUNSDeep","1200","676027","","","","","fashion stylist"
"https://www.youtube.com/channel/UCVZkmfevmGcPdrCjzoN_Nnw/","Ваня Христова","1","","","","","","fashion stylist"
"https://www.youtube.com/channel/UCUqLta9krHS6pjk_IX-eeFA/","Taj InnerCircle","177","56942","","","","","fashion stylist"
"https://www.youtube.com/channel/UCn-_nQLXafiIKDvKPCZl1jw/","Upscale Magazine","407","125580","","","https://www.facebook.com/UpscaleMagazine/","https://www.instagram.com/upscalemagazine/","fashion stylist"
"https://www.youtube.com/channel/UCF1GpDAtfkEcsHgZi2R91NA/","kristin paquette","17","3559","kpaquette1999@gmail.com","","","","fashion stylist"
"https://www.youtube.com/channel/UCa6ioaWm7vW9Qpm8eALXv6Q/","StyldLife","","575","jfloyd@styldlife.com","","","","fashion stylist"
"https://www.youtube.com/channel/UCHI2PEjPR-oFP3y6R7-8bcw/","eva nataraja","103","59645","","","","","fashion stylist"
"https://www.youtube.com/channel/UCVqbP-gcZHI5q4ECbr5_Rew/","Fausta Parker","3158","542881","","","","","fashion stylist"
"https://www.youtube.com/channel/UCilJ1meil7xUes4t1wK9bPg/","A.H","128","86625","","","","","fashion stylist"
"https://www.youtube.com/channel/UC7p-I4xLayTtU-tONoSyYoQ/","Beauty Inc","898","9295361","","","","","fashion stylist"
"https://www.youtube.com/channel/UCUtEpeMNj5HaJrsXu5IzJww/","yumika hoskin","359","78067","","","","","fashion stylist"
"https://www.youtube.com/channel/UC4JRI0ujmiTmdDvR0q7fkag/","silverfish910","1003","852516","","","","","fashion stylist"
"https://www.youtube.com/channel/UCIttSJ-R4M23tEFnlAOwYZg/","shirley gomez","39","4264","","","","","fashion stylist"
"https://www.youtube.com/channel/UC_WmGIkqyKQ8sPE2W1LMNyw/","RANforyourlife","129393","80399339","youtube@drm-indonesia.com","","","","fashion stylist"
"https://www.youtube.com/channel/UCrctEiDFhR1DcEBEBSzDxMg/","Warren Alfie Baker","12","1006","","","","","fashion stylist"
"https://www.youtube.com/channel/UCSotjJvJdJ6E4BfTY4cH3yQ/","Haute Future Fashion Academy","3933","18986","press@hffa.it","","","","fashion stylist"
"https://www.youtube.com/channel/UCzFbIQr5gPKAsXpftRp5ghg/","Ashley Fultz","1840","251207","ashley@thestyleeditrix.com","http://www.twitter.com/thestyleeditrix","http://www.facebook.com/thestyleeditrix","http://www.instagram.com/thestyleeditrix","fashion stylist"
"https://www.youtube.com/channel/UCidNMZ_6x6meG7QzMf-UlIg/","DFS Official","","5176484","clientservice@dfs.com","","http://www.facebook.com/dfs","http://instagram.com/dfsofficial","fashion stylist"
"https://www.youtube.com/channel/UC69ul0weubFsagDrDWo7yHA/","Cynthia Rodríguez-Camero","4","11510","","/redirect?event=channel_description&redir_token=IOR16hanbpL4QeRXKH-YVFJ-scV8MTU2NzI2NjM0OEAxNTY3MTc5OTQ4&q=https%3A%2F%2Ftwitter.com%2Fstyleauthor","/redirect?event=channel_description&redir_token=IOR16hanbpL4QeRXKH-YVFJ-scV8MTU2NzI2NjM0OEAxNTY3MTc5OTQ4&q=https%3A%2F%2Fwww.facebook.com%2Fcrodriguezcamero","","fashion stylist"
"https://www.youtube.com/channel/UC7eFDvPrtL1bLth_8xdTpyw/","Denisse Cervantes Vera","954","141896","","","","","fashion stylist"
"https://www.youtube.com/channel/UCs1dXrGUwNyPfOLYqeNyTlA/","Fashion Fever Networking","28","4372","","","/redirect?q=https%3A%2F%2Ffacebook.com%2FFashionFeverNetworking&redir_token=PdCbC97ozl8BwgLC1hVkmIV7rtt8MTU2NzI2NjM1MEAxNTY3MTc5OTUw&event=channel_description","/redirect?q=https%3A%2F%2Fwww.instagram.com%2Fdamatodesigns&redir_token=PdCbC97ozl8BwgLC1hVkmIV7rtt8MTU2NzI2NjM1MEAxNTY3MTc5OTUw&event=channel_description","fashion stylist"
"https://www.youtube.com/channel/UCkiKzHDDb9mNbYCFRzUmUiQ/","James Lightbown","200","78855","","","","","fashion stylist"
"https://www.youtube.com/channel/UCtSfwjrSYsugVhdWyYP9MEg/","Grace Lam","133","14964","grace@gracelam.hk","https://twitter.com/GraceLamhk","https://www.facebook.com/gracelamstyle/","https://www.instagram.com/gracelamstyle/","fashion stylist"
"https://www.youtube.com/channel/UCk8WgzaH9rn_fjfdDkbvOtw/","Tracy True Dismukes","130","88958","","","","","fashion stylist"
"https://www.youtube.com/channel/UCHklWyGY1lz_m6ca73IzMRA/","It's Your Perspective Talk Show","605","172874","streaminglivefromthevi@yahoo.com","","","","fashion stylist"
"https://www.youtube.com/channel/UCIV0n8hXn3f8xKF4sqMkfrg/","Anna Germanova","63334","3509555","hello@yourselffashion.com","","","","fashion stylist"
"https://www.youtube.com/channel/UC1CR3MZPPjufvOosd6QBubA/","69bosso","7","4261","","","","","fashion stylist"
"https://www.youtube.com/channel/UCtimHN8_H_LsCTcPXa8wbdg/","Keshia Danso","1093","81334","","","","","fashion stylist"
"https://www.youtube.com/channel/UC883YYPwzr0oAG9iIaWcmmw/","KenyanVibeTV","537","101444","","","","","fashion stylist"
"https://www.youtube.com/channel/UCySlxwTCcpI4aYKCMjLWffQ/","Burpsiez","863","1415905","","","","","fashion stylist"
"https://www.youtube.com/channel/UC9O-1ijKXaIgbC1Fj6xsZew/","Midtown Girl","58","20002","","http://twitter.com/midtowngirl","https://www.facebook.com/pages/Midtown-Girl/129266042138","","fashion stylist"
"https://www.youtube.com/channel/UCUUz9b7Chc10gZfmIzAMs2w/","TheCouple","8393","7068288","TheCouple.est10@gmail.com","","","","fashion stylist"
"https://www.youtube.com/channel/UCdptWeN6vM2ScuOeTr6lzBA/","sechoir.tv","51","17753","","/redirect?redir_token=8sbUN43bvBh9aeQTF0Hz71uRgz18MTU2NzI2NjM1MUAxNTY3MTc5OTUx&event=channel_description&q=http%3A%2F%2Ftwitter.com%2Fsechoirtv","/redirect?redir_token=8sbUN43bvBh9aeQTF0Hz71uRgz18MTU2NzI2NjM1MUAxNTY3MTc5OTUx&event=channel_description&q=http%3A%2F%2Fwww.facebook.com%2Flovesechoir","/redirect?redir_token=8sbUN43bvBh9aeQTF0Hz71uRgz18MTU2NzI2NjM1MUAxNTY3MTc5OTUx&event=channel_description&q=http%3A%2F%2Finstagram.com%2Fsechoirtv","fashion stylist"
"https://www.youtube.com/channel/UCt2nlFWNmU-IaeC4_v17Adw/","Julie Xander","","178478","","","","","fashion stylist"
"https://www.youtube.com/channel/UCBkL7dwCjf5cGz6OitYXSxA/","YS Son","0","","","","","","fashion stylist"
"https://www.youtube.com/channel/UCmhxqDzMujM5xhUAZEuqb8Q/","Denise Caldwell- Fashion & Beauty expert","1071","216313","","/redirect?event=channel_description&redir_token=1UFLXaD9aDWf66AviAuInF7xMJB8MTU2NzI2NjM2MEAxNTY3MTc5OTYw&q=https%3A%2F%2Ftwitter.com%2FDCFashionista1","/redirect?event=channel_description&redir_token=1UFLXaD9aDWf66AviAuInF7xMJB8MTU2NzI2NjM2MEAxNTY3MTc5OTYw&q=https%3A%2F%2Fwww.facebook.com%2Fdcfashionista831","/redirect?event=channel_description&redir_token=1UFLXaD9aDWf66AviAuInF7xMJB8MTU2NzI2NjM2MEAxNTY3MTc5OTYw&q=http%3A%2F%2Finstagram.com%2Fdcfashionista1","fashion stylist"
"https://www.youtube.com/channel/UCYjf3JsE__bXtZEQWA0yFMg/","S.","339","30420","hsharif88@gmail.com","https://twitter.com/Ms_Smallz3","https://www.facebook.com/MsSmallz3?group_id=0","http://instagram.com/hudasmallz","fashion stylist"
"https://www.youtube.com/channel/UCN5jOCjUZZ571v3iiSQSyeg/","Emre Kalender","0","69","","","","","fashion stylist"
"https://www.youtube.com/channel/UC5uQNKJeFQN0caP-pvmYA0A/","Kei Vendetta","1007","182813","mariahsanjose@live.com","","","","fashion stylist"
"https://www.youtube.com/channel/UCOeQMNMWC8v9EIzhXIUjKhg/","Bratz Games","27","14205","","","","","fashion stylist"
"https://www.youtube.com/channel/UCJUO_kbm_qtMzjflPr8bLHg/","Pretty Motivated","","39298","connect@prettymotivated.com","http://www.twitter.com/pretymotivated","http://www.facebook.com/pretymotivated","http://www.instagram.com/pretymotivated","fashion stylist"
"https://www.youtube.com/channel/UCtWM4uaH6IXx_HbLRd9ctHg/","Head First with Dr. Hill","455","31516","","","","","fashion stylist"
"https://www.youtube.com/channel/UCsPknHBcMrJ1FP7YLktzutw/","Sandra Escala","2","2938","sandra@sandraescala.com","","","","fashion stylist"
"https://www.youtube.com/channel/UCc42ZDccykVkRB91tsiAl8g/","Kimberly Lacy","56","995","","","","","fashion stylist"
"https://www.youtube.com/channel/UC9gXuvj0zU8iHNotXkxtdPA/","Tina","4","70","","https://twitter.com/bytinavaughns","https://www.facebook.com/bytinavaughns/","https://www.instagram.com/bytinavaughns/","fashion stylist"
"https://www.youtube.com/channel/UCKe8pXxNWqbpBHjBrpyhuQA/","The Strong Suit","136","9140","thestrongsuit@gmail.com","","","","fashion stylist"
"https://www.youtube.com/channel/UC1Hf5MB8TewxImE87qh6DVQ/","Camp Couture NYC","7","4407","","","","","fashion stylist"
"https://www.youtube.com/channel/UCk5gDVRK_exBGSeMtmWedoQ/","Mackz World","5","102","","","","","fashion stylist"
"https://www.youtube.com/channel/UCgWRwgJRdyDCecZUh8MM5kA/","Jose Mendez","883","138899","","","","","fashion stylist"
"https://www.youtube.com/channel/UCzoiDrcLRpWxBwphWLVlOdw/","LilFreshSam","87","4782","","https://twitter.com/LilFreshSam","https://www.facebook.com/LilFreshSamFanpage","https://www.instagram.com/lilfreshsam/","fashion stylist"
"https://www.youtube.com/channel/UCIEi_-5vXCSGQDDDaNid6AQ/","coudalpartners","432","723406","","","","","fashion stylist"
"https://www.youtube.com/channel/UCkwKo-zmZdgyQnB6-tcan3Q/","Hanna Lee Style","8","1705","","","","","fashion stylist"
"https://www.youtube.com/channel/UC5p3Gm81nUxrNPjNhbVm7uA/","SherlyInTheCity","42","3426","","https://twitter.com/SherlySherlss","https://www.facebook.com/SherlyTavarezWardrobeStylist?ref=hl","http://instagram.com/sherlysherlss","fashion stylist"
"https://www.youtube.com/channel/UC6hYsQFzUTIu6HaKf4xjHRA/","Mexiquer","4473","132766","","","","","fashion stylist"
"https://www.youtube.com/channel/UCgNFPFcKSxb6HKRy_3XC-Jw/","ורדית מהמיק","67","2352","","","","","fashion stylist"
"https://www.youtube.com/channel/UCO_UGFtOyKCqkGuqgQ00KMg/","Lisanne Multem","112","27008","draadenpraat@outlook.com","","","","fashion stylist"
"https://www.youtube.com/channel/UC_ai_aNp_5gj4CeTepQAfTA/","Wendy Mak","50","14793","","","","","fashion stylist"
"https://www.youtube.com/channel/UCvZY0UKajZN4bwo1d_fNnuA/","awesome Gracie","24","1510","","","","","fashion stylist"
"https://www.youtube.com/channel/UCElr-HEEc8jPGf3cEnPqkIA/","Michael fernandes","9","10477","","","","","fashion stylist"
"https://www.youtube.com/channel/UCX62cuqTf3ZMtjvt380JK9A/","Peter Kerwood","312","114923","","","","","fashion stylist"
"https://www.youtube.com/channel/UCpvmHXDXk-3kHutYmzy7TEw/","Angelo Napolillo","140","222318","","http://www.twitter.com/modaholic","http://www.facebook.com/modaholicblog","http://instagram.com/modaholic","fashion stylist"
"https://www.youtube.com/channel/UChqTo_AisGdeq2Fh2L6icvA/","KroCia LLC","14","865","info@krociallc.com","","","","fashion stylist"
"https://www.youtube.com/channel/UCLX6ikzz4cucLzabk964uvQ/","Fathul ahsanaira","","35371","fathulgudang@gmail.com","","https://www.facebook.com/ahmad.fathul.965","https://www.instagram.com/ahmadfathulmub/","fashion stylist"
"https://www.youtube.com/channel/UCcdNZoV6XIwTeOZb8xUNS9A/","Angélica Patricia","553","228415","","","","","fashion stylist"
"https://www.youtube.com/channel/UCB7TS_q2Pk1BbfuFqNlwXtg/","Style4Life MX","","105966","","","","","fashion stylist"
"https://www.youtube.com/channel/UCxOK2PU37bdipRCIwn7lUcw/","powenart","622","53553","","","","","fashion stylist"
"https://www.youtube.com/channel/UCkyCanQP4LUwrgtq3zwiUBg/","Simone Tavares","2","161","","","","","fashion stylist"
"https://www.youtube.com/channel/UC72BF9N03Xs3GvZykSbyltQ/","Heba William","9","","","","","","fashion stylist"
"https://www.youtube.com/channel/UCo5qa0G4brhu44lyPAd6xRw/","Eliza Wong","446","153446","elizawong@live.com.au","","","https://www.instagram.com/imelizawong/","fashion stylist"
"https://www.youtube.com/channel/UCI2CO629MJRNnfGxrgV7mMA/","Стилист Мария Луконина","","66262","","","https://www.facebook.com/lukonina.maria","https://instagram.com/lukonina.maria/","fashion stylist"
"https://www.youtube.com/channel/UCjZYWNbxci8uHtnAQDhr-MQ/","Spirit & Flesh","171","98967","","https://twitter.com/spiritandflesh","https://www.facebook.com/SpiritAndFlesh?ref=hl","","fashion stylist"
"https://www.youtube.com/channel/UC2uMWmNeSCsX6jtGeUdpAcA/","Jessica Davis","0","","jessicadavisnewtv@gmail.com","/redirect?q=https%3A%2F%2Ftwitter.com%2Fjessicadavisnew&event=channel_description&redir_token=nPxOa4Llb8a40Gih51Juuxdxwxt8MTU2NzI2NjM4M0AxNTY3MTc5OTgz","","","fashion stylist"
"https://www.youtube.com/channel/UCMCaxPn_0aaOPvD_JfaPKbg/","SardiniaYachting","198","384689","SardiniaYachting@aol.com","","","","fashion stylist"
"https://www.youtube.com/channel/UC80VMxUicnPDDzalVU0Z9HA/","TyphoonProject-宋亚轩 个人频道 SONG YA XUAN","","1971486","","","","","fashion stylist"
"https://www.youtube.com/channel/UCkjqzrOPaVYRsRWzsy1FQ0g/","Mums That Rave TV","6","113","","","","","fashion stylist"
"https://www.youtube.com/channel/UCn24O_K7q6ADD431UN_mp2Q/","Beauty By Judelyne Makeup Bar & SPA LLC","1290","64964","beautybyjudelyne@yahoo.com","https://twitter.com/beautybyjudelyn","https://www.facebook.com/jstriel","http://instagram.com/beautybyjudelyne","fashion stylist"
"https://www.youtube.com/channel/UC2uMWmNeSCsX6jtGeUdpAcA/","Jessica Davis","0","","jessicadavisnewtv@gmail.com","/redirect?redir_token=d2fSX0-W-6ek-Jjtnri2Tr5oqQB8MTU2NzI2NjM5M0AxNTY3MTc5OTkz&event=channel_description&q=https%3A%2F%2Ftwitter.com%2Fjessicadavisnew","","","fashion stylist"
"https://www.youtube.com/channel/UC3n2l6yK5-ZW5H1Ww4212eQ/","Los Suavez","339","43035","businessmusikbebe@gmail.com","","","","fashion stylist"
"https://www.youtube.com/channel/UCGCm6gl_eYIARgN6_LDKd7g/","IsyanaVEVO","319779","202804456","","https://twitter.com/isyanasarasvati","https://www.facebook.com/sarasvatisyana","","fashion stylist"
"https://www.youtube.com/channel/UChmPz6fJ82IDCUu-wEe5n5A/","CheavorTV","508","482785","ImageIzEverything@gmail.com","https://twitter.com/Cheavor","","https://www.instagram.com/cheavor2/","fashion stylist"
"https://www.youtube.com/channel/UCvoP58ElwzNP0aLv6e_myFw/","Jennifer Margolin","107","53610","","","http://www.facebook.com/profile.php?id=521881733","","fashion stylist"
"https://www.youtube.com/channel/UCoIXyc76o5xzUIxrXfuePnA/","Hemma Kearney","15","13910","","","","","fashion stylist"
"https://www.youtube.com/channel/UCLaja3NgG3nk-USAeNclKIA/","Clemente Parker","3293","222065","mr_fresh_ideas@hotmail.com","","","","fashion stylist"
"https://www.youtube.com/channel/UC6WJ0HTjBt7LlNenHtvujEQ/","Scooter Films","36","7973","richaa@scooterfilms.co","","","","fashion stylist"
"https://www.youtube.com/channel/UCCyvu7d4h8pA6ZGM0qu-fZA/","CharGlover","361","6085","","","https://www.facebook.com/pages/Chargrels-Couture/109320402439968?ref=br_rs","https://instagram.com/Charglover_/","fashion stylist"
"https://www.youtube.com/channel/UCpIqszuRHRaNn93elJwa7fw/","MYLIFEMYCHURCH","94","176570","","https://twitter.com/HectorAlbelda","https://www.facebook.com/pages/Daphne-loves-me/158310124265548?ref=hl","http://instagram.com/daphnelovesme","fashion stylist"
"https://www.youtube.com/channel/UCSFC260U8noNWQz-LcIn25Q/","00SasuZero00","8","37035","","","","","fashion stylist"
"https://www.youtube.com/channel/UC8TPEvhhvQNHD0mMiPXTD3w/","aden sabar","7","175","","","","","fashion stylist"
"https://www.youtube.com/channel/UC9e6Vqtmr8aJFEAHURQ10dw/","Allan Fakeye","10","2378","","","","","fashion stylist"
"https://www.youtube.com/channel/UCEprz76CaeF08e-011QXQ-A/","Federico Sanchez","235","178636","","","","","fashion stylist"
"https://www.youtube.com/channel/UC5Qg8pcAYLwdNAv5xs92LNg/","Angela Timisela","3434","575064","","","","","fashion stylist"
"https://www.youtube.com/channel/UCMInW9tUTnAvb38Hh0YxOhw/","Mostafadd Ratanta","291","566989","","","","","fashion stylist"
"https://www.youtube.com/channel/UCvYSNgggDzd1ejVT41LhU5Q/","Say Drewitt","136","106236","","","","","fashion stylist"
"https://www.youtube.com/channel/UCTACkuPi96Sqks0K0phsjZg/","Alba Gomez","44","1740","","","/redirect?redir_token=sdVLCcrJhxUG7Ez0lHvWcxCnZHt8MTU2NzI2NjQwNUAxNTY3MTgwMDA1&q=https%3A%2F%2Fwww.facebook.com%2Falbagomezimage&event=channel_description","","fashion stylist"
"https://www.youtube.com/channel/UCjF2v7Jw4R2d5XSStcRK9cQ/","Swoon Talent","60","12779","donna@swoontalent.com","","","","fashion stylist"
"https://www.youtube.com/channel/UCM_S_oNslOaL60Wo8AkUsuw/","Maija Armaneva","3958","453566","armaneva.maija@gmail.com","","","https://www.instagram.com/maija_armaneva/","fashion stylist"
"https://www.youtube.com/channel/UCwjjNH9v0iqBE3MF1xXypLQ/","Lana_K Serebro","6569","990885","","","","","fashion stylist"
"https://www.youtube.com/channel/UCsA6BKFQrmiJLMH4XYRqFvg/","Alexis Knox","132","33382","alexis@alexisknox.com","https://twitter.com/alexisknox","https://www.facebook.com/alexisknox","","fashion stylist"
"https://www.youtube.com/channel/UCvnnqcnT2JaWS4oX-6ox2RQ/","Impresario Boutique","17","847","","","","","fashion stylist"
"https://www.youtube.com/channel/UCTACkuPi96Sqks0K0phsjZg/","Alba Gomez","44","1740","","","/redirect?redir_token=taAnSDjSHFFXufmkROxIrub_cfJ8MTU2NzI2NjQxMEAxNTY3MTgwMDEw&event=channel_description&q=https%3A%2F%2Fwww.facebook.com%2Falbagomezimage","","fashion stylist"
"https://www.youtube.com/channel/UCWH4ayboH1CtoT4W9jpjGFg/","HALO-HOUIS","2867","1055565","natashacho78@gmail.com","https://twitter.com/NatashaPulguita","https://www.facebook.com/natashapulguita/?ref=hl","https://www.instagram.com/natashita_mp20/","fashion stylist"
"https://www.youtube.com/channel/UCWWa5VInre8AZOppwsCT8XA/","김준철","0","475","","","","","fashion stylist"
"https://www.youtube.com/channel/UCTczbUha14E5agM3BnE5rMA/","תמי מונטג סטייליסטית Tammy Montag Fashion Stylist","2116","38860","tammym.style@gmail.com","","","","fashion stylist"
"https://www.youtube.com/channel/UCDr-evdxHAtCRi8qN71QcEQ/","Marcy Guevara","169","4634","","","","","fashion stylist"
"https://www.youtube.com/channel/UCjGgXCWcy62_zlSrZ8LQzoQ/","멜로디판다","39","","","","","","fashion stylist"
"https://www.youtube.com/channel/UCX8mK3qgmUWZalw7PDrTdXQ/","gleaming beauty","122","12954","","","","","fashion stylist"
"https://www.youtube.com/channel/UCV9bVIATipmTSGjq3ULKcrg/","이주혁","0","","","","","","fashion stylist"
"https://www.youtube.com/channel/UCnpl8Q6FIJJ1wvONdDYdgQg/","Pixiequinncosplay","160","19950","","","","","fashion stylist"
"https://www.youtube.com/channel/UCtkYkOfwpCx9U2Io91wlIBQ/","Erica Xu","104","1226","erica521_yy@163.com","","https://www.facebook.com/erica521yy","","fashion stylist"
"https://www.youtube.com/channel/UCqX9fXZxe_K9a6azCiIMn7w/","Lena Ferreira","556","785955","","","","","fashion stylist"
"https://www.youtube.com/channel/UC6bVe4NF3u7K2rGrWBolreg/","조재현","154","55134","","","","","fashion stylist"
"https://www.youtube.com/channel/UCrpgEd46dqxLHhVxMigdizw/","JAMES BESPOKE SUIT PHUKET THAILAND","134","98303","","","/redirect?q=https%3A%2F%2Fwww.facebook.com%2Fafitsuit&event=channel_description&redir_token=XI4Y24mnJjbC0w8jawRtyufLiz18MTU2NzI2NjQxOEAxNTY3MTgwMDE4","","fashion stylist"
"https://www.youtube.com/channel/UCevMb-TNtAUCnncEFIdG6iw/","elpuki654","241","309351","","","","","fashion stylist"
"https://www.youtube.com/channel/UCVc7CvD2JTPBbf5ELz8XbDw/","Daniel DUNON","997","541249","keubletv@gmail.com","","https://www.facebook.com/pages/KeubleProdcom/130351727025771","","fashion stylist"
"https://www.youtube.com/channel/UCNvD9T1XZYzJtWqtN2DMm4A/","Revivals Stores","76","1525","shenke@desertaidsproject.org","https://twitter.com/RevivalsStores","https://www.facebook.com/RevivalsStores","https://www.instagram.com/revivalsstores/","fashion stylist"
"https://www.youtube.com/channel/UCekZeYyS5_AGUCdJQSMnReA/","Ivoon Visage","2","605","","","","","fashion stylist"
"https://www.youtube.com/channel/UCyKUT1D-6BCOs2OKNPZ3Bmw/","JustinSantiago99","804","3533158","","","","","fashion stylist"
"https://www.youtube.com/channel/UCeAvAy4ve6kaVjHfahkNfig/","Annabel North-lewis","1225","4331","","","","","fashion stylist"
"https://www.youtube.com/channel/UCZt_MO0FNl3e4OHAG5NgG1w/","Voga Styling","34","22503","","","","","fashion stylist"
"https://www.youtube.com/channel/UCVzv6sMvmkyxqWTlawdtYKA/","Fashion Stylist Alona Davelman","58","12115","","","","","fashion stylist"
"https://www.youtube.com/channel/UCm-jOJyQhvNXYz7hvkkoVgw/","iamdlsamuels","","7716","info@dlsamuels.com","https://www.twitter.com/iamdlsamuels","https://www.facebook.com/iamdlsamuels","https://www.instagram.com/iamdlsamuels","fashion stylist"
"https://www.youtube.com/channel/UCuWYdJFhts-GjXpiYKIxoZA/","Angela Fink","7388","436644","angela@angelafink.com","","https://www.facebook.com/pages/Fashionsight/124526664287853","http://www.instagram.com/angelafink","fashion stylist"
"https://www.youtube.com/channel/UCnBzXOjBFhGIZ4-4g4tWMHw/","Dr. Jessica Louie","850","221725","","","https://www.facebook.com/DrJessicaLouie/","https://instagram.com/drjessicalouie","fashion stylist"
"https://www.youtube.com/channel/UCiYUYqAdoPjM2EC-85V7n1g/","matheus who","5020","52807","matheuswhomgmt@gmail.com","","","","fashion stylist"
"https://www.youtube.com/channel/UCWOiMay_b1ehzM45h80iTxQ/","Daziell","121","2441","hello@daziell.com","","","","fashion stylist"
"https://www.youtube.com/channel/UCnBebLUA3tE4UK_7gsKg6QA/","Tshehla Mokoena","54","33379","","","","","fashion stylist"
"https://www.youtube.com/channel/UCrpgEd46dqxLHhVxMigdizw/","JAMES BESPOKE SUIT PHUKET THAILAND","134","98303","","","/redirect?q=https%3A%2F%2Fwww.facebook.com%2Fafitsuit&event=channel_description&redir_token=Vl2pCAmfaurTVemRLufQMXXHayp8MTU2NzI2NjQzMEAxNTY3MTgwMDMw","","fashion stylist"
"https://www.youtube.com/channel/UCTtd3Em1PlsOkRRBd_7CtWQ/","Belgium Times","121","38423","belgiumtimes@gmail.com","","","","fashion stylist"
"https://www.youtube.com/channel/UCPaFKn-xTz1nQy-VeAtd1eA/","Duane Martin","302","113405","","","","","fashion stylist"
"https://www.youtube.com/channel/UCARiQa4xmPnHRGI1SBKtPEA/","Joannita O Gonzalez","233","","","","","","fashion stylist"
"https://www.youtube.com/channel/UCxLZXDIClQda6UYEOu3eVvQ/","정웝","17","6246","","","","","fashion stylist"
"https://www.youtube.com/channel/UCnJxa_YX_PBJGu30uMkaumg/","Yvonne Sollien","12033","1238723","yvonnesollien@gmail.com","","","","fashion stylist"
"https://www.youtube.com/channel/UCeYRZdYx0JWpG6vFzexnrQw/","Brandon Smithson","41","19127","","","","","fashion stylist"
"https://www.youtube.com/channel/UC5JGk7ol3qksbVTL4SRgToA/","Francebook Arts & Entertainment By francis","249","169455","","","","","fashion stylist"
"https://www.youtube.com/channel/UC9_N6_uqAP9crPEYUu3bPSw/","HYUNGSEOK LIM","0","","","","","","fashion stylist"
"https://www.youtube.com/channel/UCnw9Nnp71N63-ip3YfOLPzw/","Vickie Mortenson","0","","vickiemortenson@gmail.com","/redirect?q=https%3A%2F%2Ftwitter.com%2Fvickiemortenson&redir_token=48z2SpyrXJ8bmWUxemi0UWoPqw18MTU2NzI2NjQzM0AxNTY3MTgwMDMz&event=channel_description","","","fashion stylist"
"https://www.youtube.com/channel/UC1QwkL4O0j_DxvOSJEZE72w/","Lovely Imperfect","85","12777","lovelyimperfectblogger@gmail.com","","","","fashion stylist"
"https://www.youtube.com/channel/UCCPOIQlz7onaL56n3xVu7kw/","Monda Kul","5786","75065","mk@mondakul.de","","","http://instagram.com/mondastyling","fashion stylist"
"https://www.youtube.com/channel/UChGsQ_fu5al3Crsys_lyeuA/","Kmart Fashion","","1680184","","http://twitter.com/kmartfashion","http://facebook.com/kmartfashion","","fashion stylist"
"https://www.youtube.com/channel/UCH4dbcy4ZFpXfS_SrCcUHtQ/","Kathy Harris","499","172291","","","","","fashion stylist"
"https://www.youtube.com/channel/UCczGi6oICzKMideVG8dveiw/","Courtney Nejedly","483","75828","cn@biccoastal-style.com","https://twitter.com/CourtneyNejedly","/redirect?redir_token=tkZRI-rYPYCXG047VQdXuXWM3zB8MTU2NzI2NjQzNEAxNTY3MTgwMDM0&q=https%3A%2F%2Fwww.facebook.com%2FBicoastalstyle%2F&event=channel_description","","fashion stylist"
"https://www.youtube.com/channel/UCPbD0VcY07T3PGJcS4T8pqg/","Dawn Del Russo","9143","4588462","dawndelrusso@gmail.com","","","","fashion stylist"
"https://www.youtube.com/channel/UC8g_SPnEq_XGuGPFziY5D4w/","Sharon Haver - FocusOnStyle","","341001","team@focusonstyle.com","/redirect?redir_token=tkZRI-rYPYCXG047VQdXuXWM3zB8MTU2NzI2NjQzNEAxNTY3MTgwMDM0&event=channel_description&q=https%3A%2F%2Ftwitter.com%2Ffocusonstyle","https://www.facebook.com/focusonstyle","/redirect?redir_token=tkZRI-rYPYCXG047VQdXuXWM3zB8MTU2NzI2NjQzNEAxNTY3MTgwMDM0&event=channel_description&q=https%3A%2F%2Finstagram.com%2Ffocusonstyle%2F","fashion stylist"
"https://www.youtube.com/channel/UCuKx-2FsQ0gYrA5UQ2A7Rcw/","Styled by Guru","10","653","styledbyguru@gmail.com","/redirect?event=channel_description&q=www.twitter.com%2Fstyledbyguru&redir_token=R-kZCm_LHZwxdyLcL6NEaKrpwrF8MTU2NzI2NjQzN0AxNTY3MTgwMDM3","/redirect?event=channel_description&q=www.facebook.com%2Fstyledbyguru&redir_token=R-kZCm_LHZwxdyLcL6NEaKrpwrF8MTU2NzI2NjQzN0AxNTY3MTgwMDM3","/redirect?event=channel_description&q=www.instagram.com%2Fstyledbyguru&redir_token=R-kZCm_LHZwxdyLcL6NEaKrpwrF8MTU2NzI2NjQzN0AxNTY3MTgwMDM3","fashion stylist"
"https://www.youtube.com/channel/UC-oU7cuG5RBKP0OLyGtHmOw/","Spa chiliza","752","550977","","","","","fashion stylist"
"https://www.youtube.com/channel/UCv47w6X1bMsopuGUSjimjNQ/","Chelsea Renee","679","32793","","","","https://www.instagram.com/crvlogs101/","fashion stylist"
"https://www.youtube.com/channel/UCBQ8Q71l6bYNcjW683G12Hw/","Fernanda Muñoz","178","3063","","","","","fashion stylist"
"https://www.youtube.com/channel/UCChof9Tbsf7XisG2hEIkKwA/","Trish Murray","8","2653","","","","","fashion stylist"
"https://www.youtube.com/channel/UCYlA2_Ib33K2lsFNJSgwv9w/","loscabosart","24","13481","","","","","fashion stylist"
"https://www.youtube.com/channel/UCRSWMfWjr7GS0utQ0Ghrghg/","svmxel","339","153","","","","","fashion stylist"
"https://www.youtube.com/channel/UC79_tSugsLPDoMOmQnuugaw/","MeGirlGames","706","2420952","","http://twitter.com/megirl","http://facebook.com/MeGirlGames","","fashion stylist"
"https://www.youtube.com/channel/UC16TojvfkKwL7yKilpdxEkg/","kya kare or kaise kare","1389","206186","naveenkumar614.nk@gmail.com","https://twitter.com/naveenkumar614n","","","fashion stylist"
"https://www.youtube.com/channel/UC2X7Od0z9HQwUstLn4V-eAg/","Front Door Fashion","100","11860","knock@frontdoorfashion.com","https://twitter.com/frontdoorfash","https://www.facebook.com/frontdoorfashion","http://instagram.com/frontdoorfashion","fashion stylist"
"https://www.youtube.com/channel/UCwMr1O_MQQBTYVXcqRj_pQw/","fashionphotostyling","58","25575","","","/redirect?event=channel_description&q=http%3A%2F%2Fwww.facebook.com%2Fdavideranieriphotography&redir_token=ZKHuXMlzhdxYo9UbA6StoY_Uwp18MTU2NzI2NjQ0NEAxNTY3MTgwMDQ0","","fashion stylist"
"https://www.youtube.com/channel/UCa_OOYRGVqigfm1BG-L_XVA/","Seafolly Australia","1859","6272794","","","","","fashion stylist"
"https://www.youtube.com/channel/UCNyUg702ik_mTW6QXYch_wA/","De Vos by Amber De Vos","26632","5613760","","","","","fashion stylist"
"https://www.youtube.com/channel/UCD--Qfqmp7gmb0lQDcZgWUw/","Fred Willits","151","110887","","","","","fashion stylist"
"https://www.youtube.com/channel/UCjWHX08Hh4QvxNq0KK0d64w/","Zoë Battles","","783","zoeebat@aol.com","","","","fashion stylist"
"https://www.youtube.com/channel/UCGqrKmBOfJBhBWAFTP5igpA/","Coach Mary CYoung Image /Fashion Stylist","462","33818","Maryshoppens@gmail.com","","","","fashion stylist"
"https://www.youtube.com/channel/UCGjNj2yqSaTn-r4l-qZA_4A/","Kelly Lundberg Official","11864","1029439","Hello@kellylundbergofficial.com","","","https://www.instagram.com/kellylundbergofficial/","fashion stylist"
"https://www.youtube.com/channel/UCoWWUQ2M_8DMaTLgBvLnLAg/","Elite Model Look","127984","10391066","info@elitemodellook.com","https://twitter.com/eml_int","https://www.facebook.com/EliteModelLook","https://instagram.com/elitemodellook","fashion stylist"
"https://www.youtube.com/channel/UClWp9PFiSBh9h0nnkAM0MqA/","Daisie","4658","1769347","","https://twitter.com/daisie","https://www.facebook.com/Daisieapp/","https://www.instagram.com/daisieapp/","fashion stylist"
"https://www.youtube.com/channel/UC2TmZGN7LUJekr-fjEVwieA/","Pamella e Luanna","204","10048","","","","","fashion stylist"
"https://www.youtube.com/channel/UCf7wCLqcx78u0-Hp5CQ4hNA/","Chrysthye Pierre","164","23092","","","","","fashion stylist"
"https://www.youtube.com/channel/UCHY2xlP4jZglwfXO9AAbIAw/","Eddii Crawford","3","44","","","","","fashion stylist"
"https://www.youtube.com/channel/UCLv3a0-T9WrQiBU8xXEzelQ/","Karakana Online","32","702","","","","","fashion stylist"
"https://www.youtube.com/channel/UCkSu6Azkhr8yyzW2VdiX_sg/","Inthanon Tiyajamorn","35","5499","","","","","fashion stylist"
"https://www.youtube.com/channel/UCqUt_iCQbF4-WZQ9R9ju1NA/","Italian Fashion School Treviso - fashion courses Italy","244","22364","","","https://www.facebook.com/pages/Istituto-di-Moda-Treviso-Fashion-School/210359625713556?ref=hl","","fashion stylist"
"https://www.youtube.com/channel/UCzG1V5geBDdvkmSHxyac1_w/","솔로라이너","65","71354","","","","","fashion stylist"
"https://www.youtube.com/channel/UCf_aloLJIbOXWLLZ-1YyQHA/","Rodney Howell","36","6181","","","","","fashion stylist"
"https://www.youtube.com/channel/UCkGAxcpf1E3PCKD_qFAT-5g/","spauly49","7","18670","","","","","fashion stylist"
"https://www.youtube.com/channel/UCrXpezDY3qeBpqpvYC68HlQ/","Sabine Said","7","1658","","","/redirect?event=channel_description&q=https%3A%2F%2Fwww.facebook.com%2Fsabinefashiondesigner&redir_token=hpGoem6LEylkycch8ZrL2aB_AfJ8MTU2NzI2NjQ1NkAxNTY3MTgwMDU2","","fashion stylist"
"https://www.youtube.com/channel/UCb7E7Ldx6jK3EUVcQTvdLUQ/","Charmed_Thai Ng","39","12432","","","","","fashion stylist"
"https://www.youtube.com/channel/UC-71vgQkoMch3QF0hWYASrQ/","Simply Iloilo","6409","3058706","simplyiloilo@gmail.com","http://www.twitter.com/SimplyIloilo","http://www.facebook.com/SimplyIloilo","","fashion stylist"
"https://www.youtube.com/channel/UCpekNJP5nSXowrl6R_xBh0A/","El lamento del fénix","228","168013","","","","","fashion stylist"
"https://www.youtube.com/channel/UCwEL0hkbyKKzMoT7E5jJ4mw/","MyBittersweetLove","187","406268","","","","","fashion stylist"
"https://www.youtube.com/channel/UCu6pL1rkUKDlll2UOyi77jg/","Ronke Lawal Means Business","","41716","ronke@ronkelawal.com","","","","fashion stylist"
"https://www.youtube.com/channel/UCQ5L4rJehmeqyXAGb-WLviA/","Shauntai NuNu TV","18","1965","","","","","fashion stylist"
"https://www.youtube.com/channel/UCBFXN3oufOxivUPZuvjZaIg/","Pure Vanity Spa","5","3426","Franchise0001@purevanityspa.com","/redirect?redir_token=8VfvQAdmEM1X7g7DM-iPa1VIBj18MTU2NzI2NjQ2MkAxNTY3MTgwMDYy&event=channel_description&q=https%3A%2F%2Ftwitter.com%2Fpurevanityspa","/redirect?redir_token=8VfvQAdmEM1X7g7DM-iPa1VIBj18MTU2NzI2NjQ2MkAxNTY3MTgwMDYy&event=channel_description&q=https%3A%2F%2Fwww.facebook.com%2FPureVanitySpa","/redirect?redir_token=8VfvQAdmEM1X7g7DM-iPa1VIBj18MTU2NzI2NjQ2MkAxNTY3MTgwMDYy&event=channel_description&q=https%3A%2F%2Finstagram.com%2Fpurevanityspa%2F","fashion stylist"
"https://www.youtube.com/channel/UCzOAFPt4B0sP9Uejq8Qv2fA/","Mise en Cage","13","2625","","","","","fashion stylist"
"https://www.youtube.com/channel/UCu1qHtwP0ZYbuUU7aO9M2Fw/","Leo Consul","3543","52355","","","","","fashion stylist"
"https://www.youtube.com/channel/UCuW305oJGWSQ8hxB2SvjQRg/","New Solutions srls","","14585","ceo@newsolutionssrls.com","","","","fashion stylist"
"https://www.youtube.com/channel/UCzXcJ1DB5P7HvMlrN47-Jow/","Brian Mckennon","1","46","","","","","fashion stylist"
"https://www.youtube.com/channel/UC4l1M-W0Sn3C_c7NMO53jTA/","How to Look Good Naked - Topic","31","","","","","","fashion stylist"
"https://www.youtube.com/channel/UCdIlXXVRnVJzuk6zyoXt5Xw/","Kyungje Park","0","11","","","","","fashion stylist"
"https://www.youtube.com/channel/UCp6DOFDraSBMR1z3bvqnujQ/","ASFVariety","1863","508708","","","","","fashion stylist"
"https://www.youtube.com/channel/UC2KjCtjNQZ-ACOuTEXSMQ0A/","Nikita Karizma","11","8045","","","","","fashion stylist"
"https://www.youtube.com/channel/UCBhGGJDeT6TqDUsI1zhRvNQ/","Robert Constantino","0","","","","","","fashion stylist"
"https://www.youtube.com/channel/UCARUfFwZwJ4EUoTf7wCi5ww/","L.A.Baldi","120","2066","annie.labaldi@gmail.com","","","","fashion stylist"
"https://www.youtube.com/channel/UCc5WcO55cjDpbliKYXqh32w/","Evoulita","2683","144627","","","","","fashion stylist"
"https://www.youtube.com/channel/UCRFSchT390nZ9Loh9SWlkvw/","Tiana Della-Putta","1079","56926","","","","http://www.instagram.com/tianadp","fashion stylist"
"https://www.youtube.com/channel/UCdUbPxKdOlFF35QhSn0-c2g/","The Glam Crew","38","6034","theglamcrewofficial@gmail.com","","https://www.facebook.com/TheGlamCrewOfficial/","","fashion stylist"
"https://www.youtube.com/channel/UCLqVFzynwXbD5dVGVsOBekA/","Larisa Boyko","3","","","","","","fashion stylist"
"https://www.youtube.com/channel/UCjQ_ffvCSBpDcI5VNDH7pbA/","Twism Design Productions","260","87655","","","","","fashion stylist"
"https://www.youtube.com/channel/UCmKHWKYbP7LEi4C0-doDvdA/","Shari Academy Of Professional Photography","318","15681","","","","","fashion stylist"
"https://www.youtube.com/channel/UCaRxZVmbTK3uo6BrqlGVB8g/","SHAYZON!","62","7155","","https://twitter.com/shayzonprince","https://www.facebook.com/shayzonprince","https://www.instagram.com/shayzon/","fashion stylist"
"https://www.youtube.com/channel/UCXCB5tzAeIQ8ho8jbdlzeZA/","Freedom and Fashion","45","557","","","","","fashion stylist"
"https://www.youtube.com/channel/UC_Ysl8EVNF5BcsqdEFGW3kw/","Latest Fashion Design Collection","","287578","","","","","fashion stylist"
"https://www.youtube.com/channel/UCxToWRpTp-zKP9H6YzurJ3Q/","Homebase FILMS","200","4883","HomebaseMG@gmail.com","","","https://www.Instagram.com/HomebaseFilms","fashion stylist"
"https://www.youtube.com/channel/UCT9XVwgS8WwvRPES8uWJmSw/","Melon","276","274541","","","","","fashion stylist"
"https://www.youtube.com/channel/UCWlpsMcbvVqvrx-eW1F7D6g/","Gabriela Pallares","42","8119","","","","","fashion stylist"
"https://www.youtube.com/channel/UCK1E9Z0ux6nWpXtkjGdSPIg/","TheMEGATV100","1455","740604","","","","","fashion stylist"
"https://www.youtube.com/channel/UCDDtU5ckCd2dIv20esjP_eA/","Ana Paula Roque","1","143","","","","","fashion stylist"
"https://www.youtube.com/channel/UCqtKXIyot8_40iLKg7fpo2A/","d123473","45","142553","","","","","fashion stylist"
"https://www.youtube.com/channel/UCdMFqMeHKODNtfttf-n1hKQ/","Devil’s Little Bitch","65","26","","","","","fashion stylist"
"https://www.youtube.com/channel/UCuZcxZp0zcZJdKNmI2A_rsw/","Karmyn Caraballo","0","572","","","","","fashion stylist"
"https://www.youtube.com/channel/UCyBrR1-ruPt_N4N9luOZsYg/","Italian American Girl","50","28780","","/redirect?redir_token=cu2Zmy4FhiUixtaE13Jge2w7YYR8MTU2NzI2NjQ5MUAxNTY3MTgwMDkx&q=https%3A%2F%2Ftwitter.com%2FItalianAmerGirl&event=channel_description","/redirect?redir_token=cu2Zmy4FhiUixtaE13Jge2w7YYR8MTU2NzI2NjQ5MUAxNTY3MTgwMDkx&q=https%3A%2F%2Fwww.facebook.com%2FItalianAmericanGrl&event=channel_description","","fashion stylist"
"https://www.youtube.com/channel/UCQ9TG49-yL131wdYVXB_Jmw/","Chano Peveri","305","20298","","","","","fashion stylist"
"https://www.youtube.com/channel/UCNArhMRlOrqBOT1PsWAaerA/","Adriana Pinzon","325","584","apinzon.mk@gmail.com","","","","fashion stylist"
"https://www.youtube.com/channel/UCVBvFqFsYfULuF0tl8u7W7w/","Stefanie Kramer Face of Art","3","689","office@faceofart.at","","","","fashion stylist"
"https://www.youtube.com/channel/UCKplyAhIRHfqoEBYZI5npmQ/","Jenn Loyd","2","306","","","","","fashion stylist"
"https://www.youtube.com/channel/UC-rN3W4ZKdo7zulqh6I4xOw/","Brandon Dykes","12","3868","","","","","fashion stylist"
"https://www.youtube.com/channel/UC5rrt8ZnsecjfutbMcy5DZQ/","GetMoneyCap","457","4364","","","","","fashion stylist"
"https://www.youtube.com/channel/UCGVrCZfG4tLdraD_dvxDchQ/","Elem Yamunaqué","158","7639","","","","","fashion stylist"
"https://www.youtube.com/channel/UCyBrR1-ruPt_N4N9luOZsYg/","Italian American Girl","50","28780","","/redirect?redir_token=ImKL7zPUZ48axR6XkWYd8zCdnqp8MTU2NzI2NjQ5OEAxNTY3MTgwMDk4&q=https%3A%2F%2Ftwitter.com%2FItalianAmerGirl&event=channel_description","/redirect?redir_token=ImKL7zPUZ48axR6XkWYd8zCdnqp8MTU2NzI2NjQ5OEAxNTY3MTgwMDk4&q=https%3A%2F%2Fwww.facebook.com%2FItalianAmericanGrl&event=channel_description","","fashion stylist"
"https://www.youtube.com/channel/UCbpP2-bGW9Ex3p6zljLTipw/","Alana Kids","124","3058","","","","","fashion stylist"
"https://www.youtube.com/channel/UC6r-KQX1fePFmIylXRXMjXQ/","Jawor PL","20","","","","","","fashion stylist"
"https://www.youtube.com/channel/UCJwO4TGAI_YbQD3ie5Uuy1A/","Beads Creations","17","2162","","","","","fashion stylist"
"https://www.youtube.com/channel/UChICXnBH41gtuL1AJd2Ozng/","garrett bolden jr","3029","92988","","","","","fashion stylist"
"https://www.youtube.com/channel/UCSzimTHnJ4sltbygPdHPQ4A/","RIT GOSPEL","801","189397","","","","","fashion stylist"
"https://www.youtube.com/channel/UCWc8VaSjm7-lY0FzdNhwQsQ/","Maria das Palavras","110","2094","","","","","fashion stylist"
"https://www.youtube.com/channel/UCyETxYuL0GQJhm2hnHUbyEQ/","Daniela Poggi Clothing","7","1395","","","","","fashion stylist"
"https://www.youtube.com/channel/UCdqDFHez19EbfWzmLV72rsg/","Kobracai TV","1438","77317","suryatv6@gmail.com","","","","fashion stylist"
"https://www.youtube.com/channel/UCRTSS2D2gYMeOc8-Rm_cTjQ/","Erica Whelan","12","23391","","/redirect?redir_token=rL2igzrwtSonvx4uNzA_dDehiz18MTU2NzI2NjUwNkAxNTY3MTgwMTA2&event=channel_description&q=https%3A%2F%2Ftwitter.com%2Ferica_whelan","/redirect?redir_token=rL2igzrwtSonvx4uNzA_dDehiz18MTU2NzI2NjUwNkAxNTY3MTgwMTA2&event=channel_description&q=https%3A%2F%2Fwww.facebook.com%2Fpages%2FErica-Whelan-Makeup-Hair%2F620605797960887","/redirect?redir_token=rL2igzrwtSonvx4uNzA_dDehiz18MTU2NzI2NjUwNkAxNTY3MTgwMTA2&event=channel_description&q=http%3A%2F%2Finstagram.com%2Ferica_whelan","fashion stylist"
"https://www.youtube.com/channel/UCXnKFxVhBkQwFd3W061FWfg/","Seongmin Honmono","13","","","","","","fashion stylist"
"https://www.youtube.com/channel/UC_mF67O43XyraaX6nVU_npA/","STUDIO47ID","487","68473","","","","","fashion stylist"
"https://www.youtube.com/channel/UCxOIEtdXQbAqhp-Geu0D9xw/","Johnny B Inspired","26","15495","","","","","fashion stylist"
"https://www.youtube.com/channel/UCwEdA3vZQXtr1FTQx0ukUBA/","Illuminati","61","","gannoo@naver.com","","","","fashion stylist"
"https://www.youtube.com/channel/UCgRt6ruOkpaatTvhiyjVfoQ/","Luv to Look","2","774","","","","","fashion stylist"
"https://www.youtube.com/channel/UCXzK4ir5JhqP07uCXwa8JdQ/","BFB SQUAD","22","7707","","","","","fashion stylist"
"https://www.youtube.com/channel/UCiyv0ujV4IrYaAOoVsA4POQ/","Denise Gianotti","15","8319","","","","","fashion stylist"
"https://www.youtube.com/channel/UCFwQn5btNqBGYhNP1O2biwA/","Aywa","362","38056","","","","","fashion stylist"
"https://www.youtube.com/channel/UCvO31QG-5J4swz0r6owvfJQ/","Louise Powell","0","","onlinestory.houtrust@gmail.com","/redirect?event=channel_description&q=https%3A%2F%2Ftwitter.com%2Folstoryhoutrust&redir_token=7y3nl5KOr82dPyeK2b7TkS5M1vp8MTU2NzI2NjUxM0AxNTY3MTgwMTEz","","","fashion stylist"
"https://www.youtube.com/channel/UCkBYQevJHIc9q4LYt6mJPlg/","안지환","5","3466","","","","","fashion stylist"
"https://www.youtube.com/channel/UCWjPNBQcLiwtaHR4Lu5vh2w/","AsalBeauty","1541","238577","","","http://www.facebook.com/AsalBeauty","","fashion stylist"
"https://www.youtube.com/channel/UC6Y0dEiUcSIClA5KkqywvJA/","Jules Sebastian","8247","2806105","jennifer.fontaine@privateidaho.com.au","http://twitter.com/julessebastian","http://facebook.com/julessebastianofficial","http://instagram.com/julessebastian","fashion stylist"
"https://www.youtube.com/channel/UCo6DrU9hlTsnAyqwp3bQnLg/","Andrea Joy Wenburg","","989","","","","","fashion stylist"
"https://www.youtube.com/channel/UCJnWDOlDXQAFpY5eRHjBoUg/","Neha Jain","53","18263","","","","","fashion stylist"
"https://www.youtube.com/channel/UCQr_OqnqUvbrHwa5y-0iYTQ/","브베고머기","0","","","","","","fashion stylist"
"https://www.youtube.com/channel/UCMBKqUfe0p9MHZXGJSy4gKA/","Kim Keizer Fashion Stylist","13","924","","","","","fashion stylist"
"https://www.youtube.com/channel/UCsCzMzmouySVP_tbZEtVhHQ/","sunds96","809","738816","","","","","fashion stylist"
"https://www.youtube.com/channel/UCSv8Er5Ia_tAFPr4IiKZ6oQ/","Girls In Movement","15","1590","girlsinmovement@gmail.com","https://twitter.com/Girlsinmovement","","https://www.instagram.com/girls_in_movement/","fashion stylist"
"https://www.youtube.com/channel/UC77Mmx2bX1mrlBLG6trgyZg/","Jayla Pittman","2","26","","","","","fashion stylist"
"https://www.youtube.com/channel/UCzMHMkXsgoHWgz1uT69Y4EA/","Anna Trương","7988","1996211","","","/redirect?q=http%3A%2F%2Fwww.facebook.com%2FAnnaMTruong&redir_token=iX7PxjkddWvs3qAYCYmyVlh_jdd8MTU2NzI2NjUyNEAxNTY3MTgwMTI0&event=channel_description","","fashion stylist"
"https://www.youtube.com/channel/UCbd47jqSNYheYuIszjMIWvQ/","Rainbow Eyes - Topic","1","","","","","","fashion stylist"
"https://www.youtube.com/channel/UCH6_kDa0Xeb9GaqIFMidh6Q/","SB Teen News Network","166","","","https://twitter.com/sbtnn","https://www.facebook.com/pages/Santa-Barbara-Teen-News-Network/147955075225968","","fashion stylist"
"https://www.youtube.com/channel/UCeZ-w1UX9Xqa12lz2ICgqKA/","Shannon Cady Zeballos","125","56860","","https://twitter.com/city_yogi","https://www.facebook.com/shancady","http://instagram.com/city_yogi","fashion stylist"
,,,,,,,,
,,,,,,,,
,,,,,,,,
,,,,,,,,
,,,,,,,,
,,,,,,,,
,,,,,,,,
,,,,,,,,
,,,,,,,,
,,,,,,,,
,,,,,,,,
,,,,,,,,
,,,,,,,,
,,,,,,,,
,,,,,,,,
,,,,,,,,
,,,,,,,,
,,,,,,,,
,,,,,,,,
,,,,,,,,
,,,,,,,,
,,,,,,,,
,,,,,,,,
,,,,,,,,
,,,,,,,,
,,,,,,,,
,,,,,,,,
,,,,,,,,
,,,,,,,,
,,,,,,,,
,,,,,,,,
,,,,,,,,
,,,,,,,,
,,,,,,,,
,,,,,,,,
,,,,,,,,
,,,,,,,,
,,,,,,,,
,,,,,,,,
,,,,,,,,
,,,,,,,,
,,,,,,,,
,,,,,,,,
,,,,,,,,
,,,,,,,,
,,,,,,,,
,,,,,,,,
,,,,,,,,
,,,,,,,,
,,,,,,,,
,,,,,,,,
,,,,,,,,
,,,,,,,,
,,,,,,,,
,,,,,,,,
,,,,,,,,
,,,,,,,,
,,,,,,,,
,,,,,,,,
,,,,,,,,
,,,,,,,,
,,,,,,,,
,,,,,,,,
,,,,,,,,
,,,,,,,,
,,,,,,,,
,,,,,,,,
,,,,,,,,
,,,,,,,,
,,,,,,,,
,,,,,,,,
,,,,,,,,
,,,,,,,,
,,,,,,,,
,,,,,,,,
,,,,,,,,
,,,,,,,,
,,,,,,,,
,,,,,,,,
,,,,,,,,
,,,,,,,,
,,,,,,,,
,,,,,,,,
,,,,,,,,
,,,,,,,,
,,,,,,,,
,,,,,,,,
,,,,,,,,
,,,,,,,,
,,,,,,,,
,,,,,,,,
,,,,,,,,
,,,,,,,,
,,,,,,,,
,,,,,,,,
,,,,,,,,
,,,,,,,,
,,,,,,,,
,,,,,,,,
,,,,,,,,
,,,,,,,,
,,,,,,,,
,,,,,,,,
,,,,,,,,
,,,,,,,,
,,,,,,,,
,,,,,,,,
,,,,,,,,
,,,,,,,,
,,,,,,,,
,,,,,,,,
,,,,,,,,
,,,,,,,,
,,,,,,,,
,,,,,,,,
,,,,,,,,
,,,,,,,,
,,,,,,,,
,,,,,,,,
,,,,,,,,
,,,,,,,,
,,,,,,,,
,,,,,,,,
,,,,,,,,
,,,,,,,,
,,,,,,,,
,,,,,,,,
,,,,,,,,
,,,,,,,,
,,,,,,,,
,,,,,,,,
,,,,,,,,
,,,,,,,,
,,,,,,,,
,,,,,,,,
,,,,,,,,
,,,,,,,,
,,,,,,,,
,,,,,,,,
,,,,,,,,
,,,,,,,,
,,,,,,,,
,,,,,,,,
,,,,,,,,
,,,,,,,,
,,,,,,,,
,,,,,,,,
,,,,,,,,
,,,,,,,,
,,,,,,,,
,,,,,,,,
,,,,,,,,
,,,,,,,,
,,,,,,,,
,,,,,,,,
,,,,,,,,
,,,,,,,,
,,,,,,,,
,,,,,,,,
,,,,,,,,
,,,,,,,,
,,,,,,,,
,,,,,,,,
,,,,,,,,
,,,,,,,,
,,,,,,,,
,,,,,,,,
,,,,,,,,
,,,,,,,,
,,,,,,,,
,,,,,,,,
,,,,,,,,
,,,,,,,,
,,,,,,,,
,,,,,,,,
,,,,,,,,
,,,,,,,,
,,,,,,,,
,,,,,,,,
,,,,,,,,
,,,,,,,,
,,,,,,,,
,,,,,,,,
,,,,,,,,
,,,,,,,,
,,,,,,,,
,,,,,,,,
,,,,,,,,
,,,,,,,,
,,,,,,,,
,,,,,,,,
,,,,,,,,
,,,,,,,,
,,,,,,,,
,,,,,,,,
,,,,,,,,
,,,,,,,,
,,,,,,,,
,,,,,,,,
,,,,,,,,
,,,,,,,,
,,,,,,,,
,,,,,,,,
,,,,,,,,
,,,,,,,,
,,,,,,,,
,,,,,,,,
,,,,,,,,
,,,,,,,,
,,,,,,,,
,,,,,,,,
,,,,,,,,
,,,,,,,,
,,,,,,,,
,,,,,,,,
,,,,,,,,
,,,,,,,,
,,,,,,,,
,,,,,,,,
,,,,,,,,
,,,,,,,,
,,,,,,,,
,,,,,,,,
,,,,,,,,
,,,,,,,,
,,,,,,,,
,,,,,,,,
,,,,,,,,
,,,,,,,,
,,,,,,,,
,,,,,,,,
,,,,,,,,
,,,,,,,,
,,,,,,,,
,,,,,,,,
,,,,,,,,
,,,,,,,,
,,,,,,,,
,,,,,,,,
,,,,,,,,
,,,,,,,,
