ChannelUrl,Name,Subscribers,Views,Email,Twitter,Facebook,Instagram,email_get_from
"https://www.youtube.com/channel/UCtb8P4rf_1n8KS8eZk_lNNw/","Fitz","5212164","531643605","Fitz@misfits.network","","","","fit pics"
"https://www.youtube.com/channel/UCadiU6WTKl65HUwEih1XLYg/","PictureFit","921111","88682403","PictureFitYT@gmail.com","https://twitter.com/Picture_Fit","https://www.facebook.com/pages/PictureFit/1642008206027371","https://instagram.com/picturefit/","fit pics"
"https://www.youtube.com/channel/UC-y43FPg8aDuIHVaTG-Qhzw/","Kyron Warrick","35584","3279233","","https://twitter.com/Fuckyron","","http://instagram.com/kyronwarrick","fit pics"
"https://www.youtube.com/channel/UCuGiCkcDcuZ4pSMDh6DdLTw/","Hunter Dennis","3576","40797","","","","","fit pics"
"https://www.youtube.com/channel/UCpoT3Z85GSB4McDaWJBSU1Q/","Wonder Woman Vlog","308668","24969219","","","","","fit pics"
"https://www.youtube.com/channel/UCxlPP4eKmVbL1fLsML-nOAQ/","Fitness Babes","114346","21096968","promusclemadness@gmail.com","","","https://www.instagram.com/my_fitness_babes/","fit pics"
"https://www.youtube.com/channel/UCJH8IeKKgxaWggiY_oSoR5w/","LIDZ","1128","70976","LidzTVBusiness@gmail.com","https://twitter.com/yunglidz","","https://www.instagram.com/evanlidz","fit pics"
"https://www.youtube.com/channel/UCfKTzMF3y5Fan5ea0wHQz8w/","Tan Nguyen","1734","634805","tan.nguyen1993@gmail.com","","","https://instagram.com/tanxnguyenn/","fit pics"
"https://www.youtube.com/channel/UCZxpwoZYFJkVW0oNJLLj_2g/","sleep depp vegas","2009","283945","Ask@me.com","","","","fit pics"
"https://www.youtube.com/channel/UC5FXTquulzsq5amxVn2YA_w/","Head2Toe","143","7023","","https://twitter.com/head2toebrand","","https://www.instagram.com/head2toebrand","fit pics"
"https://www.youtube.com/channel/UCGs-8KlatvsmikwzFfrF9mg/","40Below TV","265","21239","40Below@gmail.com","","","","fit pics"
"https://www.youtube.com/channel/UCWKNTCOcZSNpMOzWZPU8a0Q/","AZ Hot wife","2450","202724","","","","","fit pics"
"https://www.youtube.com/channel/UC2_OCbcCutjn4tEx_od4lIQ/","Bollywood Kicks","65871","2936864","bollywoodkicks@gmail.com","https://twitter.com/Bollywood_Kicks","","https://www.instagram.com/bollywood_kicks/","fit pics"
"https://www.youtube.com/channel/UCgtbE9w_d-u2AvPp3WBlPfQ/","GSH Electrical","24799","3150782","","https://twitter.com/GSH_Electrical","https://www.facebook.com/gshelectrical/","https://www.instagram.com/?hl=en","fit pics"
"https://www.youtube.com/channel/UCF0pVplsI8R5kcAqgtoRqoA/","Popular on YouTube","29789668","","","","","","fit pics"
"https://www.youtube.com/channel/UC8xwCP2Mn_WMY7Jr5q9FrvQ/","Ruby Day","457493","97510609","RubyDamienProductions@gmail.com","http://twitter.com/RubysDiary","http://www.facebook.com/RubyDayFans","http://Instagram.com/CookingNakedTV","fit pics"
"https://www.youtube.com/channel/UC2KrOZDm1ojKqXbDQ2Px_tw/","sexy korean girl","11662","1126477","","","","","fit pics"
"https://www.youtube.com/channel/UCr1_QBtKkrmhzH61zW2SadQ/","Pantons Squad","1784325","283922213","pantonsquad@yahoo.com","/redirect?event=channel_description&redir_token=7YIGjBwNU-TXn6Npy3BDBVsgKAZ8MTU2NzI2NzEyMkAxNTY3MTgwNzIy&q=https%3A%2F%2Ftwitter.com%2Fpantonsquad","","","fit pics"
"https://www.youtube.com/channel/UC0TNi6WXavhjdPD5bsyaX2w/","Nylon Heaven","30164","18873300","thenylonheaven@gmail.com","","","","fit pics"
"https://www.youtube.com/channel/UCg3gzldyhCHJjY7AWWTNPPA/","Sam and Colby","3498257","348396738","SamandColbyBusiness@gmail.com","https://twitter.com/SamandColby","","","fit pics"
"https://www.youtube.com/channel/UCQC7_sVoC-lWI-MbTsKKpZA/","Female Bodybuilders","15585","11297806","alin.andreescu@yahoo.com","","","","fit pics"
"https://www.youtube.com/channel/UCVQJZE_on7It_pEv6tn-jdA/","Sydney Cummings","147583","15973963","mail@royalchange.fit","","https://www.instagram.com/sydneycummingsfitness","https://www.facebook.com/sydneycummings_","fit pics"
"https://www.youtube.com/channel/UCiuqrdVcQw2XsMtFpPluKEg/","Thaíssa Fit","12440","23393","","","","https://www.instagram.com/thaissafitness/?hl=pt-br","fit pics"
"https://www.youtube.com/channel/UCKe-7-MbrHXAUB3hYTa6pkw/","Olivia The Pig Official channel","86629","74511665","contact@wildbrain.com","","","","fit pics"
"https://www.youtube.com/channel/UCXEtdPqObuH2rXix3_SGelQ/","Kiera Bridget","3155886","253703656","Kierabridget9@gmail.com","","","","fit pics"
"https://www.youtube.com/channel/UCo0EqbzxI9YYQnuUXTiEisw/","The Fundamental Home","55943","6651553","info@thefundamentalhome.com","https://twitter.com/FundamentalHome","https://www.facebook.com/The-Fundamental-Home-1582925695292747/?fref=ts","/redirect?redir_token=f2jvLEIKKaOeeVDs3f8QQ7Myd7J8MTU2NzI2NzEyM0AxNTY3MTgwNzIz&event=channel_description&q=https%3A%2F%2Fwww.instagram.com%2Fthefundamentalhome%2F%3Fhl%3Den","fit pics"
"https://www.youtube.com/channel/UC3fgv-ejI64Gw3FzastFIpw/","Kristin Johns","605267","55155390","kristinlauria3@gmail.com","https://twitter.com/KristinJohns","https://www.facebook.com/kristinlauria2","https://instagram.com/kristinlauria/","fit pics"
"https://www.youtube.com/channel/UCpwsu2rZFs5KhCE3c-n6okQ/","Nice Black Ass","","295650","","","","","fit pics"
"https://www.youtube.com/channel/UCLFd7vbgfV47fLJr115-kBA/","Wet Clothes","837","177851","","","","","fit pics"
"https://www.youtube.com/channel/UCFoReED1ymRgOQ-KT__s5OA/","Sexy Asian Girls","469","507978","dolphoenix12345@gmail.com","","","","fit pics"
"https://www.youtube.com/channel/UCiGm_E4ZwYSHV3bcW1pnSeQ/","Billie Eilish","19529088","3403284487","","","","","fit pics"
"https://www.youtube.com/channel/UCZwJE6jeQ5RUAmo8DqI8FMw/","Kat Wonders","377229","57151209","kat.wonders.00@gmail.com","","","","fit pics"
"https://www.youtube.com/channel/UCWd7hft_5tNg6P31IQNJSug/","Hot Belly Babes","6383","2483645","hotbellybabes@gmail.com","","","","fit pics"
"https://www.youtube.com/channel/UCrLCA3j5vZT3aH9holjLhZQ/","Florina Fitness","209578","34148354","FlorinaFitnessCoach@gmail.com","","https://www.facebook.com/OfficialFlorinaFit/?ref=hl","https://instagram.com/florinafitness/","fit pics"
"https://www.youtube.com/channel/UC6iOjipVxwolKPkedwC8xtQ/","Kitty Denied","7233","928367","","","","","fit pics"
"https://www.youtube.com/channel/UCnQhwPVwcP-DnbUZtIMrupw/","bestdressed","2166598","112907006","bestdressed@select.co","","","","fit pics"
"https://www.youtube.com/channel/UCSaYCyda-i7enHvQ8Wns8_w/","Abby Pollock","806696","37037801","","https://twitter.com/abbypollockfit","","","fit pics"
"https://www.youtube.com/channel/UC4-CH0epzZpD_ARhxCx6LaQ/","The LaBrant Fam","10103821","2754306590","","","","","fit pics"
"https://www.youtube.com/channel/UCv-w6oCGaA0ZqQohdL1NtKA/","Pantyhose Tube","3207","1215141","","","","","fit pics"
"https://www.youtube.com/channel/UCO-b5gD6NGs37GlQAeRLEew/","Muscle Inspiration","10392","3277709","","","","","fit pics"
"https://www.youtube.com/channel/UC_hoQDD6zKcIqpIYLsFbBeA/","Mo Vlogs","8212232","2082095249","movlogsbusiness@gmail.com","https://twitter.com/mo_vlogs_","","https://instagram.com/movlogs","fit pics"
"https://www.youtube.com/channel/UChODxRLggLqe3OikwUzt4Qw/","American Girl Ideas","479088","205163430","Rudy@AmericanGirlIdeas.com","","/redirect?q=https%3A%2F%2Fwww.facebook.com%2Famericangirlideas&event=channel_description&redir_token=r8FGsZ7afysg5fPg2KYJahTB88h8MTU2NzI2NzEyOEAxNTY3MTgwNzI4","https://www.instagram.com/american.girl.ideas/","fit pics"
"https://www.youtube.com/channel/UC9n8unUsC6coX-T0wmX5uPg/","RaccoonEggs","2219603","124477823","eggsraccoon@gmail.com","https://twitter.com/RaccoonEggs","","","fit pics"
"https://www.youtube.com/channel/UC97k3hlbE-1rVN8y56zyEEA/","Bodybuilding.com","4500369","557304954","youtube@bodybuilding.com","https://twitter.com/Bodybuildingcom","https://www.facebook.com/Bodybuildingcom","https://www.instagram.com/bodybuildingcom/","fit pics"
"https://www.youtube.com/channel/UCjD1IY6M5HXXfwDIsunPnNw/","My Pantyhose Girl","27695","5971233","mypantyhosegirl@gmail.com","","","","fit pics"
"https://www.youtube.com/channel/UCxy3ApFRhGAgnf5r51mt-vQ/","Torrie Wilson","3711","187955","","","","","fit pics"
"https://www.youtube.com/channel/UCvJWVaiQTZJVEFDW1T2F7HA/","TOP 10 RANK PICS","36545","4567132","top10rank1111@gmail.com","https://twitter.com/top_10_rank","","https://www.instagram.com/top_10_rank/?hl=en","fit pics"
"https://www.youtube.com/channel/UCi1N_qHbeMgU2EzSxNgQX2w/","Anabella Galeano","680700","113675294","anabella.galeano16@gmail.com","https://twitter.com/AnabellaGaleano","https://www.facebook.com/Anabellagaleanotv/","https://instagram.com/anabella_galeano/","fit pics"
"https://www.youtube.com/channel/UCpZ88DWlKW0H_AYDaUZptcw/","Ninja Kidz TV","5781843","2269382199","ninjakidztv@gmail.com","","","","fit pics"
"https://www.youtube.com/channel/UCk2W5rKO2L6GFXH5HINjWlA/","Lauren Marie","103799","6401961","laurenmarieyt@gmail.com","","","","fit pics"
"https://www.youtube.com/channel/UCPnQ8bP0kq7hDnjfrPMvj2g/","Lety Does Stuff","66545","7242009","ReadFAQFirst@LetyDoesStuff.com","","","","fit pics"
"https://www.youtube.com/channel/UCJkOZZrGNEJYDhzVwd24Bfg/","Amazing Polly","161737","9667339","pollystg@protonmail.com","","","","fit pics"
"https://www.youtube.com/channel/UCzkUsdzaKFltenNj5rO3NWA/","Sexy Girls","2961","1431137","","","","","fit pics"
"https://www.youtube.com/channel/UC-07j8SBVA5mHbiNWe2-jcw/","Katie Corio","139922","9997806","katie@katiecorio.com","","","","fit pics"
"https://www.youtube.com/channel/UC_o2Zsar--hUJmhLqf1Wo-Q/","Teen Muscle Girls","10481","5501662","","","","","fit pics"
"https://www.youtube.com/channel/UCH3oF9-04pt29loaNNKVEYQ/","Nyyear AndJalyn","1599416","112278061","Nyyear.price@icloud.com","","","","fit pics"
"https://www.youtube.com/channel/UCjMsy4We9lZt6_CPQs1BtzA/","Melania Krystle","174728","19225960","melaniakrystle@gmail.com","","","/redirect?event=channel_description&redir_token=GGhfi7zAjTf_BIG9tA5yxjLdrXR8MTU2NzI2NzEzNEAxNTY3MTgwNzM0&q=www.instagram.com%2F_melkrys","fit pics"
"https://www.youtube.com/channel/UCi8e0iOVk1fEOogdfu4YgfA/","Movieclips Trailers","13904584","10821180010","","","","","fit pics"
"https://www.youtube.com/channel/UCio_FVgKVgqcHrRiXDpnqbw/","Camila Cabello","11001799","3660433286","","https://www.twitter.com/camila_cabello","https://www.facebook.com/camilacabello/","https://www.instagram.com/camila_cabello","fit pics"
"https://www.youtube.com/channel/UCf5snDOKLGOVO1ASUWY218Q/","Anneka Madgett","77595","7488612","annekamadgett@gmail.com","http://twitter.com/anniemadgett","http://facebook.com/anniemadgett","http://instagram.com/anniemadgett","fit pics"
"https://www.youtube.com/channel/UCaRH3rDr3K3CEfhVqu5mgUQ/","Team Edge","6406750","2182963763","inquiries@teamedgegames.com","http://www.twitter.com/its_teamedge","","http://www.instagram.com/itsteamedge","fit pics"
"https://www.youtube.com/channel/UC9rGkf9kmCDi4kAmbd1Csyw/","Doctor Squish","3118951","718727511","doctorsquishtoys@gmail.com","","","","fit pics"
"https://www.youtube.com/channel/UCXhLWtty_RqdLa--rborKbA/","Sexy Bikini Models","694","533825","","","","","fit pics"
"https://www.youtube.com/channel/UCJy0RHFC64EC-kqWOfhCb_g/","Khloe Kardashian","555744","40211351","","https://twitter.com/khloekardashian","https://www.facebook.com/KhloeKardashian","/redirect?event=channel_description&q=https%3A%2F%2Fwww.instagram.com%2Fkhloekardashian&redir_token=Vbv1EcBsxcUcs7UUqJwWwRAAC5t8MTU2NzI2NzEzOUAxNTY3MTgwNzM5","fit pics"
"https://www.youtube.com/channel/UC8dWL0ehZSCnnCdMRT4EeVA/","Alessandra and Josh","5194","284667","FitnessTeam@sd-evolution.com","","","http://instagram.com/ourevolvinglife","fit pics"
"https://www.youtube.com/channel/UCWmwZyOa74VaPBQNS6ArAQw/","Sexy Feet TV","15245","2669891","","","","","fit pics"
"https://www.youtube.com/channel/UCLwUd5KtYONsRJ3UAOojZ0w/","Freelee The BananaGirl","787862","330904314","freelee@thebananagirl.com","","","","fit pics"
"https://www.youtube.com/channel/UCOEh3c86x53SdzGm0M8SPzQ/","Caroline Zalog","181858","9034533","","","","https://www.instagram.com/carolinezalog/","fit pics"
"https://www.youtube.com/channel/UC0pVipLhlseoeQn4w02Rcog/","Sexy tight leggings","","70538","","","","","fit pics"
"https://www.youtube.com/channel/UCTM4xN2gLLFVqqpBD1fajcg/","Hot Babes of Instagram","1631","397042","","","","","fit pics"
"https://www.youtube.com/channel/UCxnYiv7s4698GRIlGE1_T7g/","Amberry","531186","88299767","AmberryBN@gmail.com","https://twitter.com/AmberryYt","","https://www.instagram.com/amberryphoeberry","fit pics"
"https://www.youtube.com/channel/UCneC60ueLDbk6NVzMHUUhKg/","Carl & Jinger Family","3077846","962353560","carljinger@gmail.com","https://twitter.com/carlandjinger","https://www.facebook.com/Carl-Jinger-664256183607210/","https://www.instagram.com/carl_and_jinger/","fit pics"
"https://www.youtube.com/channel/UC7_YxT-KID8kRbqZo7MyscQ/","Markiplier","24327005","11648200065","markiplierbusiness@gmail.com","http://twitter.com/markiplier","https://www.facebook.com/markiplier","http://instagram.com/markiplier","fit pics"
"https://www.youtube.com/channel/UCz851jMVIVueyYgaFoTY70Q/","Katya Elise Henry","264049","19372939","","https://twitter.com/katyaelisehenry","","https://www.instagram.com/katyaelisehenry/?hl=en","fit pics"
"https://www.youtube.com/channel/UC8G_9f7zsdVv3yTA_0IDIMA/","Layla Mikayla","1378","25847","TheLaylaMikayla@gmail.com","","","","fit pics"
"https://www.youtube.com/channel/UCWENB1OaGA9402PKzEVl0ow/","storybooth","4375118","1495045978","chas@bottlerocketmanagement.com","","","http://instagram.com/thestorybooth","fit pics"
"https://www.youtube.com/channel/UCq7PiJHX_74gbQRETVZ1q1w/","Christy Johnson","310","33202","","","","","fit pics"
"https://www.youtube.com/channel/UCLGRZ0xSaBMIUmtn8wkPP3w/","Brittany Venti","","16331823","","","","","fit pics"
"https://www.youtube.com/channel/UCg_cD7mWn73ccFASbzUqY2g/","Denise Milani","9848","1885652","denisemilanimanagement@gmail.com","/redirect?redir_token=puyaC95UnDVhy20PFJohlRYMJ-J8MTU2NzI2NzE0NUAxNTY3MTgwNzQ1&q=https%3A%2F%2Ftwitter.com%2FIAmDeniseMilani&event=channel_description","/redirect?redir_token=puyaC95UnDVhy20PFJohlRYMJ-J8MTU2NzI2NzE0NUAxNTY3MTgwNzQ1&q=https%3A%2F%2Fwww.facebook.com%2Fdenisemilaniofficial&event=channel_description","/redirect?redir_token=puyaC95UnDVhy20PFJohlRYMJ-J8MTU2NzI2NzE0NUAxNTY3MTgwNzQ1&q=http%3A%2F%2Finstagram.com%2Fdenisemilaniofficial&event=channel_description","fit pics"
"https://www.youtube.com/channel/UCy5Kf4cPV_sCi_Qsjk03uCg/","SophiaThiel","942897","116716552","sophiathiel.management@7nxt.com","","https://www.facebook.com/sophia.thiel.official/?fref=ts","http://www.instagram.com/pumping.sophia.thiel","fit pics"
"https://www.youtube.com/channel/UCUtuu_E98WkoEYZbLaqj0og/","Female Fitness Motivation","335173","147466254","stepyurch@gmail.com","","","","fit pics"
"https://www.youtube.com/channel/UC-6My2KyQkJ-LKb1Sajjk0g/","Bikini MILF Mom 55","79921","12842695","","https://twitter.com/bikinimilfmom55","","","fit pics"
"https://www.youtube.com/channel/UCvYuAnd_qZ44ikMtAGn8DdQ/","Beautiful girls in the world","648","338950","","","","","fit pics"
"https://www.youtube.com/channel/UCpi8TJfiA4lKGkaXs__YdBA/","The Try Guys","6310060","729004025","","http://www.twitter.com/tryguys","http://www.facebook.com/tryguys","http://www.instagram.com/tryguys","fit pics"
"https://www.youtube.com/channel/UC78cxCAcp7JfQPgKxYdyGrg/","emma chamberlain","8384998","851500588","emmafcham.business@gmail.com","","","","fit pics"
"https://www.youtube.com/channel/UC8YnxGgVT62DDZ6sX1pLKGQ/","Mike O'Hearn","229126","23879410","","https://www.twitter.com/mikeohearn","https://www.facebook.com/mikeohearnofficialpage/","https://www.instagram.com/mikeohearn/","fit pics"
"https://www.youtube.com/channel/UCTtqF6Wn1EpfPPtPSdaygBQ/","Edyn Mackney","74241","8711934","edyn.mackney@gmail.com","","","https://www.instagram.com/edyndenise/","fit pics"
"https://www.youtube.com/channel/UC7IMq6lLHbptAnSucW1pClA/","FilterCopy","5870029","1248218462","bd@pocketaces.in","https://www.twitter.com/filtercopy","https://www.facebook.com/filtercopy","https://www.instagram.com/filtercopy","fit pics"
"https://www.youtube.com/channel/UCOK2_34Q-0HKml_cWAAYuxw/","Hot Asian Girls","686","189971","","","","","fit pics"
"https://www.youtube.com/channel/UC2WuPTt0k8yDJpfenggOAVQ/","Blossom","11239036","2969622086","","","https://www.facebook.com/FirstMediaBlossom/","","fit pics"
"https://www.youtube.com/channel/UCrTQXSblmmnkHPoldYqYZsA/","Kendra Rowe","86694","1719808","hi@kendrarowe.com","","","","fit pics"
"https://www.youtube.com/channel/UCDva4QLnFXCrVISZMCfRaxg/","big ass","26842","1729922","","","","","fit pics"
"https://www.youtube.com/channel/UCfw8x3VR-ElcaWW2Tg_jgSA/","Rebecca Zamolo","7523639","1548852801","rebeccazamolobusiness@gmail.com","https://twitter.com/rebeccazamolo","https://www.facebook.com/rebecca.zamolo","http://instagram.com/rebeccazamolo","fit pics"
"https://www.youtube.com/channel/UC6IWsqdKvMKjPl-gcouvoWw/","Antonio Garza","3577607","168370379","antoniio.business@gmail.com","","","","fit pics"
"https://www.youtube.com/channel/UCDd21vf-O4Ay6A3X7WPPvEw/","Little Adventures","201356","35576497","pebbles.frieda@gmail.com","https://twitter.com/littleadven4","","http://instagram.com/little.adventures4","fit pics"
"https://www.youtube.com/channel/UCWVepvVL_-d1IYzMauaElsQ/","big boobs","","1976536","samantabllaca@gmail.com","","","","fit pics"
"https://www.youtube.com/channel/UCnYQKfLvJcQFT5HEuhYX6uA/","DropForgedSurvival","227909","28692229","chr1sth0rn1985@gmail.com","http://twitter.com/ForgedDrop","https://www.facebook.com/DropForgedSurvival","http://instagram.com/dropforgedsurvival","fit pics"
"https://www.youtube.com/channel/UCJ15Zl-v8-ghTgEOTpxHdGw/","The East Family","894070","75864034","ShawnJohnsonMgmt@gmail.com","https://twitter.com/ShawnJohnson?ref_src=twsrc%5Egoogle%7Ctwcamp%5Eserp%7Ctwgr%5Eauthor","https://www.facebook.com/ShawnJohnson/","https://instagram.com/shawnjohnson/","fit pics"
"https://www.youtube.com/channel/UCDk-4HNuwyy4A_wEhcSRzqw/","Elizabeth Rabbit","494155","32574174","info@kenieelizabeth.com","","https://www.facebook.com/Elizabeth-Rabbit-637906250001243","https://www.instagram.com/elizabethrabbittt/","fit pics"
"https://www.youtube.com/channel/UC16niRr50-MSBwiO3YDb3RA/","BBC News","5047652","1261916744","","https://twitter.com/BBCWorld","http://www.facebook.com/bbcworldnews","http://instagram.com/bbcnews#","fit pics"
"https://www.youtube.com/channel/UC94lW_-Hr_uA7RcJ3D-WPOg/","Danny Duncan","2924147","490569163","DannyDuncan69@icloud.com","https://twitter.com/dannyduncan69","https://www.facebook.com/dannyduncan69","http://instagram.com/garywinthorpe","fit pics"
"https://www.youtube.com/channel/UCJXHzKXwOuRxjnF_lWuIrow/","my kawaii fat belly","16745","2448351","","","","","fit pics"
"https://www.youtube.com/channel/UCgAQHyJ3ZSZ7rJewWlyfXqQ/","Amber Martin","162149","20965282","amberrrmartinnn@gmail.com","https://twitter.com/amberrrmartinnn","","https://instagram.com/amberrmartinnn/","fit pics"
"https://www.youtube.com/channel/UClkZF69oDFy_Fkc03-LECOw/","big fat belly","5007","1402180","","","","","fit pics"
"https://www.youtube.com/channel/UC8-cb1z23n8Bw24c7raOWhg/","Fruity","419971","60050933","businessfruity@gmail.com","","","","fit pics"
"https://www.youtube.com/channel/UCQ8pgXWecNrjpBgvUFVqv_w/","Nastya Nass","656695","44540029","pr@nastyanassfitness.com","","","","fit pics"
"https://www.youtube.com/channel/UCylPQyYqizJtwkH4fddqiwQ/","Katie Austin","55504","3340180","getfitwkatie@gmail.com","https://twitter.com/katie__austin","https://www.facebook.com/getfitwithkatie","https://www.instagram.com/katieaustin/","fit pics"
"https://www.youtube.com/channel/UCi9cDo6239RAzPpBZO9y5SA/","Lele Pons","14993227","3101561543","teamlele@shots.com","http://twitter.com/lelepons","","https://instagram.com/lelepons","fit pics"
"https://www.youtube.com/channel/UC9S4-I4biGXWTOamN72ShBQ/","Hans Ruedel","1622","1295499","l_n_c@rambler.ru","","","","fit pics"
"https://www.youtube.com/channel/UCyOupcPW9amWHBCA_YvVubw/","SEXY TWERKING","","1081343","","","","","fit pics"
"https://www.youtube.com/channel/UCb8RE5l9b6akW8GsJkwFVAQ/","big boobs","45166","2245289","","","","","fit pics"
"https://www.youtube.com/channel/UCIJ0lLcABPdYGp7pRMGccAQ/","People are Awesome","3332788","795650909","contact@peopleareawesome.com","https://twitter.com/paavideos","http://facebook.com/peopleareawesome","http://instagram.com/peopleareawesome","fit pics"
"https://www.youtube.com/channel/UCcrkZ_zDZPRwDj--qoxm9cw/","Cody Leach","34357","5780701","codyleachreviews@gmail.com","http://www.twitter.com/CJLLonewolf","http://www.facebook.com/cjllonewolf","","fit pics"
"https://www.youtube.com/channel/UCKNlSyZF7Hk8RWX3awuWbtA/","Denise Austin","1467","377817","","","","","fit pics"
"https://www.youtube.com/channel/UCY_LMaDAoa6hwHKBE4Dx56w/","Filmora Video Editor","348366","33360425","","https://twitter.com/Filmora_Editor","https://www.facebook.com/filmoravideoeditor/","https://www.instagram.com/filmora_editor/","fit pics"
"https://www.youtube.com/channel/UCgGadvSQuyuc8OvFfhAiLkg/","Karlee Steel","1238151","89902721","karleeasteel@gmail.com","https://www.Twitter.com/karleesteel","","https://www.instagram.com/karleesteel","fit pics"
"https://www.youtube.com/channel/UCrkPQR37y2KfJ6IIOm4Jfrw/","Goddess Grazi","19699","4005519","","","","","fit pics"
"https://www.youtube.com/channel/UCZ38JxS6nxFcegK2FvrSXBw/","Brenda DyGraf","5098","802996","info@brendadygraf.com","","","","fit pics"
"https://www.youtube.com/channel/UCAjZc195VsN4bOWXmFoFN4A/","Teriana Jacobs","266068","49261537","tbabylove1234@gmail.com","","https://www.facebook.com/teriana.jacobs","https://www.instagram.com/tbabylove2/?hl=en","fit pics"
"https://www.youtube.com/channel/UCxSz6JVYmzVhtkraHWZC7HQ/","Liza Koshy","17208570","2135288084","","https://twitter.com/lizakoshy","","https://instagram.com/lizakoshy","fit pics"
"https://www.youtube.com/channel/UCp1LpaTcbiSDKy-hUoJTZEg/","Sexy Girls Cheerleaders Bikini Babes Natural Beauties","4442","302502","","","","","fit pics"
"https://www.youtube.com/channel/UCQwiCpDOx7NRYgrnp9fBsdw/","Jade Chynoweth","320585","33624654","luizatamega3@outlook.com","","","https://www.instagram.com/jadebug98/","fit pics"
"https://www.youtube.com/channel/UCXjkZeFvteEfsMGK92YPbCw/","News Now California","47648","13877108","newsnowcali@gmail.com","","","","fit pics"
"https://www.youtube.com/channel/UCMR4Rk-v2jDm1gf_xTgRMfg/","SuperLuigiLogan","4392114","1184167701","","","","","fit pics"
"https://www.youtube.com/channel/UCb4iUMjpHZCiATCCwPaO47Q/","Stephanie Marie","102085","8745858","stephbmarie@gmail.com","http://www.twitter.com/stephbmarie7","https://www.facebook.com/stephbmarie7","http://www.instagram.com/stephmarie.7","fit pics"
"https://www.youtube.com/channel/UCuunebfqIi8uCzAs_fO1D6Q/","The Best Fails","764845","16418861","biz@tbv.co","","https://www.facebook.com/TheBestFailsTBF/","https://www.instagram.com/thebestfails/?hl=en","fit pics"
"https://www.youtube.com/channel/UCY69alzEzYns8cnGdtn0z6A/","KENNY K.O.","350125","99869674","Kennycboulet@gmail.com","","","https://instagram.com/realkennyko/","fit pics"
"https://www.youtube.com/channel/UCahSENR26CbLO8MbSGIrgsg/","Chloé B","328581","19971957","chloebytb@gmail.com","","","","fit pics"
"https://www.youtube.com/channel/UCjOWgyVA6d9au6L_ZF5XU2w/","Instagram Models","6073","1713246","","","","","fit pics"
"https://www.youtube.com/channel/UCBPC5522AHpDFJn51s7uXGw/","FRANCISCO GONZALEZ","3750","13786","","","","","fit pics"
"https://www.youtube.com/channel/UCJLFizUO3gCQnyiYKMYvUgg/","Get Good Gaming","1490627","305585181","contact@thehi5.com","","","","fit pics"
"https://www.youtube.com/channel/UC67buhWW-BTfBhR8wU4DJZg/","Crystal Breeze","316715","19616604","crystalbreeze924@gmail.com","https://twitter.com/","","https://www.instagram.com/crystal_breeze_/","fit pics"
"https://www.youtube.com/channel/UCOXFVINC6GCo86LBy0NQCIg/","Romee Strijd","1031750","56822299","laurensvanleeuwen@live.nl","","","","fit pics"
"https://www.youtube.com/channel/UCtfE_ZuCHaAqIDEsxJeuP8w/","Alexandria Morgan","341789","18484229","heather@glamoirmodels.com","","","","fit pics"
"https://www.youtube.com/channel/UCEALAyB6OVDbF70h_6Maa-Q/","Elizabeth Saucier","47652","14011071","isaucie@gmail.com","","","","fit pics"
"https://www.youtube.com/channel/UCQ4_8u-DzfmPAcdk1M1zITA/","Demi Moore Striptease Scenes","920","","stripteasemovie1996@gmail.com","","https://goo.gl/idPUda","http://instagram.com/demimoorestriptease","fit pics"
"https://www.youtube.com/channel/UCMrvLMUITAImCHMOhX88PYQ/","PiXimperfect","1381654","65303163","unmesh@piximperfect.com","https://twitter.com/piximperfect","https://facebook.com/piximperfect/","","fit pics"
"https://www.youtube.com/channel/UCmGiim1o9CWfh7-BH8p7aZQ/","Fat Anime Girls","15389","","","","","","fit pics"
"https://www.youtube.com/channel/UCJGqjOyt0As3xVoA8Jl-0Ow/","Milf","17380","5344816","","https://twitter.com/MilfYT","https://www.facebook.com/pages/Milf/356221764486270","","fit pics"
"https://www.youtube.com/channel/UCtgGOdTlM-NdJ9rPKIYN8UQ/","Slayy Point","1196963","124836657","slayypoint@famegame.in","https://twitter.com/slayypoint/","https://www.facebook.com/SlayyPoint","https://www.instagram.com/slayypoint","fit pics"
"https://www.youtube.com/channel/UCt_ePtr2GAaHMvlVo6Jnq_g/","LunkersTV","1394318","205772679","lunkerstv@gmail.com","https://twitter.com/LunkersTV","https://www.facebook.com/LunkersTV","https://www.instagram.com/lunkerstv/","fit pics"
"https://www.youtube.com/channel/UCBo9TLJiZ5HI5CXFsCxOhmA/","Gone with the Wynns","265320","51136383","media@gonewiththewynns.com","https://twitter.com/the_wynns","http://www.facebook.com/pages/Gone-With-the-Wynns/158456407525617?ref=hl","https://instagram.com/the_wynns","fit pics"
"https://www.youtube.com/channel/UCKgyUCsoc7RsF4Jw-RCk3RQ/","Destiny Desire","3334","1226062","","","","","fit pics"
"https://www.youtube.com/channel/UC4OLYMoWyPkFGVZDDQ4EhFg/","Will It Slime?","1732665","453528367","willitslime@gmail.com","","","","fit pics"
"https://www.youtube.com/channel/UCUPr-L6BprRHBS0EIBxciCA/","Fooligan","1235637","114063504","fooliganvlogs@gmail.com","","https://www.facebook.com/FooliganVlogs/","https://www.instagram.com/fooliganvlogs/","fit pics"
"https://www.youtube.com/channel/UCn3zVZvx876xjE7RcZjIpkg/","Zophie Vapes","383385","47029160","kbow720@gmail.com.","http://twitter.com/zophievapes","https://www.facebook.com/zophievapes","https://instagram.com/zophievapes","fit pics"
"https://www.youtube.com/channel/UCM7XkuA9xoZfsMe-oq3ddIg/","sexy thigh boots","4758","","","","","","fit pics"
"https://www.youtube.com/channel/UCHV2vuZsPAhGLOhgc_vU_4A/","Manda","903","188","mandalorieann@gmail.com","","","","fit pics"
"https://www.youtube.com/channel/UC6-NBhOCP8DJqnpZE4TNE-A/","Lance Stewart","5459584","1388475902","imLance210@gmail.com","https://twitter.com/Lance210","https://www.facebook.com/itsLance210?_rdr=p","https://www.instagram.com/Lance210/","fit pics"
"https://www.youtube.com/channel/UCcOeS5aEIadAhKtJ9_VKAIw/","Ladylike","3536260","764888290","ladylikebusiness@buzzfeed.com","","https://www.facebook.com/buzzfeedladylike/","https://www.instagram.com/buzzfeedladylike/?hl=en","fit pics"
"https://www.youtube.com/channel/UCssJTFJwUbd16Ojdo56nr2A/","MooseTube Mania","186876","117590411","info@moosetoys.com","https://twitter.com/moose_toys","https://facebook.com/Moose.Enterprise/","https://www.instagram.com/moose_toys/","fit pics"
"https://www.youtube.com/channel/UCzuqhhs6NWbgTzMuM09WKDQ/","Virtual Reality","3234288","","","","","","fit pics"
"https://www.youtube.com/channel/UC0Y-4IDptetodcD2sP2cndA/","Vicky","734261","30156068","","","","","fit pics"
"https://www.youtube.com/channel/UCRijo3ddMTht_IHyNSNXpNQ/","Dude Perfect","45334386","8729348786","dude@dudeperfect.com","/redirect?q=https%3A%2F%2Ftwitter.com%2FDudePerfect&redir_token=0S7GJlpqeEJmIzRI6iEwLWq51HJ8MTU2NzI2NzE3NkAxNTY3MTgwNzc2&event=channel_description","/redirect?q=https%3A%2F%2Fwww.facebook.com%2FDudePerfect&redir_token=0S7GJlpqeEJmIzRI6iEwLWq51HJ8MTU2NzI2NzE3NkAxNTY3MTgwNzc2&event=channel_description","/redirect?q=http%3A%2F%2Finstagram.com%2Fdudeperfect&redir_token=0S7GJlpqeEJmIzRI6iEwLWq51HJ8MTU2NzI2NzE3NkAxNTY3MTgwNzc2&event=channel_description","fit pics"
"https://www.youtube.com/channel/UCOjEHmBKwdS7joWpW0VrXkg/","21 Savage","6167019","2355076876","21@21savage.com","http://twitter.com/21Savage","http://facebook.com/21savage","http://instagram.com/21Savage","fit pics"
"https://www.youtube.com/channel/UCTFT5NbDl0Fa_fE9Cz_yOAA/","Miniature Space","3117168","487275155","w@ancas.jp","","","","fit pics"
"https://www.youtube.com/channel/UCbaGn5VkOVlcRgIWAHcrJKA/","Cut","8925982","3039078746","hello@cut.com","http://www.twitter.com/cut","http://www.facebook.com/watchcut","","fit pics"
"https://www.youtube.com/channel/UC6ww-6UcuIvDCc_63iQSvFA/","Nay And Meech","627319","56070345","Nayandmeech25@gmail.com","","","","fit pics"
"https://www.youtube.com/channel/UC9SGC_32CZahPYkEY92xflA/","Adam Lambert","1273832","486547532","","http://www.twitter.com/adamlambert","http://facebook.com/adamlambert","http://www.instagram.com/adamlambert","fit pics"
"https://www.youtube.com/channel/UCrEuGmH735irA00mS7eVVYg/","Badd Angel","378046","55706736","baddangelbusiness@gmail.com","","","","fit pics"
"https://www.youtube.com/channel/UCwaNuezahYT3BOjfXsne2mg/","Chad Wild Clay","8879125","2162069375","yt@chadwildclay.com","http://twitter.com/chadwildclay","","https://instagram.com/chadwildclay/","fit pics"
"https://www.youtube.com/channel/UCKmLw-0rYN0prXDFITjN4og/","Mortal Kombat","872562","131849151","","","","","fit pics"
"https://www.youtube.com/channel/UC9mNgEI22jK68FRgMjFPP9w/","Naughty Girls","24141","2053820","","","","","fit pics"
"https://www.youtube.com/channel/UC9lSZSYpDDE18hoFA7YlBpw/","Tfue","11290370","1053008402","tfuemgmt@gmail.com","","","","fit pics"
"https://www.youtube.com/channel/UCu8YylsPiu9XfaQC74Hr_Gw/","Seth's Bike Hacks","1496907","317385399","","","","https://www.instagram.com/sethsbikehacks/","fit pics"
"https://www.youtube.com/channel/UC5gGJUbxE2Irm70TloI45GA/","So Fia","161546","11298271","sophiagall33@gmail.com","https://twitter.com/search?q=sophia.galll&src=typd","https://www.facebook.com/profile.php?id=100011192506572","https://www.instagram.com/sophia.gall/","fit pics"
"https://www.youtube.com/channel/UCwVBc3YzxbJjTJVrlL77MrQ/","Sailing Zingaro","48565","6599925","svzingaro@gmail.com","","https://www.facebook.com/Sv-Zingaro-178389379270599/","","fit pics"
"https://www.youtube.com/channel/UCx_Hl3ly_Img2MdbeZcGCmg/","Zoie Burgher","1072151","14839609","zoieburgher@gmail.com","http://www.twitter.com/zoieburgher","","https://www.instagram.com/officialluxezoie","fit pics"
"https://www.youtube.com/channel/UC27TwtSJ4-FMAI60vlgxzqQ?v=YHBLumRVnos/","PicMonkey","","","","http://twitter.com/intent/follow?original_referer=http%3A%2F%2Fwww.picmonkey.com&region=follow_link&screen_name=picmonkeyapp&source=followbutton&variant=2.0","http://www.facebook.com/pages/PicMonkey/363288993696707","https://www.instagram.com/picmonkey/","fit pics"
"https://www.youtube.com/channel/UCKqH_9mk1waLgBiL2vT5b9g/","VanossGaming","24847424","11486224250","VanossGamingBusiness@gmail.com","","http://www.facebook.com/pages/VanossGaming/184133185011059","","fit pics"
"https://www.youtube.com/channel/UCJPOmOZzDxZZxPWFgeE50hQ/","Lost In Vegas","885506","142732846","lostinvegas83@gmail.com","https://twitter.com/lostinvegas83","https://www.facebook.com/Lost-In-Vegas-321440471612265/","https://www.instagram.com/lostinvegas83/","fit pics"
"https://www.youtube.com/channel/UCmyjVwYZbp5YPYTUyeopO2g/","Pawn Stars","670867","719139213","","https://twitter.com/history","https://www.facebook.com/History","","fit pics"
"https://www.youtube.com/channel/UCPfjB94mhe8Gsnd9qIzUKHA/","Jameskii","1685554","239768687","Jameskii42@gmail.com","","","","fit pics"
"https://www.youtube.com/channel/UCSiayyh9OxKEOgyZwIdZlfw/","Cody Johnson","139673","106164781","","https://twitter.com/codyjohnson","https://www.facebook.com/TheCodyJohnsonBand","https://www.instagram.com/codyjohnson/","fit pics"
"https://www.youtube.com/channel/UCKz5ehRhhI93NPkvH7bNPzg/","Prince Vegeta","673866","160477418","theprincevegeta9000@gmail.com","https://twitter.com/SSGPrinceVegeta","/redirect?redir_token=RJq62ZeJDEBUh5IbACC1sHc8eFl8MTU2NzI2NzE4MUAxNTY3MTgwNzgx&event=channel_description&q=https%3A%2F%2Fwww.facebook.com%2FSSGPrinceVegeta","/redirect?redir_token=RJq62ZeJDEBUh5IbACC1sHc8eFl8MTU2NzI2NzE4MUAxNTY3MTgwNzgx&event=channel_description&q=https%3A%2F%2Fwww.instagram.com%2Fjbz94%2F%3Fhl%3Den","fit pics"
"https://www.youtube.com/channel/UChi08h4577eFsNXGd3sxYhw/","Breakfast Club Power 105.1 FM","3916475","1460195009","","https://twitter.com/breakfastclubam","https://www.facebook.com/breakfastclubam/","/redirect?q=https%3A%2F%2Fwww.instagram.com%2Fbreakfastclubam%2F&redir_token=RJq62ZeJDEBUh5IbACC1sHc8eFl8MTU2NzI2NzE4MUAxNTY3MTgwNzgx&event=channel_description","fit pics"
"https://www.youtube.com/channel/UC1lSkVg0HUiMxW3l-WRICGw/","Pietro Boselli","799795","31590377","jon@insanityhq.com","https://www.twitter.com/pietrobose","https://www.facebook.com/pietrobose","https://www.instagram.com/pietroboselli","fit pics"
"https://www.youtube.com/channel/UCoUVHQCbDajGp4fho2rJDlA/","BBW WORLD","43856","15075906","","","","","fit pics"
"https://www.youtube.com/channel/UCoCx_TUGxhoS8CYg_QMG2eg/","Kavra","888073","179348019","contactkavra@gmail.com","","","","fit pics"
"https://www.youtube.com/channel/UCDkJEEIifDzR_2K2p9tnwYQ/","Tony & Chelsea Northrup","1330742","157881824","tony@northrup.org","","https://www.facebook.com/NorthrupPhotography","","fit pics"
"https://www.youtube.com/channel/UCVTKO1D_G19UlK03ezaADag/","SNARLED","1761765","283388942","SomethingScary@snarled.com","","","","fit pics"
"https://www.youtube.com/channel/UCDRdPzo9qB5xwQNJsC0n9lg/","The Rush Fam","1318831","396731591","todaywithtray@gmail.com","","http://facebook.com/TodayWithTray","","fit pics"
"https://www.youtube.com/channel/UCboMX_UNgaPBsUOIgasn3-Q/","Funhaus","1635130","1177996611","","","","","fit pics"
"https://www.youtube.com/channel/UCtT0-jzX4XhqB4edG93SSlg/","HW Motivation","","14085197","hwmotivation@gmail.com","https://www.twitter.com/HWMotivation_","https://www.facebook.com/hwmotivation/","https://www.instagram.com/hwmotivation/","fit pics"
"https://www.youtube.com/channel/UCXrsVPFsk-66NTaoGMXoPFQ/","Dominique Sachse","957490","101265140","","","https://www.facebook.com/DominiqueSachse","https://www.instagram.com/dominiquesachse","fit pics"
"https://www.youtube.com/channel/UCl_Hqi2a4PLK6QOGlhELMSA/","World Wide Thicky","32929","","","","","","fit pics"
"https://www.youtube.com/channel/UCWN2FPlvg9r-LnUyepH9IaQ/","Boho Beautiful","1134918","135475817","Info@BohoBeautiful.life","","http://www.facebook.com/bohobeautifullife","","fit pics"
"https://www.youtube.com/channel/UCRGd-Y9ex0VbZzt643JLYoA/","Creative Grandma","158954","10296926","DESIGNR22@aol.com","","","","fit pics"
"https://www.youtube.com/channel/UC3_5MsTtwQFDNyNkxk3wmGg/","Miss Mia Fit","8638","171302","MissMiaFit@Instagram","","","","fit pics"
"https://www.youtube.com/channel/UCQMwEvxU5DcelauiEJe9idA/","Ghost Pictures","","1608","info@ghost-pictures.com","https://twitter.com/joachim_lucious","","https://www.instagram.com/joachim_lucious/","fit pics"
"https://www.youtube.com/channel/UCAzZQUlj_tpj6HPNmEFetqw/","The Skinny Confidential","56439","3056554","lauryn@theskinnyconfidential.com","https://twitter.com/laurynevarts","https://www.facebook.com/TheSkinnyConfidential","http://instagram.com/theskinnyconfidential","fit pics"
"https://www.youtube.com/channel/UCuySkUHjdgugMw61waqFsRg/","Taylor R","1024406","126772396","inquiry@lovetaylor.com","http://twitter.com/iamtay_tay","http://lovetaylor.com/","http://instagram.com/taytay_xx","fit pics"
"https://www.youtube.com/channel/UCg4qwJhmDfs3ZhpBud8H4LQ/","VaneYOGA","687703","210614819","","","","","fit pics"
"https://www.youtube.com/channel/UCK1cdF6-oYMrrfPkGfXwTmQ/","Alissa Violet","3906830","222897171","","","","","fit pics"
"https://www.youtube.com/channel/UClWD8su9Sk6GzZDwy9zs3_w/","Tana Paul","4924342","693316678","tanamongeauyt@gmail.com","","","","fit pics"
"https://www.youtube.com/channel/UCdnJJrDUl-y_ryelLMslxkQ/","Brat","3412750","806565153","","https://www.twitter.com/brat/","https://www.facebook.com/brat/","https://www.instagram.com/brat/","fit pics"
"https://www.youtube.com/channel/UCVl6ZdslZz2Zj-34bMJFPbg/","Leslie Sansone's Walk at Home","1244536","205774087","","https://twitter.com/LeslieWalks","https://www.facebook.com/LeslieSansone/?fref=ts&em=1","https://www.instagram.com/walkathome/?hl=en","fit pics"
"https://www.youtube.com/channel/UCiLGMuqXbGQUf8UaZEonmkA/","Fit & Fun With Missy Kane","38","3332","","","","","fit pics"
"https://www.youtube.com/channel/UCZIYrSm2SDZ4NupN8OiDDiQ/","Jayla Koriyan TV","253390","31091038","Info@jaylakoriyan.com","https://twitter.com/jaylakoriyan","","https://instagram.com/jaylakoriyan/","fit pics"
"https://www.youtube.com/channel/UCiT4lJYXVC5Ev8Mlp8o7-Zg/","Brooke Ence","236950","21844141","","https://twitter.com/brookeence?ref_src=twsrc%5Egoogle%7Ctwcamp%5Eserp%7Ctwgr%5Eauthor","https://www.facebook.com/blondebrookeence/","https://www.instagram.com/brookeence/?hl=en","fit pics"
"https://www.youtube.com/channel/UC_sxD6YKdBhefeTFlmyGr6Q/","Real Blunt Blonde","14999","1242400","","","","","fit pics"
"https://www.youtube.com/channel/UCRmmd8tl3sT96cqDynL4Qgg/","Stephen Tries","806637","80929231","stephentries8@gmail.com","https://twitter.com/StephenTries","https://www.facebook.com/stephenlawsoncomedian","https://www.instagram.com/stephen_tries/","fit pics"
"https://www.youtube.com/channel/UCJO44FUePQs91aBIoS69gvg/","It's The Donnellys","1071197","297115130","DonnellyFamilyBiz@gmail.com","https://www.twitter.com/flippinkatie","","http://instagram.com/itsthedonnellysofficial/","fit pics"
"https://www.youtube.com/channel/UCvcm32FJuknLt4SqzTEz21A/","The Footwear Fanatic","2909","303053","aali29884@gmail.com","https://twitter.com/A451M","","","fit pics"
"https://www.youtube.com/channel/UCR6hxOe56uHGb1ph_9SgjrA/","Ununtrested XI","1","58","","","","","fit pics"
"https://www.youtube.com/channel/UCktNZXfx9BD7FTCW2oqXj0A/","Louis' boobear","12","12045","","","","","fit pics"
"https://www.youtube.com/channel/UCoRfW12oqSEHsAwC5UHFEZA/","Matthew Mack","1","","","","","","fit pics"
"https://www.youtube.com/channel/UCAwFW3sqBX38a_cw7OfqeUQ/","Hot Fit Girls","1277","","","","","","fit pics"
"https://www.youtube.com/channel/UCkS7RLoLx0j-bEJN7ytz00g/","zachary lanoix","3","75","","","","","fit pics"
"https://www.youtube.com/channel/UCZtqKgKWFxzJPSsSXcWC-4g/","logan lucas","0","","","","","","fit pics"
"https://www.youtube.com/channel/UCIk9sHb9iXFPlpaw15KKYpQ/","noahisalone","1248","","","","","","fit pics"
"https://www.youtube.com/channel/UCd3h8i_1DZb6iE1HU-v_VGA/","erik8519","0","79","","","","","fit pics"
"https://www.youtube.com/channel/UCjJ9GO7sYDfisMJrvizWERw/","kristygo1","177","851960","","","","","fit pics"
"https://www.youtube.com/channel/UCUuWaDaZkODCYTfiauq6Icw/","kidfit08","1","2147","","","","","fit pics"
"https://www.youtube.com/channel/UCgFGrmi_Lpdn-_YONVfy_PQ/","Legs Perfection","22678","7440133","","","","","fit pics"
"https://www.youtube.com/channel/UCjzMYcNzleXfU_7Or92CMfw/","Reece Fernandez","63","10742","","","","","fit pics"
"https://www.youtube.com/channel/UCfzp-VtceORLoJlX32OcbdA/","BikiniModelFitness","1381429","399388820","bikinimodelfitness@gmail.com","","","","fit pics"
"https://www.youtube.com/channel/UCeUAwBZLwd_VK8FXjRA6dlA/","hot fitness girls workout","6306","822793","hotfitnessgirlsworkout@gmail.com","","","","fit pics"
"https://www.youtube.com/channel/UCxnrQ2UFeBEN5e8eztSRQKQ/","Ioana Chira","14446","536825","ichira.fit@gmail.com","","","","fit pics"
