ChannelUrl,Name,Subscribers,Views,Email,Twitter,Facebook,Instagram,email_get_from
"https://www.youtube.com/channel/UC-9-kyTW8ZkZNDHQJ6FgpwQ/","Music","107734029","","","","","","john elliott hoodie"
"https://www.youtube.com/channel/UCbOeVJsGEF0ypsrn3fzECMg/","CuratedWear","377","178550","curatedcollect@gmail.com","","","","john elliott hoodie"
"https://www.youtube.com/channel/UC-ynEcjZJ6TFmxDRGXQ2ExA/","Nike Air Force One - Topic","201","","","","","","john elliott hoodie"
"https://www.youtube.com/channel/UCUk3MjBTHfl4RBpW8r_FrnA/","Troy Alexander Sanderson","30","3184","","","","","john elliott hoodie"
"https://www.youtube.com/channel/UCj88tCjUyL_UrWtvzBO7Eag/","Rob The III","1155","151963","","","","","john elliott hoodie"
"https://www.youtube.com/channel/UC8ImbKZwBtmAafRSyYoEOyw/","Hypebeastinahalfshell","2710","335042","hypebeastinahalfshell@gmail.com","","","","john elliott hoodie"
"https://www.youtube.com/channel/UCjwb5XP1mFN9gEauttEfyVQ/","Eddie Anthony","4876","841436","","https://twitter.com/eddieanthony","","http://instagram.com/eddieanthony","john elliott hoodie"
"https://www.youtube.com/channel/UCJKX7wTH9zuTVKqsUUak1JA/","Ben Williams","745","294658","bendave94@gmail.com","","","","john elliott hoodie"
"https://www.youtube.com/channel/UCc8o7QS_Gq3x0j40HSj5V3g/","CUFBOYS","1677689","258583913","cammycuf@gmail.com","","","","john elliott hoodie"
"https://www.youtube.com/channel/UCh7UQfYSGt5BqI3SMbc93Pg/","David Chervenka","","5525","","","","","john elliott hoodie"
"https://www.youtube.com/channel/UCl_145hCnsyyh5A2Vehb-YA/","ChroniclesOfJudah 144","109072","45041772","","","","","john elliott hoodie"
"https://www.youtube.com/channel/UCrFc-43CTrekBXCqNpKkkWg/","Chynna Wellington","295","769","","","","","john elliott hoodie"
"https://www.youtube.com/channel/UCPSJOpkmE0dkzRq-STv-5eA/","John Johnson","5","50","","","","","john elliott hoodie"
"https://www.youtube.com/channel/UCbgtuRStKI_5ACSjubSTUPA/","BasicallyIDoWrk","4603711","784557590","Marcel@basicallyidowrk.com","https://twitter.com/BasicallyIDoWrk","","https://www.instagram.com/basicallyidowrk","john elliott hoodie"
"https://www.youtube.com/channel/UC2XbDR0Qqsd5OmdGdU8JYHg/","Benjamin Tran","529384","37795253","benjamintran19@gmail.com","","https://www.facebook.com/benjamin.tran199","https://www.instagram.com/benjamintrann/","john elliott hoodie"
"https://www.youtube.com/channel/UCcgqSM4YEo5vVQpqwN-MaNw/","Rihanna","32757386","14530472550","","http://twitter.com/Rihanna","http://facebook.com/Rihanna","http://instagram.com/BadGalRiRi","john elliott hoodie"
"https://www.youtube.com/channel/UCzAK3AkxzeQXRKgHsZZbD1g/","Warner Music Ireland","528","697922","","http://www.twitter.com/warnermusicirl","https://www.facebook.com/warnermusicireland","https://instagram.com/warnermusicireland","john elliott hoodie"
"https://www.youtube.com/channel/UCUxLHcdIEDAPmaw3H3ZjfeA/","Mac Kozaczuk","0","7","","","","","john elliott hoodie"
"https://www.youtube.com/channel/UChi08h4577eFsNXGd3sxYhw/","Breakfast Club Power 105.1 FM","3916475","1460195009","","https://twitter.com/breakfastclubam","https://www.facebook.com/breakfastclubam/","/redirect?redir_token=rilqNXQcNKTcoMh2h9RbFUYvyPt8MTU2NzI2NTg1NkAxNTY3MTc5NDU2&event=channel_description&q=https%3A%2F%2Fwww.instagram.com%2Fbreakfastclubam%2F","john elliott hoodie"
"https://www.youtube.com/channel/UCroukA5Ktr9d816gX9UxBeA/","BeautyBeast Fitness","135","10714","","","","https://www.instagram.com/BeautyBeast_Fitness/","john elliott hoodie"
"https://www.youtube.com/channel/UC86uMGXqNUb27chEvBQxs-A/","AskAMillennial","275","44277","askamillennial2016@gmail.com","","","","john elliott hoodie"
"https://www.youtube.com/channel/UCCocd330Y9Y5pHMDv3AT-Pg/","S S.","211","2265","","","","","john elliott hoodie"
"https://www.youtube.com/channel/UCtylTUUVIGY_i5afsQYeBZA/","Lyrical Lemonade","10715835","3654354605","cole@lyricallemonade.com","","","","john elliott hoodie"
"https://www.youtube.com/channel/UCKEWi53axTywG4VVFHxdiDA/","Lelissa Lyrics","124602","120271798","","","","","john elliott hoodie"
"https://www.youtube.com/channel/UCV8YlTY7h9BAR6STV57MIQQ/","BG Savage","4","88","","","","","john elliott hoodie"
"https://www.youtube.com/channel/UCO_yXn4VYM1DJfBD57SqAgw/","Timothy Addai","3","57","","","","","john elliott hoodie"
"https://www.youtube.com/channel/UCVK2q7RnPr21Jq4mdYJs8YQ/","Philly Philly","159","25108","","","","","john elliott hoodie"
"https://www.youtube.com/channel/UCLcrNwXct1wfY_itlMSwx0g/","DazOnTheBeat","1238","35244","dazonthebeat@gmail.com","https://twitter.com/YvngDaz","","https://www.instagram.com/yvngdaz/","john elliott hoodie"
"https://www.youtube.com/channel/UC4rI55lKPs-jkqqIJM5dftQ/","Danny Howard","2","1490","","","","","john elliott hoodie"
"https://www.youtube.com/channel/UCpbQ75FIthup7H6MRWL3t0A/","iTzD3VIN45","2250","2779871","","","","","john elliott hoodie"
"https://www.youtube.com/channel/UC5YJNT3kQrDCqetChCTKPHg/","Iam Just Airi","1627726","164414234","iamjustairi@gmail.com","","","","john elliott hoodie"
"https://www.youtube.com/channel/UCvFwPdzeQF0K5VKYW6w9iYg/","Eric Collins","0","","","","","","john elliott hoodie"
"https://www.youtube.com/channel/UCHSSinqMr5KNrzEbFGRczvg/","cashewsaregreat","1","496","","","","","john elliott hoodie"
"https://www.youtube.com/channel/UCItASXZVW4W1W69lFR5h07w/","Keanni Clemons","49","469","","","","","john elliott hoodie"
"https://www.youtube.com/channel/UCGadtlS2qYvqEShauXoDFRA/","italia989","217","1327260","","","","","john elliott hoodie"
"https://www.youtube.com/channel/UC5LGPvoUOfwcLi4Ck8LiR4A/","THE PRINCE FAMILY","4278267","600609624","","","","","john elliott hoodie"
"https://www.youtube.com/channel/UCWoRXrbh0JBTn1vHngdnIig/","Andrew Cain","155","49323","","","","","john elliott hoodie"
"https://www.youtube.com/channel/UC6Hahz44Gbn0i8a73kBNF2w/","DanceNFit with Cat","3320","725516","","","","","john elliott hoodie"
"https://www.youtube.com/channel/UCJWKtXtJgJBNRMndVs8kD3Q/","Betabrand","2111","3525573","","https://twitter.com/Betabrand","https://www.facebook.com/Betabrand","http://instagram.com/betabrand_hq","john elliott hoodie"
"https://www.youtube.com/channel/UCyOt12nBLmGLkCwt9bzscWA/","Mikey Chuck","6","13758","","","","","john elliott hoodie"
"https://www.youtube.com/channel/UCbbMD2MqqocK5pHnuSdUytA/","Queeny Yakira","372","128708","","","","","john elliott hoodie"
"https://www.youtube.com/channel/UCxyahKskt-qOEDX462XCJmA/","VIRAL PARADISE NEWORK","1192","1894376","","","","","john elliott hoodie"
"https://www.youtube.com/channel/UCd2baHP8Sg_1saERI7Sw3qg/","Brett Estrella","2","820","","","","","john elliott hoodie"
"https://www.youtube.com/channel/UCilwZiBBfI9X6yiZRzWty8Q/","FaZe Rug","13156607","2635248836","nikhil.jayaram@fazeclan.com","https://twitter.com/FaZeRug","","https://www.instagram.com/fazerug/","john elliott hoodie"
"https://www.youtube.com/channel/UCGzGbfhdFsjP1yfJUEpSvWg/","KYLE HANAGAMI","4146772","653882444","kylehanagami@gmail.com","http://www.twitter.com/kylehanagami","https://www.facebook.com/kylehanagami","http://www.instagram.com/kylehanagami","john elliott hoodie"
"https://www.youtube.com/channel/UCO2edloxMIH0AbxPHA8jU_A/","Shifty","238","7721","","","","","john elliott hoodie"
"https://www.youtube.com/channel/UCru_uYAj57e3m5Vn9r3HGzA/","Lovely Bryana","338740","34517029","lovelybryana@icloud.com","https://twitter.com/LovelyBryana?ref_src=twsrc%5Egoogle%7Ctwcamp%5Eserp%7Ctwgr%5Eauthor","","https://instagram.com/lovelybryana/","john elliott hoodie"
"https://www.youtube.com/channel/UCbpkbTYJfxhLpEqI0NpGe_A/","Swann E","120","316819","","","","","john elliott hoodie"
"https://www.youtube.com/channel/UCTA9LHJtTwvheHFzDh2EITw/","omarionollusion","235","576565","","","","","john elliott hoodie"
"https://www.youtube.com/channel/UCxca_6zloKOyPJF_DnSqtKw/","DJ Smallz Eyes 2","954321","363817317","kim@djsmallzeyes.com","http://www.twitter.com/djsmallzeyes","http://www.facebook.com/djsmallzeyes","http://www.instagram.com/djsmallzeyes","john elliott hoodie"
"https://www.youtube.com/channel/UClvYsKE28R_12HKOUp43pnQ/","Essence Willis","121","25787","","","","","john elliott hoodie"
"https://www.youtube.com/channel/UCCGnLOBZBqIO9O1_6cUTZ3w/","Анна Баурова","0","2","","","","","john elliott hoodie"
"https://www.youtube.com/channel/UCCJDIJ2OgwVVbXpy_wj2iPw/","The Palmer Squares","46472","17139951","brandon@stankfacerecords.com","","","","john elliott hoodie"
"https://www.youtube.com/channel/UCe4LM_eKc9ywRmVuBm5pjQg/","Atlantic Records","9906738","9002471489","","http://twitter.com/atlanticrecords","http://facebook.com/atlanticrecords","http://instagram.com/atlanticrecords","john elliott hoodie"
"https://www.youtube.com/channel/UC_9MoRQfOYUsgdCJT-Oy_MQ/","Jordan Grace","4174","417259","","https://twitter.com/therealjordangrace","http://www.facebook.com/therealjordangrace","http://instagram.com/therealjordangrace","john elliott hoodie"
"https://www.youtube.com/channel/UCWyFy6vxzO4nI5R2AljH0gw/","Elliott Mitrani","99","","","","","","john elliott hoodie"
"https://www.youtube.com/channel/UCopVQWGolUWqy2Vrvr90V_Q/","Southern Connecticut State University - Topic","4","","","","","","john elliott hoodie"
"https://www.youtube.com/channel/UCL76_yZ3VSBXKfz5YcmtNVQ/","Kejha Lovett Smith","7","4","","","","","john elliott hoodie"
"https://www.youtube.com/channel/UC-9-kyTW8ZkZNDHQJ6FgpwQ?spfreload=1/","Music","","","","","","","john elliott hoodie"
"https://www.youtube.com/channel/UCshNljxIVUp06gA6VHBVcEw/","_chriisc","12","12543","","","","","john elliott hoodie"
"https://www.youtube.com/channel/UCCmvRyF7_kr3W35m7VQXj4w/","Jim Manzick","1","","","","","","john elliott hoodie"
"https://www.youtube.com/channel/UCZ1MkHT5CjdQV5Sb7ZMr_wQ/","jgraham1029","1","149","","","","","john elliott hoodie"
"https://www.youtube.com/channel/UCGzv-KTKL9zmKhWqT12D-rA/","L Gina","27","","","","","","john elliott hoodie"
"https://www.youtube.com/channel/UCV40F0oQIMAEsWhYM6L2yXQ/","markchamp629","14","752","","","","","john elliott hoodie"
"https://www.youtube.com/channel/UCZInYS0c26XMm_bCdlIdBeg/","Lewis the Sunday Wood Worker","0","","","","","","john elliott hoodie"
"https://www.youtube.com/channel/UCYKuLiTeUzzplMzjNNYO4Wg/","GSK Exclusive","217","45","","","","","john elliott hoodie"
"https://www.youtube.com/channel/UCgPWRpT9Boi0muV6vAPKQTA/","Coach Kevin Watson","4","3670","","","","","john elliott hoodie"
"https://www.youtube.com/channel/UCVnzLLzM0aNPm0J5SVXblcw/","Blak Ballerz","","262349","","","","","john elliott hoodie"
"https://www.youtube.com/channel/UCf6n48yLDrlSIrKAkT04r1g/","LIL DIAMOND","45","9261","","","","","john elliott hoodie"
"https://www.youtube.com/channel/UCEDygU0IcMjUtZr9veh9L5Q/","Elliott Termolen","0","4","","","","","john elliott hoodie"
"https://www.youtube.com/channel/UCKzi1U-1-rPZXDIVBWry0hw/","Swiss Clan","75","2850","","","","","john elliott hoodie"
"https://www.youtube.com/channel/UCQyHZK40g3pOyn4IUtv9uHA/","Izzy McAllister","1319","41645","isobelmca@hotmail.co.uk","","","","john elliott hoodie"
"https://www.youtube.com/channel/UChhkKwCqP1D2yPBGe8e-Oug/","Wendy Novak","3","276","","","","","john elliott hoodie"
"https://www.youtube.com/channel/UCrGbUuZwzzPMY4-QhbGiuXg/","oleg borodin","0","115","","","","","john elliott hoodie"
"https://www.youtube.com/channel/UCfGBupN2T2iDU2DyPLef5Iw/","Faze Noel","8","122","","","","","john elliott hoodie"
"https://www.youtube.com/channel/UC7ERy8TEq-pO_ED9AqYFxHg/","Trevor Hunt","0","","","","","","john elliott hoodie"
"https://www.youtube.com/channel/UCE80FOXpJydkkMo-BYoJdEg/","Pop Music - Topic","14348844","","","","","","john elliott hoodie"
"https://www.youtube.com/channel/UCdVQVcs7S86q8SIEI63mz5w/","AGOLD3NGAG3A","7","","AGold3nGag3A@gmail.com","","","","john elliott hoodie"
"https://www.youtube.com/channel/UCgXSUlyR90z7PUiMMFU4_jQ/","tae nam","1","6","","","","","john elliott hoodie"
"https://www.youtube.com/channel/UCCiQPOxt4DfTixs70X_0C6w/","JAM'N 957","8002","3829228","","","","","john elliott hoodie"
"https://www.youtube.com/channel/UC4eWzanGoGpLIJMWmF6ou1w/","MittensOnFireMusic","45","148801","","","http://www.facebook.com/mittensonfiremusic?sk=app_182222305144028","","john elliott hoodie"
"https://www.youtube.com/channel/UC4FLe2wlwoNo9U5Z0bKZS0Q/","ammy galeana","53","15021","","","","","john elliott hoodie"
"https://www.youtube.com/channel/UCUY6NUcSQFfqjIhdyHVJ1iw/","Elliott Waite","11","13393","","","","","john elliott hoodie"
"https://www.youtube.com/channel/UC3c4winBCIPZl94QSCivo9Q/","An Nguyen","53","91646","","https://twitter.com/an_switch","","","john elliott hoodie"
"https://www.youtube.com/channel/UC6fBoFuQufYKjBlTeTCwElA/","Mbagne diatta Diop","1","371","","","","","john elliott hoodie"
"https://www.youtube.com/channel/UC8ahMrJZNcb0dYKCmAbAeBw/","Montel Elliott","0","3","","","","","john elliott hoodie"
"https://www.youtube.com/channel/UCXJXlFawe5GYMxGAdbopBmQ/","The Big 4","155","","","","","","john elliott hoodie"
"https://www.youtube.com/channel/UCFw7Tyfr0jWUTJx3HggcSXg/","TaylorMan2274","451","138339","","","","","john elliott hoodie"
"https://www.youtube.com/channel/UCz3MWzJA66JKN_EQme9kBOA/","Black239Mamba","1","2","","","","","john elliott hoodie"
"https://www.youtube.com/channel/UCC3Rqp0O6A-IZxzyUOTG6Xw/","Eric Chai","11","","","","","","john elliott hoodie"
"https://www.youtube.com/channel/UCirt9SHSTzyG_SUsNXznfjA/","Julio Lopez","0","7","","","","","john elliott hoodie"
"https://www.youtube.com/channel/UCf_IDSQHUEuPTxnwXNeYhVQ/","Mike Hillenbrand","6","","","","","","john elliott hoodie"
"https://www.youtube.com/channel/UCN2V0fjwxf3IZLsPOjBrCAA/","tbaby freeman","29","","","","","","john elliott hoodie"
"https://www.youtube.com/channel/UCXuqSBlHAE6Xw-yeJA0Tunw/","Linus Tech Tips","9072016","2871671020","LinusTechTips@gmail.com","http://twitter.com/LinusTech","http://www.facebook.com/LinusTech","https://www.instagram.com/linustech","john elliott hoodie"
"https://www.youtube.com/channel/UC-siT2STW00Ypp7RM9bdTEg/","casey wingard","0","","","","","","john elliott hoodie"
"https://www.youtube.com/channel/UCD6Lvt0WRmzOCj39I8s_DuQ/","mhux333","27","15032","","","","","john elliott hoodie"
"https://www.youtube.com/channel/UCQUnGLFKKdFLY0o9ri4HTZw/","marcus defreitas","2","31","","","","","john elliott hoodie"
"https://www.youtube.com/channel/UCOKs3ZRS-WO2hTNS4GuM03Q/","Fab Jab","1","4","","","","","john elliott hoodie"
"https://www.youtube.com/channel/UCurpiDXSkcUbgdMwHNZkrCg/","Mariah Carey","4875719","3907111184","","http://www.twitter.com/mariahcarey","http://www.facebook.com/mariahcarey","http://www.instagram.com/mariahcarey","john elliott hoodie"
"https://www.youtube.com/channel/UC49ZVrUFwSqbD8MwJIkMZYA/","Tiffiny Harris","4","131","","","","","john elliott hoodie"
"https://www.youtube.com/channel/UCVW6IbE-ynhhUeyOUYEVzDQ/","Sean Jameson","0","602","","","","","john elliott hoodie"
"https://www.youtube.com/channel/UC_AFyA9FqrZ57bb9QRH77wg/","The Hockey Guy","119983","47388062","intothevoid15@gmail.com","https://twitter.com/ShansBoomstick","https://www.facebook.com/youtubehockeyguy/","https://www.instagram.com/youtube_thehockeyguy","john elliott hoodie"
"https://www.youtube.com/channel/UChbnhxp7qemrLa-zSYiElnw/","Warner Music Australia","18089","12678948","","","https://www.facebook.com/WarnerMusicAU","http://instagram.com/warnermusicaustralia","john elliott hoodie"
"https://www.youtube.com/channel/UCUaG58nHdEqI0HTUa1VzaoQ/","Chante Allen","6","461","","","","","john elliott hoodie"
"https://www.youtube.com/channel/UCCruporvRu0M_FjV1KTOWUg/","Kyle Jackson","571","151627","","","","","john elliott hoodie"
"https://www.youtube.com/channel/UCR73ArdkQTnXugEpRjipwvQ/","Versace x","29","1244","","","","","john elliott hoodie"
"https://www.youtube.com/channel/UC_nBloXxe3gEu4rf1Rg4ixA/","abdullah akram","11","","","","","","john elliott hoodie"
"https://www.youtube.com/channel/UCEwsPIsyFH7HpK1opzOawKg/","ramavich","1181","670197","","","","","john elliott hoodie"
"https://www.youtube.com/channel/UC2BRMb3GowyVB9NFu3Og5dg/","YoungClassic Sound","68","35196","","","","","john elliott hoodie"
"https://www.youtube.com/channel/UCXjRV0AiZAgC3vKCB05Z_ag/","Alma Galindo","6","60","","","","","john elliott hoodie"
"https://www.youtube.com/channel/UCtj45MepAoKxZoyR_Mnt86Q/","Royal Family","2264125","93053350","","","","","john elliott hoodie"
"https://www.youtube.com/channel/UCUu0rZR2wZbxgYdfkbm2t7g/","Neosho Panther Wrestling","14","1246","","","","","john elliott hoodie"
"https://www.youtube.com/channel/UCm9Z4iL3GJ4Bl4XGsJZKkWA/","JS Explosion","","3456253","jewgibson2012@gmail.com","https://twitter.com/jsexplosion","https://www.facebook.com/TheJSExplosion?ref=aymt_homepage_panel","https://www.instagram.com/jsexplosion","john elliott hoodie"
"https://www.youtube.com/channel/UClyFm7tExEBGJ98RjZLTOEA/","CurlSisters TV","440","30812","curlsisterstv@gmail.com","","","","john elliott hoodie"
"https://www.youtube.com/channel/UCu-Txiv54_WRpYiwmLQQTOg/","Venom Geno","115","2307","","","","","john elliott hoodie"
"https://www.youtube.com/channel/UCzUV5283-l5c0oKRtyenj6Q/","Mark Dice","1504461","326359416","Mark@MarkDice.com","","http://www.Facebook.com/MarkDice","/redirect?event=channel_description&q=http%3A%2F%2Fwww.Instagram.com%2FMarkDice&redir_token=YrFwwrFowviKd6Bs1Zm4pSci1bB8MTU2NzI2NTk0MUAxNTY3MTc5NTQx","john elliott hoodie"
"https://www.youtube.com/channel/UC5ksK_ALP53yJUL1-HbZ-Ug/","RL B tv","19","84","","","","","john elliott hoodie"
"https://www.youtube.com/channel/UCUnSTiCHiHgZA9NQUG6lZkQ/","Hip Hop Music - Topic","11394516","","","","","","john elliott hoodie"
"https://www.youtube.com/channel/UCHYgYtl8OtK8pSVGwS4noAw/","Vlad Yanovsky","6","830","","","","","john elliott hoodie"
"https://www.youtube.com/channel/UC-Ottg2Ls-lAUEnBN_HcCQg/","Zildjian 65","1215","49547","zildjian66xbox@gmail.com","https://twitter.com/Zildjian65YT","","/redirect?q=https%3A%2F%2Fwww.instagram.com%2Fzildjian_65%2F&redir_token=YrFwwrFowviKd6Bs1Zm4pSci1bB8MTU2NzI2NTk0MUAxNTY3MTc5NTQx&event=channel_description","john elliott hoodie"
"https://www.youtube.com/channel/UC-9-kyTW8ZkZNDHQJ6FgpwQ?hl=et&itct=COcBENwcGAEiEwjo0aO72trFAhUJKL4KHXxfAG4%3D&client=mv-google&gl=AU%23%2Fwatch%3Fv%3DsayGb0MMS_k/","Music","","","","","","","john elliott hoodie"
"https://www.youtube.com/channel/UCuFhd3bUzqyw01xA0ObCS_Q/","kllxi","102","178146","","","","","john elliott hoodie"
"https://www.youtube.com/channel/UCo4pb5XQdjbMrk5JtDeJJ6g/","crazy_lyrics","294","104798","","","","","john elliott hoodie"
"https://www.youtube.com/channel/UCeqv4vntg4qPjAqWKuAUB-Q/","Various Artists - Hip-Hop/Rap","1","99","","","","","john elliott hoodie"
"https://www.youtube.com/channel/UC7kI8WjpCfFoMSNDuRh_4lA/","Pitchfork","937436","379981940","","https://twitter.com/pitchforktv","https://www.facebook.com/pitchfork","https://instagram.com/pitchfork/","john elliott hoodie"
"https://www.youtube.com/channel/UCD8-ALqcndSdVu_H6M49s1w/","Marcel Hundo","2105","578074","MarcelHundo@gmail.com","https://twitter.com/Marcel_Hundo","","https://www.instagram.com/marcel_hundo/","john elliott hoodie"
"https://www.youtube.com/channel/UC5mICOpWUquNb1UNC9oVugQ/","Austin Langston","1","1198","","","","","john elliott hoodie"
"https://www.youtube.com/channel/UCH1Y-I0NMLnLCKkYBYSm1IQ/","boris","1","3567","","","","","john elliott hoodie"
"https://www.youtube.com/channel/UC6PS7BnDwoRv2W8CS1JzguA/","Bryant Smith","0","4666","","","","","john elliott hoodie"
"https://www.youtube.com/channel/UCTGwY022it6rhQgGuElryeA/","Babygirls React","1561","213979","babygirlsreactions@gmail.com","https://twitter.com/BabygirlsReact","","https://www.instagram.com/babygirlsreact/","john elliott hoodie"
"https://www.youtube.com/channel/UCSJ4gkVC6NrvII8umztf0Ow/","ChilledCow","3591332","194987523","contact@thechilledcow.com","https://twitter.com/ChilledCow","https://www.facebook.com/TheChilledCow/","https://www.instagram.com/chilledcow_yt/","john elliott hoodie"
"https://www.youtube.com/channel/UC54NWlwXltHEbYCO9qLuAYQ/","Jake Karpinski","13","2659","","","","","john elliott hoodie"
"https://www.youtube.com/channel/UCbcxbLzQ9g9t-CGUgls06XA/","Buzz Worthy TV","637","123225","","","","","john elliott hoodie"
"https://www.youtube.com/channel/UCG3ckLRHq5Mfl0mDodJCLNA/","Matthew Kacik","0","2068","","","","","john elliott hoodie"
"https://www.youtube.com/channel/UCcuBJW5zOe87eJN7yVB2PpA/","Ryan Salzl","12","1702","","","","","john elliott hoodie"
"https://www.youtube.com/channel/UCXilpviACZeOTwsWoxPoLcw/","Stevie Richardson","0","","","","","","john elliott hoodie"
"https://www.youtube.com/channel/UCweq6vBMUVAa0aeW5uEgO9w/","FPC-Virtual","9145","3781250","fpcvirtualtsu@gmail.com","","https://www.facebook.com/FPCVirtual","","john elliott hoodie"
"https://www.youtube.com/channel/UCny0sheaqkotZIb6BjfQGWQ/","Fortnite Funny","3131119","832235038","FortniteFunnyYTOfficial@Gmail.com","","","","john elliott hoodie"
"https://www.youtube.com/channel/UCOCVQTNhY8TVY51gjrhKJRw/","Tina Henry","234","2403","","","","","john elliott hoodie"
"https://www.youtube.com/channel/UCb3ss6djeHD4ijZ2u_wYG1g/","XoRainbow MafiaXo","116","34745","Sapphirejattan@gmail.com","","","","john elliott hoodie"
"https://www.youtube.com/channel/UCxxiif4B8HuEVZroAeV4uBA/","Mary Win","1582","726127","","","","","john elliott hoodie"
"https://www.youtube.com/channel/UCJV0xhAhK0yteKa5qxoUYng/","Jake Walko","1","","","","","","john elliott hoodie"
"https://www.youtube.com/channel/UC3nk4ehnW-RtF-PVoxvC6Cg/","Ike Johnson","8","1213","","","","","john elliott hoodie"
"https://www.youtube.com/channel/UCV-lts6RHhNysyJ7aTMaHzA/","cashking 2","24","377","","","","","john elliott hoodie"
"https://www.youtube.com/channel/UC9SCeJIdEOyTcfBjdZU73qA/","TurkeyTuts","702","455179","","","","","john elliott hoodie"
"https://www.youtube.com/channel/UCwDPo2TX9Rx9iORiEAkdoNw/","OBCDrules","114","152282","","http://www.twitter.com/obcdrules","","","john elliott hoodie"
"https://www.youtube.com/channel/UCw5HWWA9SWPwJidKf_U38RA/","Anthony Lucas Jr","1","","","","","","john elliott hoodie"
"https://www.youtube.com/channel/UCiUkUZ2nWSfDoUmV36NaL_w/","Roland Szenasi","23","","","","","","john elliott hoodie"
"https://www.youtube.com/channel/UCMVpeJ6VSCrp8WB2JA0pF-g/","Thats.M.E","171042","27264626","info@marc-eggers.de","","https://www.facebook.com/MarcEggersOfficial","http://instagram.com/marceggers","john elliott hoodie"
"https://www.youtube.com/channel/UCY30JRSgfhYXA6i6xX1erWg/","Smosh","24734208","8832857846","business@smosh.com","/redirect?redir_token=1T4PIPgOcf-FAT-gkfcFzXnn3q18MTU2NzI2NTk1N0AxNTY3MTc5NTU3&event=channel_description&q=http%3A%2F%2Ftwitter.com%2Fsmosh","","http://instagram.com/smosh","john elliott hoodie"
"https://www.youtube.com/channel/UCeJBEnwPVKb2lsVEC1XwAWQ/","Bateman","","","","","","","john elliott hoodie"
"https://www.youtube.com/channel/UCa58nsbhxY5nQtWO9-Q0NEQ/","A.R.M.Y Forever","235","","","","","","john elliott hoodie"
"https://www.youtube.com/channel/UCL3xyearLWht17YES0Qc5Ow/","Logan Frank","0","264","","","","","john elliott hoodie"
"https://www.youtube.com/channel/UCFPNqpo6BQWJhUVsB6knExw/","Gavin Carpenter Productions","86","135259","","","","","john elliott hoodie"
"https://www.youtube.com/channel/UC9ArmuDkGL1PGGSbwwzoW_Q/","UprisingYT","173","2070","","https://twitter.com/Uprising_YT","","","john elliott hoodie"
"https://www.youtube.com/channel/UCt5Ohysa_mwvTzOa8whPbGw/","Adja Love","163","66515","","","","","john elliott hoodie"
"https://www.youtube.com/channel/UCyBpMBK5rRazVDx9goH_18Q/","meanz Alston","418","49997","","","","","john elliott hoodie"
"https://www.youtube.com/channel/UCMhCLyoi_qoknAT7ARdLr8Q/","hamad mh","0","10","","","","","john elliott hoodie"
"https://www.youtube.com/channel/UCh3hGYAVwzhm4nQWbRrpOAA/","Danii Brooks","1","","","","","","john elliott hoodie"
"https://www.youtube.com/channel/UCWBmxNAvR0TUso7iJrToYhg/","Ron Bennett","27","19775","","","","","john elliott hoodie"
"https://www.youtube.com/channel/UCa9epnpF68_DYPbMtI_ESYA/","cj rogers","2540","835385","","","","","john elliott hoodie"
"https://www.youtube.com/channel/UCKtkfSCnV5-gJStNYxjJbBA/","mariano enriquez","10","15157","","","","","john elliott hoodie"
"https://www.youtube.com/channel/UC7R58pdEMM2p3E7zRNwq2JQ/","Demetrios M","6","13903","","","","","john elliott hoodie"
"https://www.youtube.com/channel/UC0ODchfOPCjZDBPoH_ohKXw/","nikki dupree","123","21301","","","","","john elliott hoodie"
"https://www.youtube.com/channel/UCOeBh24sQmLp7s2xpdMaThg/","ClarenceNYC TV","2200181","154665965","bookings@spicymanagement.com","https://twitter.com/clarencenyc_","","https://www.instagram.com/clarencenyc/","john elliott hoodie"
"https://www.youtube.com/channel/UC01OP0Rs77WqmphCVi9Hj4w/","Jalyn Jefferson","20","10881","","","","","john elliott hoodie"
"https://www.youtube.com/channel/UCUjGwIkNsKhyScNe2tXdicQ/","Do I Know You?","460","421992","","","","","john elliott hoodie"
"https://www.youtube.com/channel/UCkk3uQIiPYLN5RSK7jvyumg/","Limah Unique","0","6","","","","","john elliott hoodie"
"https://www.youtube.com/channel/UC-9-kyTW8ZkZNDHQJ6FgpwQ?hl=it/","Music","","","","","","","john elliott hoodie"
"https://www.youtube.com/channel/UCPU8VczFsLnmghs-EOehX-w/","Shadowangel","106","","","","","","john elliott hoodie"
"https://www.youtube.com/channel/UCGHjwlKMIurYxJCsSuQ9mEQ/","afe addeh","4","428","","","","","john elliott hoodie"
"https://www.youtube.com/channel/UCZhaw3xpG4c0kAfTq9FQ_VA/","call me _सुंदर","4","473","","","","","john elliott hoodie"
"https://www.youtube.com/channel/UC8q0vnEkatay5eoVFhFP2gQ/","AnimalsLoveAliens","393","2124201","","","","","john elliott hoodie"
"https://www.youtube.com/channel/UCfol4TcyVj4uhnd0yDuRgKg/","Honey Bee","26","5470","","","","","john elliott hoodie"
"https://www.youtube.com/channel/UCafqCulUY1rEUB_Q9hWSPuw/","King Imprint","1403376","320079253","Kingimprintbooking@gmail.com","https://twitter.com/KingImprint","https://www.facebook.com/kingimprint/","http://instagram.com/kingimprint","john elliott hoodie"
"https://www.youtube.com/channel/UCsgteDt49mgLADdBIkoAo3Q/","Brinn Nicole Gooch","492595","77322265","PUMPFIDENCE@GMAIL.COM","http://twitter.com/brinnnicole","","Instagram.com/brinnnicole","john elliott hoodie"
"https://www.youtube.com/channel/UCkmaQaewmtps-8MvNvp9TVQ/","Last Chance","5","14","","","","","john elliott hoodie"
"https://www.youtube.com/channel/UCPvC17u1FhcHg1KEjCCb2Ww/","honeybee","17497","2131822","","","","","john elliott hoodie"
"https://www.youtube.com/channel/UCNyPUxC_IUjYt2CXjqcjVJg/","Horus Morning Star","8","","","","","","john elliott hoodie"
"https://www.youtube.com/channel/UCMJi9wPFCCV-WIlFR058vJw/","C.R. Hackett","0","511","","","","","john elliott hoodie"
"https://www.youtube.com/channel/UC6L5EziQXc6WSWtvStJqAnw/","Dylan Lowery","112","1879","","","","","john elliott hoodie"
"https://www.youtube.com/channel/UCxWFHXYmCPtzp2OjSZ5xKoA/","matt leone","22","4245","","","","","john elliott hoodie"
"https://www.youtube.com/channel/UCDf9bnELgrqsefhlaZIBvZg/","Tristen Dunn","24","","","","","","john elliott hoodie"
"https://www.youtube.com/channel/UCUebubwSuTHfHjWJI4gCS9A/","Joyner Lucas","3687456","817308134","","","","/redirect?event=channel_description&redir_token=65tFhaRQCMWfG2wb4CPY4jX0qUl8MTU2NzI2NTk4NkAxNTY3MTc5NTg2&q=https%3A%2F%2Fwww.instagram.com%2Fjoynerlucas%2F%3Fhl%3Den","john elliott hoodie"
"https://www.youtube.com/channel/UCTi2jWWTy7gsJh70Ng6mQ5Q/","Hotrod Jones","33","6510","","","","","john elliott hoodie"
"https://www.youtube.com/channel/UCcQRWVfil4ALZb3jh5M6K0w/","Lynnelle Whichard","424","106209","","","","","john elliott hoodie"
"https://www.youtube.com/channel/UCQg7LXUA-zATFlWZslZWcgQ/","Carl Fleming","98","51692","","","","","john elliott hoodie"
"https://www.youtube.com/channel/UCCIV1dtANQKgrBXdtjQD57g/","LaToya Taylor","341","11997","","","","","john elliott hoodie"
"https://www.youtube.com/channel/UCHnaP-pDUcKYpMW16fSaxcg/","Mor Dabastany","4","5372","","","","","john elliott hoodie"
"https://www.youtube.com/channel/UCLudToXPAJxNjszqjmjURPw/","Ganja Guy","163","25089","Jeffjhd93@gmail.com","","","","john elliott hoodie"
"https://www.youtube.com/channel/UCK2VGkDpHRTTi5_rYsOM4_g/","J Dub Productions","16317","7914650","jwallace3301@gmail.com","","","http://instagram.com/jdubproductionsyt","john elliott hoodie"
"https://www.youtube.com/channel/UCUebubwSuTHfHjWJI4gCS9A/","Joyner Lucas","3687456","817308134","","","","/redirect?q=https%3A%2F%2Fwww.instagram.com%2Fjoynerlucas%2F%3Fhl%3Den&redir_token=7zlDDC3UetkR7hqnm_InZ1VxNJ18MTU2NzI2NTk5MkAxNTY3MTc5NTky&event=channel_description","john elliott hoodie"
"https://www.youtube.com/channel/UChsWg_OqdVobvspE67_reow/","Crystal Bassett","1","66","","","","","john elliott hoodie"
"https://www.youtube.com/channel/UC0qmsZjwdFs_S8dPxSMMTyQ/","pa_ zo_89","9","2969","","","","","john elliott hoodie"
"https://www.youtube.com/channel/UCkeFwsk6W1DlRuDKIlrVTxg/","Kim Duane Ba-ay","136","130642","","","","","john elliott hoodie"
"https://www.youtube.com/channel/UCNIfKsDnLtFxuVGHBtwxBeg/","Wetboy1697x","412","","","","","","john elliott hoodie"
"https://www.youtube.com/channel/UCr9S1kIhc231JXhObJLrWSw/","nai paray","146","72106","","","","","john elliott hoodie"
"https://www.youtube.com/channel/UCY0IMtU-EHTIABfOGpg80fg/","TYB DINERO","10","2297","","","","","john elliott hoodie"
"https://www.youtube.com/channel/UC-GnZZvpFC3JcpKvPIgEP7Q/","Ericka Anderson","11","823","","","","","john elliott hoodie"
"https://www.youtube.com/channel/UCXr-8cxC0GfR2nukgAKdU6Q/","Mina Bergersen","11","259","","","","","john elliott hoodie"
"https://www.youtube.com/channel/UCu8REJdKYYJW3fuLzxzZOJg/","Nick Greeno","9","1960","","","","","john elliott hoodie"
"https://www.youtube.com/channel/UCeSbnL42g5wyAN785ZRExzw/","Razor Mixes","801","405311","","","","","john elliott hoodie"
"https://www.youtube.com/channel/UCoUTtTC_fMWJ8rPeJVXviMg/","Hasaan Price","1","1991","","","","","john elliott hoodie"
"https://www.youtube.com/channel/UCX8kA9PqWWBMa066lHriIRg/","Justin Viola","1107","506059","justin.viola95@gmail.com","","https://www.facebook.com/apox.music/","https://www.instagram.com/apox.music/","john elliott hoodie"
"https://www.youtube.com/channel/UC4VWDuDWxLLGjABDZCLOCTw/","cookiemonster0948","129","","","","","","john elliott hoodie"
"https://www.youtube.com/channel/UC0-hJeDHBgZtZa2uoSjNEGA/","Skate4Life974","126","108657","","","","","john elliott hoodie"
"https://www.youtube.com/channel/UCll5yxqjmIcHRsobY_uCFiA/","Ana Cabral Martins","472","746852","","","","","john elliott hoodie"
"https://www.youtube.com/channel/UCKfjZFLfsh6hJXYS3M5g9QQ/","Alenya Msp","814","70280","","","","","john elliott hoodie"
"https://www.youtube.com/channel/UCVTTSVDVUxLYylH5b7MDHMg/","Stephanie bannock-sanborn","0","12","","","","","john elliott hoodie"
"https://www.youtube.com/channel/UCwDdgtaIuLnkHaFGFv5I7_g/","Sean Eamon Cappone","132","233177","","","","","john elliott hoodie"
"https://www.youtube.com/channel/UCw1UfxJnp1HVvh_QzSbGkog/","Meghan Tonjes","251613","32630396","meghantonjes@gmail.com","","","","john elliott hoodie"
"https://www.youtube.com/channel/UC5T4Obo3MPhp9bymPL5EaQQ/","CLocke87","131","136503","","","","","john elliott hoodie"
"https://www.youtube.com/channel/UCw4BAU6QV-A9KLfn7OPGLMQ/","Jessica Clark","2820","1602693","","","","","john elliott hoodie"
"https://www.youtube.com/channel/UCO8_8qLg8tfsU2h2p3lILkA/","Shortiiboy1","277","516567","","","","","john elliott hoodie"
"https://www.youtube.com/channel/UC-0sNoIT0n9O8bz4pb_g7yQ/","Iesha Mcfadden","1","","","","","","john elliott hoodie"
"https://www.youtube.com/channel/UCbqkSyoy-UeSRPVOdVOSxSA/","Mustafa Sabri","104","","","","","","john elliott hoodie"
"https://www.youtube.com/channel/UCgWTrN2xu7ys0lkgnfoxF2g/","Briana Fletcher","10","167","","","","","john elliott hoodie"
"https://www.youtube.com/channel/UCG3P3RRpK3UiuxnKftFRCXg/","SimoDCmusic","116","120420","","","","","john elliott hoodie"
"https://www.youtube.com/channel/UCCabD1nxlgehYtlnVXdIuLw/","L2K Zinc","48","1347","","/redirect?redir_token=br9bu24RPT7cjAHS6UfquaIcIxB8MTU2NzI2NjAwMkAxNTY3MTc5NjAy&q=https%3A%2F%2Ftwitter.com%2FTaylor97Bell&event=channel_description","","","john elliott hoodie"
"https://www.youtube.com/channel/UCRFR6cX_yF8IL37TnDL4IRg/","Levan Sutiashvili","142","1708","","","","","john elliott hoodie"
"https://www.youtube.com/channel/UC8wAO92lDo3ViCKEwrseGEQ/","MonkeyOfGG","145","120370","","","","","john elliott hoodie"
"https://www.youtube.com/channel/UCLAv0TulTx68zF8cXNhfcZg/","Yamila monterrey","0","","","","","","john elliott hoodie"
"https://www.youtube.com/channel/UCNK94e1wU7T47bq0bNWj3ZA/","Jared Blakemore","43","5006","","","","","john elliott hoodie"
"https://www.youtube.com/channel/UCSywWcDGiz0bt7M1nww3UVw/","prettylips mcintosh","303","19487","","","","","john elliott hoodie"
"https://www.youtube.com/channel/UCSQX5rCPBpk7Y1OdjsZDrvQ/","Darean Witt","7","607","","","","","john elliott hoodie"
"https://www.youtube.com/channel/UCvMl7MplrZnDiu0lcfCi-ww/","Kamxra msp","191","1383","kdaley2006@gmail.com","","","","john elliott hoodie"
"https://www.youtube.com/channel/UC-MtuktVJ1hghGt04Xoh7NA/","Julia Tsang","141","","","","","","john elliott hoodie"
"https://www.youtube.com/channel/UCZaGuLY_LZsdj2ZnQ0jFRMQ/","Ben Howells","311","14877","","","","","john elliott hoodie"
"https://www.youtube.com/channel/UCA19ZXK5lUm1lf_NBYqgqtA/","Angel Suki","127","34","cutekitten642@gmail.com","","","","john elliott hoodie"
"https://www.youtube.com/channel/UCzCTkINZSqfNrcjPqJ19ICA/","Dug Hill","102","8224","","","","","john elliott hoodie"
"https://www.youtube.com/channel/UC4PooiX37Pld1T8J5SYT-SQ/","Good Mythical Morning","15725156","5674109622","business@mythical.com","https://twitter.com/rhettandlink/","https://facebook.com/rhettandlink/","https://instagram.com/rhettandlink/","john elliott hoodie"
"https://www.youtube.com/channel/UCjDU03jX30-cGHEGzNh2qUg/","GretchenOficialVEV0","259","64179","","","","","john elliott hoodie"
"https://www.youtube.com/channel/UCnKqbPGdV67ds3TPwwTKRqQ/","LorJification","136","22599","","","","","john elliott hoodie"
"https://www.youtube.com/channel/UC6I63wjEmIlrRcCw9n3e1Sw/","cursedgem","116","138933","","","","","john elliott hoodie"
"https://www.youtube.com/channel/UCPs3e0gTQ-kt2JwRo4-jPaw/","Dylan10 HD","1537","32","","","","","john elliott hoodie"
"https://www.youtube.com/channel/UCv1LTRfUjra4ur6w0iZ7xNw/","Whitney - MissSwissRolls","240","50849","","http://www.twitter.com/MissSwissRolls","","/redirect?redir_token=etc1_MPnR81h1SnrTErx4ndmD8l8MTU2NzI2NjAxMUAxNTY3MTc5NjEx&q=http%3A%2F%2Fwww.instagram.com%2FMissSwissRolls&event=channel_description","john elliott hoodie"
"https://www.youtube.com/channel/UCXZr3nUxPBBHEUbjGC5Nr3A/","RJ Bear","113","","","","","","john elliott hoodie"
"https://www.youtube.com/channel/UC8bwtd7DsWm9lLOveJ-kYyA/","JBxJY xx_x_xx","113","156937","","","","","john elliott hoodie"
"https://www.youtube.com/channel/UCQP4Z9cauEDlspglTbSoCSw/","Denise Wise","1518","303751","","","","","john elliott hoodie"
"https://www.youtube.com/channel/UCGrFGhcBQEqIHmnjqzBm79g/","chiara bekoe","4","","","","","","john elliott hoodie"
"https://www.youtube.com/channel/UCgfbfhlPrsvxTCfTzmu-HmA/","Valga Vägilased","601","176055","Stevenilves@hotmail.com","","","","john elliott hoodie"
"https://www.youtube.com/channel/UCOgYn5bOyD06pSWKSrldlMg/","Tommy Krouse","115","51616","","","","","john elliott hoodie"
"https://www.youtube.com/channel/UCMrX2bGRtb9FdTrC8xuCy7w/","queenmy3 here","9","43","","","","","john elliott hoodie"
"https://www.youtube.com/channel/UC4rUZ9tEGt4vRJxmsuL6I1Q/","Jujo TV","2518","340875","","","","","john elliott hoodie"
"https://www.youtube.com/channel/UCsI-MzVZIONHnEXXVE7TPdQ/","Tristan Biesel","9","292","","","","","john elliott hoodie"
"https://www.youtube.com/channel/UCeCNPNVfN5O8691RrHl0z1w/","Alonzo Williams","7091","1229413","","","","","john elliott hoodie"
"https://www.youtube.com/channel/UCRddj9BYG-86NiSojXeFOkQ/","2012tribal","61","53227","elliott_tucker@hotmail.com","","","","john elliott hoodie"
"https://www.youtube.com/channel/UC0KiGuCTrehqzSQ7ikjxSQw/","Patricia Bright","2801307","287491472","patstrueworld@gmail.com","https://twitter.com/PattyOLovesU","","https://www.instagram.com/thepatriciabright","john elliott hoodie"
,,,,,,,,
"https://www.youtube.com/channel/UC68HPdOB-H51kYhB6t-jzKw/","Verrsa x","186","1847","","https://twitter.com/Verrrsa","","","john elliott hoodie"
"https://www.youtube.com/channel/UC6_7p7Cec5n1GkDxxSLOnag/","NiteFix","217","448403","","","","","john elliott hoodie"
"https://www.youtube.com/channel/UCKKJMzrDw0eN1svc1VGz-xw/","Alexus Franks","21","681","","","","","john elliott hoodie"
"https://www.youtube.com/channel/UCW26MGC_S7bFMcZsV6L1krg/","Christopher Conde","0","2","","","","","john elliott hoodie"
"https://www.youtube.com/channel/UC0ba6TOdbdpw3wsJJfMts0w/","Aaron Elliott","22","907","","","","","john elliott hoodie"
"https://www.youtube.com/channel/UCDh3oHzZxXxPajZAyTDndtg/","Shaine Williams","8","385","","","","","john elliott hoodie"
"https://www.youtube.com/channel/UCJxAlqwghWMpLo711BstZ2Q/","Elizabeth Morales","200","266647","","","","","john elliott hoodie"
"https://www.youtube.com/channel/UCDkvDY5bob14pYxJxHGYfWw/","Big Blue Highlights","980","503642","","","","","john elliott hoodie"
"https://www.youtube.com/channel/UCChqSKfV40fiTiZ2WMJaWRw/","Best Self with Steph Elliott","16","1519","","","","","john elliott hoodie"
"https://www.youtube.com/channel/UCglyy73KENFeuEUMH0FNPiQ/","brownii ii","16","3","","","","","john elliott hoodie"
"https://www.youtube.com/channel/UC-oqcb9YIo4hdkAnDmcYY2g/","Martin Rubio","4","52","","","","","john elliott hoodie"
"https://www.youtube.com/channel/UCsRjf_tiFvE2W8pPfCg-U_Q/","Empire Music Studio","155212","57538302","","","https://www.facebook.com/music.studio.empire","http://instagram.com/empiremusicstudio","john elliott hoodie"
"https://www.youtube.com/channel/UCp5wIvvxLXpE3UWiyBgAStg/","Decky Christriono","3","39","","","","","john elliott hoodie"
"https://www.youtube.com/channel/UCm7pLmPrguJq-11t9ZA-ahw/","Ryan R","18","13677","","","","","john elliott hoodie"
"https://www.youtube.com/channel/UC1XC0U0TpFXujBDWo4bSw6g/","Ski11 Playzzz","18","96","","","","","john elliott hoodie"
"https://www.youtube.com/channel/UCoinH1tGSvv8QLKVhMOJaVw/","Zen kiah","9","2965","","","","","john elliott hoodie"
"https://www.youtube.com/channel/UCpv8zapQAXit1hC2puRs3TQ/","Josue Crespo","3","25","","","","","john elliott hoodie"
"https://www.youtube.com/channel/UCEl4Nvm6o235wl4kyyu2-KQ/","Sipp God Reactions","4664","117360","TrappTarell@gmail.com","","","","john elliott hoodie"
"https://www.youtube.com/channel/UCTLb5VOiJpmzXzZol_K1Bfw/","Jan'na McGuire","35757","2807454","","https://www.twitter.com/yeppitsjanna/","","https://www.instagram.com/yeppitsjanna/","john elliott hoodie"
"https://www.youtube.com/channel/UCxjvtxKp91aHPy7jU9EPI9g/","KeyshiaColeVEVO","1115269","795558482","","http://www.twitter.com/keyshiacole","http://www.facebook.com/keyshiacole","http://www.instagram.com/keyshiacole","john elliott hoodie"
"https://www.youtube.com/channel/UC-9-kyTW8ZkZNDHQJ6FgpwQ?layout=mobile/","Music","","","","","","","john elliott hoodie"
"https://www.youtube.com/channel/UC78cxCAcp7JfQPgKxYdyGrg/","emma chamberlain","8384998","851500588","emmafcham.business@gmail.com","","","","john elliott hoodie"
"https://www.youtube.com/channel/UCQ9HvHH-KRYHI5ynj2kbLwQ/","TheAMaazing","562905","28619280","TheAMaazing33@gmail.com","https://www.twitter.com/TheAMaazing","/redirect?redir_token=ok2WzgYZtaG9IHlLZ1LZM7rVZEx8MTU2NzI2NjkzNkAxNTY3MTgwNTM2&q=https%3A%2F%2Fwww.facebook.com%2FTheAMaazing%2F&event=channel_description","/redirect?redir_token=ok2WzgYZtaG9IHlLZ1LZM7rVZEx8MTU2NzI2NjkzNkAxNTY3MTgwNTM2&q=https%3A%2F%2Fwww.instagram.com%2FTheAMaazing%2F&event=channel_description","john elliott hoodie"
"https://www.youtube.com/channel/UCkM3cLfmWBSFoEU-xVnQ-dw/","Step Up: High Water","1670333","391565188","","https://twitter.com/stepupseries","https://www.facebook.com/stepupseries","https://www.instagram.com/stepupseries/","john elliott hoodie"
"https://www.youtube.com/channel/UCNYsIqBwQyhnNDVf7SXJV9w/","Exploring With Josh","3750177","387548292","exploringwithjosh@gmail.com","","https://www.facebook.com/exploringwithjosh","http://instagram.com/exploringwithjosh","john elliott hoodie"
"https://www.youtube.com/channel/UCyULQhM0_gE8-y4GpJxaKVg/","WizV52","877","749640","","","","","john elliott hoodie"
"https://www.youtube.com/channel/UCPsoHXtx4z8Xqw54Zd3oi2g/","Elliott Atwell","17127","811378","","","https://www.facebook.com/elliott.atwell?ref=tn_tnmn","","john elliott hoodie"
"https://www.youtube.com/channel/UC9M_ehql4Fq0Wwa_UE4cu5w/","Cortology","135","44297","","","","","john elliott hoodie"
"https://www.youtube.com/channel/UCjGuZrnupQ9_iDH1o0wuKRA/","Matt T","0","88","","","","","john elliott hoodie"
"https://www.youtube.com/channel/UCwTgxuvPb0z_infrjiEQKQQ/","KJ2K","3884","1760939","","","","https://www.instagram.com/therealkj2k/","john elliott hoodie"
"https://www.youtube.com/channel/UCiT4nk96-2yf7uw4sP1ysIw/","Bailey Elliott","20","7937","","","","","john elliott hoodie"
"https://www.youtube.com/channel/UCNfWDbERpf34FsSWIpqGD0Q/","The North Face","337628","125429633","","http://www.twitter.com/thenorthface","http://www.facebook.com/thenorthface","https://instagram.com/thenorthface/","john elliott hoodie"
"https://www.youtube.com/channel/UCIgBdafSxYwQye4sgyYPK_g/","Bp Blackp miles","241","57177","","","","","john elliott hoodie"
"https://www.youtube.com/channel/UClIyer6Vr0njCWH4nvJk2dQ/","reveir","603","240624","","","","","john elliott hoodie"
"https://www.youtube.com/channel/UCGLm0qIQgVvuqBVmyezLRqw/","Akira Nyree","37","","","","","","john elliott hoodie"
"https://www.youtube.com/channel/UCQvlwo60ZPG0Ka2ETweUxmw/","Sunny Kumar","10","21","","","","","john elliott hoodie"
"https://www.youtube.com/channel/UCjlhjvstaj6ckV2uAa56xnA/","cuzzz00","7","340","","","","","john elliott hoodie"
"https://www.youtube.com/channel/UCp0hYYBW6IMayGgR-WeoCvQ/","TheEllenShow","33929575","16935747872","","http://www.twitter.com/theellenshow","http://www.facebook.com/ellentv","http://instagram.com/theellenshow","john elliott hoodie"
"https://www.youtube.com/channel/UC4kPjdPZpgx5yo5-KDK2vRg/","MG_x_Yousef YouTube","2","27","","","","","john elliott hoodie"
"https://www.youtube.com/channel/UCkkgY3eNDS97qxj7r_nZnhA/","MR. CLEAN","3542","1595368","","","","","john elliott hoodie"
"https://www.youtube.com/channel/UCCPfMEhYLWT2YnzddybWMOA/","Elliott Powell","272","242653","","","","","john elliott hoodie"
"https://www.youtube.com/channel/UC32UlVDLciQQ7RgINnFW1Uw/","Hayden Elliott","0","46","","","","","john elliott hoodie"
"https://www.youtube.com/channel/UC8OUaSMSuqrCpCdufamEIhA/","Hoodie Tysen","128","2665","","","","","john elliott hoodie"
"https://www.youtube.com/channel/UCfHVsMT2UFU8Q_Zj5ORrG2w/","Bella Elliott","0","1","","","","","john elliott hoodie"
"https://www.youtube.com/channel/UCMNmwqCtCSpftrbvR3KkHDA/","Guava Juice","14273325","6096763389","business@guavajuice.com","","","","john elliott hoodie"
"https://www.youtube.com/channel/UCpHIBpOqu0ablP2HOR985Rg/","DtoTheK","655","1299545","","","","","john elliott hoodie"
