ChannelUrl,Name,Subscribers,Views,Email,Twitter,Facebook,Instagram,email_get_from
"https://www.youtube.com/channel/UCF0pVplsI8R5kcAqgtoRqoA/","Popular on YouTube","29789668","","","","","","john elliott shirt"
"https://www.youtube.com/channel/UC-9-kyTW8ZkZNDHQJ6FgpwQ/","Music","107734029","","","","","","john elliott shirt"
"https://www.youtube.com/channel/UCEGaoNmsAGRLzSoOckx3riw/","Elliot Giles","623635","6643259","","","","","john elliott shirt"
"https://www.youtube.com/channel/UCmd52DyhaO4E1Cvy4RrHuew/","HYPEBEAST","668275","79644834","video@hypebeast.com","https://twitter.com/hypebeast","http://www.facebook.com/hypebeast","http://instagram.com/hypebeast","john elliott shirt"
"https://www.youtube.com/channel/UCrtraVdyNOtkNfqQtZLxtUg/","thugpro96","0","6","","","","","john elliott shirt"
"https://www.youtube.com/channel/UCO_I0Ugtvw0FEDEHrXMW9kw/","Day Marinkovich","1133","4091","daymarinkovich@gmail.com","http://www.twitter.com/daymarinkovich","","http://www.instagram.com/daymarinkovich","john elliott shirt"
"https://www.youtube.com/channel/UCJKX7wTH9zuTVKqsUUak1JA/","Ben Williams","745","294658","bendave94@gmail.com","","","","john elliott shirt"
"https://www.youtube.com/channel/UCl-LZ1lneGXfryLY3ldTfTw/","AlwaysFreshApparel","153573","14223134","jacobjkeller@gmail.com","http://www.twitter.com/JacobJKeller","https://www.facebook.com/jacob.keller","http://instagram.com/JacobJKeller","john elliott shirt"
"https://www.youtube.com/channel/UCAkIMkEaa9sZmjcy7mfd5lQ/","Gunna","715426","382685415","gunnamanager@gmail.com","http://twitter.com/1gunnagunna","https://www.facebook.com/gunnaofficial/","https://www.instagram.com/gunna/?hl=en","john elliott shirt"
"https://www.youtube.com/channel/UCkRMqL3hLrIYhxNCac4vR3w/","Art of Manliness","1067149","89480475","","http://twitter.com/artofmanliness","http://facebook.com/artofmanliness","http://instagram.com/artofmanliness","john elliott shirt"
"https://www.youtube.com/channel/UCbPAOFyBsY4RRG87Zr3p07Q/","Michael Dooley Project","273","162924","","","","","john elliott shirt"
"https://www.youtube.com/channel/UC3_DudwBsqSxitJhc38KSnQ/","BigRed Elliott","131","22642","","","","","john elliott shirt"
"https://www.youtube.com/channel/UC7Ul2k3EhfIHE2RFvjoMorA/","AliyaJanell","1696515","257234916","aliya.janell@gmail.com","https://twitter.com/AliyaJanell","","https://www.instagram.com/thealiyajanell/","john elliott shirt"
"https://www.youtube.com/channel/UC3pzFczffK_jzy8sUrtuAyg/","Jonathan Fischer","39","53554","","","","","john elliott shirt"
"https://www.youtube.com/channel/UCEIMhCCmsW3og7TquZj1LpA/","Lyricia","","11591666","","","","","john elliott shirt"
"https://www.youtube.com/channel/UCe3yZzUwpmy2eKKmF9svX0Q/","Jason Derulo","11763935","5917436618","","http://www.twitter.com/jasonderulo","http://www.facebook.com/jasonderulo","http://instagram.com/jasonderulo","john elliott shirt"
"https://www.youtube.com/channel/UCEQoJrBoUl07lj2RAe_8bgg/","QUEENZFLIP","225061","49811937","IMQUEENZFLIP@GMAIL.COM","","","","john elliott shirt"
"https://www.youtube.com/channel/UCnc6db-y3IU7CkT_yeVXdVg/","J. Cole","4001842","1283453933","info@dreamville.com","http://twitter.com/jcolenc","https://www.facebook.com/JColeMusic","http://instagram.com/realcoleworld","john elliott shirt"
"https://www.youtube.com/channel/UCWyR8_y19a2hYlrmlEiZ7MQ/","Double Bill","11291","10438740","","","","","john elliott shirt"
"https://www.youtube.com/channel/UCoc7luQnTR_bu_WMsZGZxKg/","kneelworship","274","","bbworship@aol.com","","","","john elliott shirt"
"https://www.youtube.com/channel/UCDkgRyGyoji5ZDugyt02Y-A/","Seanelliottoc","461478","28025061","Seanelliottoc@gmail.com","","","","john elliott shirt"
"https://www.youtube.com/channel/UCOSGEokQQcdAVFuL_Aq8dlg/","Justin Rhodes","520586","109307945","justin@abundantpermaculture.com","","","","john elliott shirt"
"https://www.youtube.com/channel/UCbgtuRStKI_5ACSjubSTUPA/","BasicallyIDoWrk","4603711","784557590","Marcel@basicallyidowrk.com","https://twitter.com/BasicallyIDoWrk","","https://www.instagram.com/basicallyidowrk","john elliott shirt"
"https://www.youtube.com/channel/UCDKG8OwkbNwovZE6DpfIfzw/","Clutch","517173","121706146","clutchjoyner@gmail.com","https://twitter.com/ClutchJoyner","","https://www.instagram.com/clutchjoyner/","john elliott shirt"
"https://www.youtube.com/channel/UCveCs-lwyA0Y43c7tDV3qvw/","Kane and Pia","389375","60930573","grace@22.com.au","http://www.twitter.com/piamuehlenbeck","http://www.facebook.com/piamuehlenbeck.verified","http://www.instagram.com/piamuehlenbeck","john elliott shirt"
"https://www.youtube.com/channel/UCnXsXmpiBfZLj3daKBAJqxA/","Oscar Brand - Topic","695","450898","","","","","john elliott shirt"
"https://www.youtube.com/channel/UCkdf8HIE3KJDRfRwxzc4B7g/","rclegg","231","181709","","","","/redirect?redir_token=1s1wxe8jbctyttKnK7VLbE437Pl8MTU2NzI2NjUwOEAxNTY3MTgwMTA4&q=https%3A%2F%2Finstagram.com%2Fryan.w.clegg%2F&event=channel_description","john elliott shirt"
"https://www.youtube.com/channel/UCSJ4gkVC6NrvII8umztf0Ow/","ChilledCow","3591332","194987523","contact@thechilledcow.com","https://twitter.com/ChilledCow","https://www.facebook.com/TheChilledCow/","https://www.instagram.com/chilledcow_yt/","john elliott shirt"
"https://www.youtube.com/channel/UCx0eQsDrjn-EXMWeusTh2cQ/","Goo Goo Colors","3859341","1817723293","zzkidstv2@gmail.com","","https://www.facebook.com/zzkidstv/","","john elliott shirt"
"https://www.youtube.com/channel/UC_1nZUpPS6jFv5Pn3f85CaA/","Lumnah Acres","124903","24696320","allumnah@gmail.com","","https://www.facebook.com/LumnahAcres/","https://www.instagram.com/lumnahacres/","john elliott shirt"
"https://www.youtube.com/channel/UCbyEtRpjMfPstLUXChc1eBA/","Cowboys Blog","13164","2982917","cowboysblog.net@gmail.com","https://twitter.com/CowboysBlogNet","https://www.facebook.com/CowboysBlog/","https://www.instagram.com/cowboysblog/","john elliott shirt"
"https://www.youtube.com/channel/UCno5eoYxaCVGURJSwJhyvOg/","Briana Figueras","115","106984","","","","","john elliott shirt"
"https://www.youtube.com/channel/UChpnpPRSMsjQY5E24QpLI8g/","HESA Online Org","398","206440","socialmedia@hesaonline.org","","","","john elliott shirt"
"https://www.youtube.com/channel/UCa2BHh-wZBMqkX8Y8Q4O0ZQ/","LCICon","1020","168842","","http://twitter.com/lcicon","http://facebook.com/lcicon","","john elliott shirt"
"https://www.youtube.com/channel/UCe-V2Y7ligIBmoV2dECRl6A/","eLLiOtTeDwArDs","71","1266146","","","","","john elliott shirt"
"https://www.youtube.com/channel/UCO5KTtyzcJK2R4VUhsCVYUQ/","ChilledChaos","1457369","865073530","ChilledChaosBusiness@gmail.com","http://twitter.com/Chilledchaos","http://facebook.com/TheChilledChaos","http://instagram.com/littlechillywilly","john elliott shirt"
"https://www.youtube.com/channel/UCe15ShUpLa8POeOb3ZZ_ToQ/","DjBubby Mashups","621","259805","djbubby2425@gmail.com","","","","john elliott shirt"
"https://www.youtube.com/channel/UCJP_ebm9zbwtp-xNpGrT2tA/","LashSlinger","7","1759","","","","","john elliott shirt"
"https://www.youtube.com/channel/UCabq3No3wXbs6Ut-Pux6SzA/","The TRY Channel","667851","113227378","try.yt.business@gmail.com","","","","john elliott shirt"
"https://www.youtube.com/channel/UCLXzq85ijg2LwJWFrz4pkmw/","Skip and Shannon: UNDISPUTED","1363651","879285045","","","","","john elliott shirt"
"https://www.youtube.com/channel/UC9XMAbRhA8hF0S7BMxlFr4Q/","Deadheadland Films","1837","941743","happycat@deadheadland.com","","","","john elliott shirt"
"https://www.youtube.com/channel/UCnxQ8o9RpqxGF2oLHcCn9VQ/","fantano","788024","139768438","","https://twitter.com/theneedledrop","https://www.facebook.com/theneedledrop","https://www.instagram.com/afantano/","john elliott shirt"
"https://www.youtube.com/channel/UCGr9-VfVwcyB6NNQOAFZFng/","BreathoftheLove","3961","851091","","","","","john elliott shirt"
"https://www.youtube.com/channel/UC50CH2YLP59DxEmjhfRpDww/","James Andre Jefferson Jr.","68120","5733565","BookJamesJ@gmail.com","","https://www.facebook.com/JAMESJEFFERSONJ","http://www.instagram.com/jamesjeffersonj","john elliott shirt"
"https://www.youtube.com/channel/UCvIdN2sgyeyVGWPQD6AnSww/","WHT Archieツ","54","529","deezcoolmen@gmail.com","","","https://www.instagram.com/dat.archie/?hl=en","john elliott shirt"
"https://www.youtube.com/channel/UCN1G9t04hGNYSg9gjjEv37w/","Ryan Holman","22935","29918054","ryanholman20@yahoo.com","https://twitter.com/realRyanHolman","https://www.facebook.com/ryan.holman.9828","","john elliott shirt"
"https://www.youtube.com/channel/UCrOoCdS5Zz55qF0QHvZriyQ/","kucki tea","349599","72554100","johnkuckian@gmail.com","","","","john elliott shirt"
"https://www.youtube.com/channel/UCEF6n7eWTbtIIw4mmw7RKMw/","WooCash","1011","1048242","","","","https://www.instagram.com/realwoocash/","john elliott shirt"
"https://www.youtube.com/channel/UCrRpYEytIHGyDgNWO6VbHlQ/","8D TUNES","6327103","360399040","8dtunes@gmail.com","","https://www.facebook.com/8DTUNES/","https://www.instagram.com/8dtunes/","john elliott shirt"
"https://www.youtube.com/channel/UCzxzZePzXk29lMnjT_pH5Ng/","Eric Elliott Music","21","3825","","","","","john elliott shirt"
"https://www.youtube.com/channel/UCsSkFup_NmFMbMSma5Q8WJg/","artichia","1","5683","","","","","john elliott shirt"
"https://www.youtube.com/channel/UCilwZiBBfI9X6yiZRzWty8Q/","FaZe Rug","13156607","2635248836","nikhil.jayaram@fazeclan.com","https://twitter.com/FaZeRug","","https://www.instagram.com/fazerug/","john elliott shirt"
"https://www.youtube.com/channel/UCi9KRhpH5RxCJeAoR3vpyWg/","Elliott Laude","1","85","","","","","john elliott shirt"
"https://www.youtube.com/channel/UC3EUHH43HUyTS0ISkZYMr7w/","Jacquelyn Elliott","31","48908","","","","","john elliott shirt"
"https://www.youtube.com/channel/UCQg5Y6UFJh0ZjQlCvsY6jgA/","Type1Fishing","271","11736","sneese10@gmail.com","https://twitter.com/_steveneese_","","","john elliott shirt"
"https://www.youtube.com/channel/UCEQhzD1D3YgLGNgSoYhL5yQ/","Runaway With The Clarks","562","6943","RunawayWithTheClarks@gmail.com","","https://www.facebook.com/RunawayWithTheClarks","https://www.instagram.com/RunawayWithTheClarks","john elliott shirt"
"https://www.youtube.com/channel/UC78cxCAcp7JfQPgKxYdyGrg/","emma chamberlain","8384998","851500588","emmafcham.business@gmail.com","","","","john elliott shirt"
"https://www.youtube.com/channel/UC__n5U_xtgtCSyZBfTWnrSw/","D E Robinson","34","23928","dwightrobinson1958@gmail.com","","","","john elliott shirt"
"https://www.youtube.com/channel/UCDDiXrUR7Ms_HvGOokQGPyw/","MrApalacios92","14","20789","","","","","john elliott shirt"
"https://www.youtube.com/channel/UC6ZcAdCLfKT3q_P2Pii8XqQ/","Violette1st","514442","128856399","violette1st@gmail.com","/redirect?q=https%3A%2F%2Fmobile.twitter.com%2Faccount&redir_token=7nb8mvSVzHo7u5TpXHdrfLQxtG18MTU2NzI2NjU0MUAxNTY3MTgwMTQx&event=channel_description","https://facebook.com/violette1st","","john elliott shirt"
"https://www.youtube.com/channel/UCyrkULcST6hSwvnK5qda00A/","Andy Elliott Craft & Creations","692083","106417302","andyjett543@gmail.com","https://twitter.com/Mist8kofficial","http://www.facebook.com/mist8kspage","","john elliott shirt"
"https://www.youtube.com/channel/UCjN0yhG_MuWXllhDf2LPSAw/","Corey","17","","","","","","john elliott shirt"
"https://www.youtube.com/channel/UCSvzIqEPyzF4X2Of93d7VWg/","Adam Evans","28818","3903558","","http://www.twitter.com/itsadamevans","http://www.facebook.com/itsadamevans","http://instagram.com/adamevans/","john elliott shirt"
"https://www.youtube.com/channel/UCtxvq4aq_o6yYQjCXGyuawQ/","PontiacMadeDDG","1610383","100095392","mgmt@mpmpartners.com","","","","john elliott shirt"
"https://www.youtube.com/channel/UCp0hYYBW6IMayGgR-WeoCvQ/","TheEllenShow","33929575","16935747872","","http://www.twitter.com/theellenshow","http://www.facebook.com/ellentv","http://instagram.com/theellenshow","john elliott shirt"
"https://www.youtube.com/channel/UClEw8DgfxufDCVXF3XK-17Q/","Tara Palmer","2","229","","","","","john elliott shirt"
"https://www.youtube.com/channel/UCh6bfniJiqZMpxEMPUn2mMg/","FOREVERMADE","32","10527","","","","","john elliott shirt"
"https://www.youtube.com/channel/UCP2ZlhfKmBciHYuAGrTtYbg/","Arturro45","0","271","","","","","john elliott shirt"
"https://www.youtube.com/channel/UCzGLDaTu81nJDtWK10MniGg/","Mike Thurston","784105","73325385","info@mikethurston.co.uk","https://twitter.com/thethurstonator","https://en-gb.facebook.com/mikethurstonofficial/","https://www.instagram.com/mikethurston/","john elliott shirt"
"https://www.youtube.com/channel/UCt65DQDznu6uPj3IRhySHmw/","Claw Kicker","1950107","329627573","aaronhippster@gmail.com","","","","john elliott shirt"
"https://www.youtube.com/channel/UCixZ1xt2kPT0NIOPCI0JdUQ/","MAF Reactions","4746","667793","Michaelanthonyfitness1@gmail.com","https://www.twitter.com/Mike59902930","","https://www.instagram.com/michael_anthony_fitness/","john elliott shirt"
"https://www.youtube.com/channel/UCC0BPKJxAyxjQoRTYbpW0FQ/","Dallas Cowboys","108390","22854635","","https://twitter.com/dallascowboys","https://www.facebook.com/DallasCowboys/","https://www.instagram.com/dallascowboys/","john elliott shirt"
"https://www.youtube.com/channel/UCg76eGyNejUZiMcY8tbcEOA/","One Down Five Up","1657","142350","androidappreviews2014@gmail.com","","","","john elliott shirt"
"https://www.youtube.com/channel/UCT5CxdCT-qpEtpN3dA_abtQ/","lauren and lizzie","4","27","","","","","john elliott shirt"
"https://www.youtube.com/channel/UCmv1CLT6ZcFdTJMHxaR9XeA/","PTXofficial","17091428","4107693848","","http://twitter.com/ptxofficial","https://www.facebook.com/Pentatonix","http://www.instagram.com/ptxofficial","john elliott shirt"
"https://www.youtube.com/channel/UCraOIV5tXbWQtq7ORVOG4gg/","Quang Tran","1563013","268933910","qtran789@hotmail.com","","","","john elliott shirt"
"https://www.youtube.com/channel/UCyI4XUl1jFtDwFmzfTzdBHw/","MicSky adventures","192","31456","","","","","john elliott shirt"
"https://www.youtube.com/channel/UCYGf511xgBlqRD-_kUyUuTg/","wrestlingdesires4eve","0","477","","","","","john elliott shirt"
"https://www.youtube.com/channel/UCUKxvWVo8lmRXkbTOkqUhGg/","Conan Gray","1459666","118397711","conangraycontact@gmail.com","https://twitter.com/conangray","","http://instagram.com/conangray","john elliott shirt"
"https://www.youtube.com/channel/UCAHXcdRTJKshncnMSaTG-_Q/","Bcade","50","9625","brit.cade@yahoo.com","","","","john elliott shirt"
"https://www.youtube.com/channel/UCy31smm3GNCgbSgYm9hb41Q/","Fanatics View","10271","8282584","","https://twitter.com/fanaticsview","https://www.facebook.com/fanaticsview/","https://www.instagram.com/fanaticsview/","john elliott shirt"
"https://www.youtube.com/channel/UC25Gx5l1R0ifD9wW-Da4q1A/","Bryce Sirianni","0","18","","","","","john elliott shirt"
"https://www.youtube.com/channel/UC_rsJkBJywbuzQZ6u0suboQ/","Judge Mathis - Topic","4737","","","","","","john elliott shirt"
"https://www.youtube.com/channel/UCTvH8DRVs1x7hrVz4PIPsgg/","Taraji907","905","841724","","http://www.twitter.com/LilTiffany90797","","www.instagram.com/LilTiffany90797","john elliott shirt"
"https://www.youtube.com/channel/UCEwsPIsyFH7HpK1opzOawKg/","ramavich","1181","670197","","","","","john elliott shirt"
"https://www.youtube.com/channel/UCIbsE1yXWO8VTyxg_yrpSMQ/","Truthneversleeps","94565","21346371","","https://twitter.com/REALITYBEKNOWN","","","john elliott shirt"
"https://www.youtube.com/channel/UC8NqELb8jExb2d7pYLUvqIQ/","The Smifsonian","1023","2374756","KINGSCOUNTYCINEMACOMPANY@GMAIL.COM","","","","john elliott shirt"
"https://www.youtube.com/channel/UClpOMxHjOSHKXp4dCZsJWrQ/","ChrisAndPops LetMeTellYouWhatHappen","304925","101824070","christianharris122@gmail.com","","","","john elliott shirt"
"https://www.youtube.com/channel/UCNrlEd_A9eG8YsGSlpIm32g/","Peter Lauterkorn","0","2651","","","","","john elliott shirt"
"https://www.youtube.com/channel/UCalog1RvkvLCjGI9uT_TF6g/","Ross Owen Show","2091","525764","ross@therossowenshow.com","http://twitter.com/therossowenshow","https://www.facebook.com/RossOwenShow","","john elliott shirt"
"https://www.youtube.com/channel/UCAvOj9RvwqC05I484Cl7sxQ/","mau5andstuff","830","509669","","https://twitter.com/struan_","","","john elliott shirt"
"https://www.youtube.com/channel/UCVRBVgcRlpF5GfpubkZOLkQ/","Viri","29932","1926099","postwpdd@gmail.com","https://twitter.com/VirisWelt","https://www.facebook.com/VirisWelt","https://www.instagram.com/MonsieurViri/","john elliott shirt"
"https://www.youtube.com/channel/UCZc4H38O7dXFW-xdkSwenxw/","MrsJ.Remble","57","2625","","","","","john elliott shirt"
"https://www.youtube.com/channel/UCbnC8OAyepJHNqh84nJJHig/","Premium Udemy Course Video For Free","139","9467","","","","","john elliott shirt"
"https://www.youtube.com/channel/UCaQ9srG13PIM-N5zZg7o52Q/","Giang Ha","321","30045","","","","","john elliott shirt"
"https://www.youtube.com/channel/UC-gQtNhmxu1QRbMJzSD8Crw/","P.MHarding","485","217125","","","","","john elliott shirt"
"https://www.youtube.com/channel/UCrbacSEqxRkTc0dPy22MQ-Q/","hlamerz","60","59260","","","","","john elliott shirt"
"https://www.youtube.com/channel/UCYC8WCYhCgua9Rq6blBrG5Q/","The PULSE On Tour","13078","3532329","","","","","john elliott shirt"
"https://www.youtube.com/channel/UCnCYcd7zXtS9BhVhGSS-g0w/","Claw kicker Vlogs","20207","1094630","","","","","john elliott shirt"
"https://www.youtube.com/channel/UCE_--R1P5-kfBzHTca0dsnw/","Complex","4109750","1159662339","","https://twitter.com/Complex","https://www.facebook.com/complex","https://www.instagram.com/complex/","john elliott shirt"
"https://www.youtube.com/channel/UCysrC_pdPJE1pHf-ZqPuBOQ/","dabeerguy79","32","22390","","","","","john elliott shirt"
"https://www.youtube.com/channel/UCtj45MepAoKxZoyR_Mnt86Q/","Royal Family","2264125","93053350","","","","","john elliott shirt"
"https://www.youtube.com/channel/UCzVJfCOJDVFTqcTKJ4cSdOw/","Jaylon Smith - Topic","16","","","","","","john elliott shirt"
"https://www.youtube.com/channel/UCtGvWgS1hHKag-JRutk7ZdQ/","Miss Debbie","347","167257","","","","","john elliott shirt"
"https://www.youtube.com/channel/UCl71qV-g-D2XYSxtke1XKmA/","Palm Beach Yorkies","336","130586","","","","","john elliott shirt"
"https://www.youtube.com/channel/UCL-tE0mg5v5HWvEyBZxbN5w/","ButeraMoonlight","76836","11253149","lucastulensj@gmail.com","https://twitter.com/lucartpop","","https://www.instagram.com/butcramoonlight","john elliott shirt"
"https://www.youtube.com/channel/UCFjHsX9UE-Ll28eRJYXyo4A/","Jennifer Daniels","124","21680","","","","","john elliott shirt"
"https://www.youtube.com/channel/UC2mK990tp7umnN6Y-DEGpDg/","Tim McGraw","717019","370312952","","https://twitter.com/TheTimMcGraw","https://www.facebook.com/TimMcGraw","http://instagram.com/thetimmcgraw","john elliott shirt"
"https://www.youtube.com/channel/UCoDWhlADp4hBBOhyB3zWgCQ/","ArmSerials2013","348","348873","","","","","john elliott shirt"
"https://www.youtube.com/channel/UCkZedtLWJqlLtbsQ9F2lbqQ/","Deborah Mahmoudieh","833","108732","","","","","john elliott shirt"
"https://www.youtube.com/channel/UCjGXTJLscVwNMlvNTleK5IA/","Francesca Tesorone","1022","890106","","","","","john elliott shirt"
"https://www.youtube.com/channel/UC3XTFKGGTrE18n4rbBnSlUQ/","Xaladia","43","9838","snideradam92@gmail.com","https://twitter.com/CyclinShadow","https://www.facebook.com/shadowandxena","https://www.instagram.com/shadxena","john elliott shirt"
"https://www.youtube.com/channel/UC-h6GnwsbTiEjBKTH49Jtmg/","NiPaHYAOIDuCKy37","1820","447746","","","","","john elliott shirt"
"https://www.youtube.com/channel/UCJ5v_MCY6GNUBTO8-D3XoAg/","WWE","47831341","35204624817","","","","","john elliott shirt"
"https://www.youtube.com/channel/UCKO0UNHzD5RRcSNeIwrHEdg/","robertsVA24","49","43241","","","","","john elliott shirt"
"https://www.youtube.com/channel/UC4MLBEQg-PU01Fxj-xXtnSA/","Maddy Reese","12750","2391886","","","","","john elliott shirt"
"https://www.youtube.com/channel/UCIi-_AvByj-doSsmiXRNuDg/","BlackReality TV","5093","1951904","","","","","john elliott shirt"
"https://www.youtube.com/channel/UCjn6FwvPeH2NjwNTz0OOpcA/","Keyoria and Arrius","25","577","","","","","john elliott shirt"
"https://www.youtube.com/channel/UCxca_6zloKOyPJF_DnSqtKw/","DJ Smallz Eyes 2","954321","363817317","kim@djsmallzeyes.com","http://www.twitter.com/djsmallzeyes","http://www.facebook.com/djsmallzeyes","http://www.instagram.com/djsmallzeyes","john elliott shirt"
"https://www.youtube.com/channel/UCdRPlNHOxipskqKWeWjFLCA/","Lorenzo Bertocchini - Topic","13","756","","","","","john elliott shirt"
"https://www.youtube.com/channel/UCecHkeh9W3BM4_Zmp7_FVeQ/","KINGMERLIN2010","203","558107","","","","","john elliott shirt"
"https://www.youtube.com/channel/UC21LBTN66AkhehxaYr8Vowg/","Naiah and Elli Toys Show","","877752582","mamicraycray@gmail.com","","https://www.facebook.com/NaiahandElli/","https://www.instagram.com/naiahandelli/","john elliott shirt"
"https://www.youtube.com/channel/UCTr-klXfdXmrU9FEP987ueg/","Josh Peck","3320606","228021737","Peckagent@gmail.com","https://twitter.com/ItsJoshPeck","https://www.facebook.com/joshpeckofficial/","https://www.instagram.com/shuapeck/","john elliott shirt"
"https://www.youtube.com/channel/UCVHKdx_9GUZ43-dYj6WEjBg/","Khiyla Aynne","49284","10011877","khiyla.aynne@gmail.com","https://twitter.com/khiyla_aynne","https://m.facebook.com/khiylaaynne/","https://www.instagram.com/khiyla_aynne/","john elliott shirt"
"https://www.youtube.com/channel/UCe91e7L0V7eQAcaMo2rMg1w/","Shaw na","1963","124035","shawnamchighway@web.de","https://twitter.com/Black_Pearl_x3","https://www.facebook.com/pages/Shawna-McHighway/115598071894392","http://instagram.com/shawnamchighway","john elliott shirt"
"https://www.youtube.com/channel/UCg-zGBHwFkUetGY-OQlPWHw/","Nino44ka","461","400127","newfanrobstenrus@gmail.com","","","","john elliott shirt"
"https://www.youtube.com/channel/UCEVXR1AssM1rIiEFNBJEZHA/","Dynamic Banter Animated","2104","59347","leeparker2014@gmail.com","","","","john elliott shirt"
"https://www.youtube.com/channel/UCnUaLXzydjdr2JLUzD66LhA/","Swell Tone","1215","135036","","","","","john elliott shirt"
"https://www.youtube.com/channel/UCBkRQtxofyXr09mWtgoUUqw/","LCFC","91962","18166508","content@lcfc.co.uk.","https://www.twitter.com/lcfc","https://www.facebook.com/lcfc","https://www.instagram.com/lcfc","john elliott shirt"
"https://www.youtube.com/channel/UCxdJpQWs2QAC2IbbioK1cfg/","Heather McCrory","11","714","","","","","john elliott shirt"
"https://www.youtube.com/channel/UCUebubwSuTHfHjWJI4gCS9A/","Joyner Lucas","3687456","817308134","","","","/redirect?redir_token=y9moinQpqQdPzIFDMgnHssMydJh8MTU2NzI2NjYxNEAxNTY3MTgwMjE0&event=channel_description&q=https%3A%2F%2Fwww.instagram.com%2Fjoynerlucas%2F%3Fhl%3Den","john elliott shirt"
"https://www.youtube.com/channel/UC04aufeY13IIaeR7kJFyQCA/","Antenna TV","11513","1935066","","","","","john elliott shirt"
"https://www.youtube.com/channel/UCKxcpBgqP6eIpijCThQBcfw/","SpaceAgeBandits","918","2560","lastshogun@gmail.com","https://twitter.com/SpaceAgeBandits","/redirect?q=http%3A%2F%2Fwww.facebook.com%2Fspaceagebandits&redir_token=fpvTb-iEaIez7Z_EcswVAMuUhT18MTU2NzI2NjYxNUAxNTY3MTgwMjE1&event=channel_description","","john elliott shirt"
"https://www.youtube.com/channel/UCphp36eGq0lzmZBCaepuX7g/","Ellie Thumann","1911476","84150016","erica@nextmanagement.com","https://twitter.com/elliethumann","","https://www.instagram.com/elliethumann/","john elliott shirt"
"https://www.youtube.com/channel/UCg7fImfJ9TZnQ6zBMjsmF2A/","ElitewunENT","189","630493","","","","","john elliott shirt"
"https://www.youtube.com/channel/UCKfjZFLfsh6hJXYS3M5g9QQ/","Alenya Msp","814","70280","","","","","john elliott shirt"
"https://www.youtube.com/channel/UCu1i-IHR4lzTwgdYWYcmGHw/","Xavier Yanez","16","76183","","","","","john elliott shirt"
"https://www.youtube.com/channel/UC0hVzKEry2ApIciZYfrLKTw/","CHANDLER ALEXIS","784059","22905559","chandleralexisg@yahoo.com","http://twitter.com/chandleralexiss","","http://instagram.com/chandleralexiss","john elliott shirt"
"https://www.youtube.com/channel/UCfSZh4iX34T-QOgTDT_IAWQ/","5anely1nsane","0","40","","","","","john elliott shirt"
"https://www.youtube.com/channel/UCK1VziWx7OjyqQ8FdNm3BYg/","The Snap Mom","839","446935","admin@thesnapmom.com","http://www.twitter.com/thesnapmom","http://www.facebook.com/thesnapmom","http://www.instagram.com/thesnapmom","john elliott shirt"
"https://www.youtube.com/channel/UCBdlWHOZkcEWAiibQ18Fxzg/","Elliott Kennell","8","300","","","","","john elliott shirt"
"https://www.youtube.com/channel/UCr0pdXBJI2UURwSu2pLvqIA/","Aussie Stitcher","1343","41164","","","","","john elliott shirt"
"https://www.youtube.com/channel/UCJOWNCVbtPnDI--jg6h6gsQ/","HAPPY MARSHMALLOW","98","7402","","","","","john elliott shirt"
"https://www.youtube.com/channel/UCEJeWqz3WNUEUA46eZ3crdA/","Travis Elliott","22","","","","","","john elliott shirt"
"https://www.youtube.com/channel/UCXdNp60K4e3wX2w32943AMQ/","Haylee Rose","322","","","","","","john elliott shirt"
"https://www.youtube.com/channel/UCuBZzvmpXh2H_swpBmtAzcA/","The Prince & Me 2: The Royal Wedding - Topic","184","","","","","","john elliott shirt"
"https://www.youtube.com/channel/UC4_b8x4AAEWWL-NMwHGEFDA/","Jaina Blue","802","258958","","","","","john elliott shirt"
"https://www.youtube.com/channel/UC9-bZXcZh4x-qCKVIDZRxLw/","xdienever369","12","85561","","","","","john elliott shirt"
"https://www.youtube.com/channel/UCM5bBKn9yCRjmtOaVz96tQw/","fortnite gangster","30","291","","","","","john elliott shirt"
"https://www.youtube.com/channel/UCQEuvNSwlTcc7qB87FWTj6g/","seventhisiseightyand","197","122553","","","","","john elliott shirt"
"https://www.youtube.com/channel/UCue7deI8Ei78gi_HzsfeTVw/","Kyle Worrall","48","2576","kyle@inclusiveleisure.com","","https://www.facebook.com/inclusiveleisurecic/","","john elliott shirt"
"https://www.youtube.com/channel/UC-CuWKpnLT8M8JJiZD8JGAg/","P.A. Highlights","767","291891","","","","","john elliott shirt"
"https://www.youtube.com/channel/UCqIWe1nSlsnpwGOsd2fDUJA/","Hamilton Evans","567301","88804603","hamiltonevans@me.com","http://www.twitter.com/MrHamiltonEvans","https://www.facebook.com/mrhamiltonevans/","http://www.instagram.com/MrHamiltonEvans","john elliott shirt"
"https://www.youtube.com/channel/UCiws6gVTS9pPDtWolxyx6TQ/","The Humbler - Danny Gatton Movie","1339","302832","vq@qmediainc.com","","https://facebook.com/thehumblermovie","","john elliott shirt"
"https://www.youtube.com/channel/UC_bkibbpt6IbfdFItGni6dA/","James Elliott","29","843","","","","","john elliott shirt"
"https://www.youtube.com/channel/UCEEAAsxmEWQxhL3Hurexluw/","Jesse Joyner","788","199031","","","","","john elliott shirt"
"https://www.youtube.com/channel/UC_WEuPErJhpwbi0_qoRDdKw/","Backwords Dude","5819","407911","backwordsdude@gmail.com","https://twitter.com/Backwordsdude","https://www.facebook.com/backwordsdude","https://www.instagram.com/backwordsdude/","john elliott shirt"
"https://www.youtube.com/channel/UCXU6v5E1NruZgxhfYhYZy5g/","CubeFreakdotse","23","17016","","","","","john elliott shirt"
"https://www.youtube.com/channel/UC_C91zAgoYLmhloIE7Fm-PQ/","MicahTube","21","5432","","","","","john elliott shirt"
"https://www.youtube.com/channel/UCklO57qswo2ZMsGA0PTEsyw/","Vaping Vigilante","5154","399497","vapingvigilante@gmail.com","","","","john elliott shirt"
"https://www.youtube.com/channel/UC0wEHQWHlbeMCGFp4pkzMGQ/","Rays Sim","1355","107330","","https://twitter.com/RaysSimYoutube","","","john elliott shirt"
"https://www.youtube.com/channel/UCelMeixAOTs2OQAAi9wU8-g/","CookieSwirlC","12128708","11821835991","cookie@cookieswirlc.com","","","/redirect?event=channel_description&redir_token=-nCYa0AGgsxUYXwkbpnmsokVIBh8MTU2NzI2NjY0NUAxNTY3MTgwMjQ1&q=http%3A%2F%2Finstagram.com%2Fcookieswirlc","john elliott shirt"
"https://www.youtube.com/channel/UCaWP0azI2b1f103Sfcnx9Ow/","NJDI100","6","439","","","","","john elliott shirt"
"https://www.youtube.com/channel/UCttJl2MRMf__Zw2O6vITYYQ/","The AthElite","","5949","info@theathelite.com","","","","john elliott shirt"
"https://www.youtube.com/channel/UCL_WudyCQCpW0EGzRARqdbg/","DannyGirlPhoto","113","97590","","","","","john elliott shirt"
"https://www.youtube.com/channel/UCpRR0hc_dEznnWTR47QdHrQ/","Danilo Donor Jr.","213","60455","","","","","john elliott shirt"
"https://www.youtube.com/channel/UCxicnt2yicR3AyqaPmfrzrw/","Ernest Dorema","313","226125","","","","","john elliott shirt"
"https://www.youtube.com/channel/UC3jEpMT-q9dLuSv-bwh1TAQ/","Inactive Account","119","3731","","","","","john elliott shirt"
"https://www.youtube.com/channel/UC1km81vLfevFJ7br4WXeWIQ/","CHAOS FIELD","317","634525","","","","","john elliott shirt"
"https://www.youtube.com/channel/UCE5MflTtt9jLUPxVYLt1UyQ/","iKingMusic","2487","1706996","","","","","john elliott shirt"
"https://www.youtube.com/channel/UCm4D8xoFmyi5mn3RLvM-AqQ/","Alaia Mion","1047","93929","","","","","john elliott shirt"
"https://www.youtube.com/channel/UCwNl-CuRJ4Ag0S9m9i565kw/","Paintspiration","1964","269170","paintspirationart@gmail.com","","","","john elliott shirt"
"https://www.youtube.com/channel/UCCtJiPwiJwgIV7VjcITxDPw/","Caught on Camera","1255","926858","","","","","john elliott shirt"
"https://www.youtube.com/channel/UCz-wbrm14wX6XQdZVfTiT3g/","Barefoot Sailing Adventures","66926","14828485","","","","","john elliott shirt"
"https://www.youtube.com/channel/UCd62milRCQ_FzFbEzliEJ4A/","joshua celichowski","5","1763","","","","","john elliott shirt"
"https://www.youtube.com/channel/UCUyiJVAfw0HAEdOaNWHlI9g/","Queens & Kings Cruisers United w/Angela Wesley","13","471","","","","","john elliott shirt"
"https://www.youtube.com/channel/UCCcBM7YZO2LCBqMg3rvxoeQ/","reitmayer101","12","7971","","","","","john elliott shirt"
"https://www.youtube.com/channel/UC3Op4eLcvvqYhYOymgpVuxw/","Raven Town","134","95007","","","","","john elliott shirt"
"https://www.youtube.com/channel/UCz0uk3kMm0_PNwXLwrZH_hA/","dovefully","35","66129","","","","","john elliott shirt"
"https://www.youtube.com/channel/UC8ePCyTWGpanx_fdiwIyvOA/","Gvidas Reistaitis","45","8572","","","","","john elliott shirt"
"https://www.youtube.com/channel/UCi-gnN4KDy77dR7yL8T5_3w/","Jeremy Skoorka","252","74926","","","","","john elliott shirt"
"https://www.youtube.com/channel/UCsjajpnBDVv1IZsoXavIYxQ/","elliott the ram","13","535","","","","","john elliott shirt"
"https://www.youtube.com/channel/UC8X_TeXkafqoiNlxDTUOFyg/","CaiCulture","","","thecaiculture@gmail.com","","","","john elliott shirt"
"https://www.youtube.com/channel/UCGyF4Tv--tr8vEKqhOsJ43g/","Tea Time With Janet","74","23634","","","","","john elliott shirt"
"https://www.youtube.com/channel/UCtA1BiFtoduet79sDubGz7A/","JR Rivas","5320","232010","JR@JRrivas.com","","","https://www.instagram.com/thejrrivas/","john elliott shirt"
"https://www.youtube.com/channel/UCNtSK91wpZQOXCx3jVzTVIg/","JOSHUA KISUULI","5","718","","","","","john elliott shirt"
"https://www.youtube.com/channel/UCo6YuJrM1rytzypwmFjKiMQ/","Mashup Ketchup","5699","2079952","mashupketchupz@gmail.com","","","","john elliott shirt"
"https://www.youtube.com/channel/UChkI3w7VM-_P7ajW3ouu-7Q/","Silver Addie Fun Pack","1134","216947","","","","","john elliott shirt"
"https://www.youtube.com/channel/UCIX5NKnfwyI1N93TnW2dLwA/","NeickhaSuPRA","178","11757","","","","","john elliott shirt"
"https://www.youtube.com/channel/UCyq-_y9ZD4-le8INzpMKFAw/","doomthang","23","11392","","","","","john elliott shirt"
"https://www.youtube.com/channel/UCTxNvnH2mN-zkuIJ5H6bpmw/","stefan matte","1","208","","","","","john elliott shirt"
"https://www.youtube.com/channel/UClyx3YKReGVFx966s0NeZcw/","Sreeja Kk","1687","1485389","","","","","john elliott shirt"
"https://www.youtube.com/channel/UCj-jHfmPvyDYOkO4qoQx7RQ/","EL GapO 6173","10","1","","","","","john elliott shirt"
"https://www.youtube.com/channel/UCLP8eYvuRqSKOTkq419tdUQ/","Chris James","14","56297","","","","","john elliott shirt"
"https://www.youtube.com/channel/UCrjzITPXJt6VSvDsr11_fpw/","Saint Bonney","1","1932","","","","","john elliott shirt"
"https://www.youtube.com/channel/UCAlqfDHtZt6BLN8SEVBy8og/","vinko111","238","1106506","","","","","john elliott shirt"
"https://www.youtube.com/channel/UC-3_vNlzF2EOW7s8n2keciQ/","Dave Coutts","217","118346","","https://twitter.com/TheCouttsy","","","john elliott shirt"
"https://www.youtube.com/channel/UCqH1NQS4EcGPeP98Zs2MzNQ/","LilDeezy","182","21039","","","","","john elliott shirt"
"https://www.youtube.com/channel/UClp1rLKkkTk5G7jwXXabQjQ/","Fay with Love","765","92922","","","","","john elliott shirt"
"https://www.youtube.com/channel/UCoocMG5lMACNKgpvqKay2lg/","TheTimTracker","692912","269696534","","http://www.twitter.com/thetimtracker","http://facebook.com/TheTimTracker","http://www.instagram.com/TheTimTracker","john elliott shirt"
"https://www.youtube.com/channel/UCZxmV14ccZE5xMftZZ92ykg/","DerWahnsinn","527","159342","Steven@DerWahnsinn.tv","","http://Facebook.com/DerWahnsinn.tv","/redirect?q=http%3A%2F%2Fwww.Instagram.com%2FDerWahnsinn.tv&event=channel_description&redir_token=jwWdOgObIPYlVOJUm3y27LyujHR8MTU2NzI2NjY3MkAxNTY3MTgwMjcy","john elliott shirt"
"https://www.youtube.com/channel/UCtu6mVfhWcs7S9D1gPvVPBA/","3Light3Phoenix3","212","899086","SlightXphoenixE@hotmail.com","","","","john elliott shirt"
"https://www.youtube.com/channel/UCJ0uqCI0Vqr2Rrt1HseGirg/","The Late Late Show with James Corden","20505328","6378693417","","https://twitter.com/latelateshow","https://www.facebook.com/latelateshowcbs","https://instagram.com/latelateshow","john elliott shirt"
"https://www.youtube.com/channel/UC8c_82FyqE6cVwZ5VWLdZYQ/","Isaac Tualaulelei","2375","418673","isaac.tee@gmail.com","","","","john elliott shirt"
"https://www.youtube.com/channel/UC6OyAPwBS23BGvPjidUJaig/","The Disabled Chef","29","1745","info@thedisabledchef.com","https://twitter.com/thedisabledchef","https://www.facebook.com/thedisabledchef/?fref=ts","https://www.instagram.com/the_disabled_chef/","john elliott shirt"
"https://www.youtube.com/channel/UC6jIUbbPa44utrUtujuOv0w/","Ciara Kehoe","60","403397","","https://twitter.com/katycat_ciara","http://www.facebook.com/ciara.kehoe2","","john elliott shirt"
"https://www.youtube.com/channel/UCreUdPDUBpXb_fKWrirTE8g/","diogofixe23","285","968559","","","","","john elliott shirt"
"https://www.youtube.com/channel/UCooytUjOtPrZFfew3NyBCCQ/","Cerissa S","9","2235","","","","","john elliott shirt"
"https://www.youtube.com/channel/UCgUdJXqc4zlcCXCKiNfhYag/","Shannon Dengate","3418","4432553","","","","","john elliott shirt"
"https://www.youtube.com/channel/UCZfthxbTMrZ_R0as5pnUt3g/","53b45Gino","121","291267","","","","","john elliott shirt"
"https://www.youtube.com/channel/UCFdAw-LjAppIhDhECsPZU8A/","Rene Rodriguez","38","5037","","","","","john elliott shirt"
"https://www.youtube.com/channel/UCcPsBa0K-s4T43HWHH74okg/","JC Mounduix","1950","91592","jc@fivehudson.com","","","","john elliott shirt"
"https://www.youtube.com/channel/UCzCnQQpy7Q1wPu7-azNy93w/","Mina Mutia","81","10969","","","","","john elliott shirt"
"https://www.youtube.com/channel/UCz9naptbtSmcTxxfuz1CUbw/","Wendy Heaslip","14","11039","","","","","john elliott shirt"
"https://www.youtube.com/channel/UC4-TgOSMJHn-LtY4zCzbQhw/","ShawnMendesVEVO","11274161","6875326382","","https://twitter.com/shawnmendes","https://www.facebook.com/ShawnMendesOfficial","http://instagram.com/shawnmendes","john elliott shirt"
"https://www.youtube.com/channel/UCwQ8EwXI1WbkcKwEqTJUOGQ/","Cardinal Productions","545","477019","THECardinalProductions@gmail.com","","","","john elliott shirt"
"https://www.youtube.com/channel/UCr27fn7n5flUyY5ldkIlIVA/","GRIT Ready","131","45642","","","","","john elliott shirt"
"https://www.youtube.com/channel/UCORy0Yqzd8bVj2Gb4xyq6HA/","Dan Patrick Show","121919","101772736","","https://twitter.com/dpshow","http://www.facebook.com/thedanpatrickshow","https://www.instagram.com/danpatrickshow","john elliott shirt"
"https://www.youtube.com/channel/UCIlsSCIV8bD6MkLnjJc8mkQ/","2Live Dance Studio","696","120655","info@2livedancestudio.com","","http://www.facebook.com/2livedance","http://instagram.com/2livedancestudio","john elliott shirt"
"https://www.youtube.com/channel/UCeFlX-ubNNBd_4RC45PMIsw/","Colleen McDonald","2","3","","","","","john elliott shirt"
"https://www.youtube.com/channel/UCr54TDxJAlozXC8PyhxuCFg/","Bryan Horton","3","2418","","","","","john elliott shirt"
"https://www.youtube.com/channel/UCWRRx-YaJ3-Nbr8EjOlYuZQ/","Société RectoVerso","15","2028","","","","","john elliott shirt"
"https://www.youtube.com/channel/UC8uALAZSQYtgbeHsB7pfecw/","Chris McCoy","65","17076","","","","","john elliott shirt"
"https://www.youtube.com/channel/UC3vyw2rjtGqEMZu71KCsaBQ/","Chris Messina","11","25999","","","","","john elliott shirt"
"https://www.youtube.com/channel/UCXb8QXriRMN5djScgqaN2WQ/","Freddy Semino","152","132500","","","","","john elliott shirt"
"https://www.youtube.com/channel/UCsKeqoKOs-VURgYim7u1amQ/","LaDarius Smith","5","1903","","","","","john elliott shirt"
"https://www.youtube.com/channel/UCzolV30aJ-9rkZNoIzqfsVA/","Noelle Brittany","1","31","","","","","john elliott shirt"
"https://www.youtube.com/channel/UC-kInUGED7vQCtAdWvgCFCQ/","Brian de Goede","3","","","","","","john elliott shirt"
"https://www.youtube.com/channel/UCCJDIJ2OgwVVbXpy_wj2iPw/","The Palmer Squares","46472","17139951","brandon@stankfacerecords.com","","","","john elliott shirt"
"https://www.youtube.com/channel/UCqDXQCBwy14msFYcb__kx9g/","Christine Melton","23","15693","","","","","john elliott shirt"
"https://www.youtube.com/channel/UCHdUYLVOmdDoSMv9UJ66Wiw/","janee peat","0","","","","","","john elliott shirt"
"https://www.youtube.com/channel/UCZfUCiPCNtic6t6lNKvEANw/","RE Flipz","12","613","","","","","john elliott shirt"
"https://www.youtube.com/channel/UCO4AncltRFpjXqostly0CMw/","Sandy Costa","11","8149","","","","","john elliott shirt"
"https://www.youtube.com/channel/UCbtrKlKbLVdqnt4guYXKUWg/","Jessica Ward","221","95775","jessica@lovesweetmess.com","https://twitter.com/lovesweetmess","https://www.facebook.com/pages/Love-Sweet-Mess/447719421966177","http://instagram.com/reallyjessicarose","john elliott shirt"
"https://www.youtube.com/channel/UCcqhs8KFQYh74jSpHed7RXA/","NEO TRY","314","51339","spdhxmfkdl@gmail.com","","","","john elliott shirt"
"https://www.youtube.com/channel/UCQKBeeify26Fkaj3mJ68Mvw/","Nishan Nepal","406","31812","","","","","john elliott shirt"
"https://www.youtube.com/channel/UCXldbCcTRorvFMsnkj_Qhjg/","Konvict Nation Fitness","65","8051","","","/redirect?q=https%3A%2F%2Fwww.facebook.com%2FKonvictNation%3Fref%3Dhl&event=channel_description&redir_token=5mehrQQYLf7gGJgBHBas2rL7N0p8MTU2NzI2NjY5NEAxNTY3MTgwMjk0","","john elliott shirt"
"https://www.youtube.com/channel/UCDfXycz1ZTvwQ-IYcfaIieA/","Brian Baggett","351","110586","","","","","john elliott shirt"
"https://www.youtube.com/channel/UC84NiYS44okQhDITtzpQl4g/","FR UNBOXING","8296","862352","maxoune244@gmail.com","","","","john elliott shirt"
"https://www.youtube.com/channel/UCJ7Q6lbtapY7WvBXNMZxN2A/","notoya blackwood","0","","","","","","john elliott shirt"
"https://www.youtube.com/channel/UCowUuAY8U3h9USRmNPHLVmQ/","Mourad Kerdjoudj","0","","","","","","john elliott shirt"
"https://www.youtube.com/channel/UCw4BAU6QV-A9KLfn7OPGLMQ/","Jessica Clark","2820","1602693","","","","","john elliott shirt"
"https://www.youtube.com/channel/UCCxAaB13m2RvAvIAdlZBunw/","Nick Andersson1411","25","8317","","","","","john elliott shirt"
"https://www.youtube.com/channel/UC-Ottg2Ls-lAUEnBN_HcCQg/","Zildjian 65","1215","49547","zildjian66xbox@gmail.com","https://twitter.com/Zildjian65YT","","/redirect?event=channel_description&q=https%3A%2F%2Fwww.instagram.com%2Fzildjian_65%2F&redir_token=AebqWpT8YWe3jq3EeXlIWAaIQ1d8MTU2NzI2NjY5N0AxNTY3MTgwMjk3","john elliott shirt"
"https://www.youtube.com/channel/UCsoyEBbkIdvKvRbUFAIc4IA/","Garrett Baratheon","2","220","","","","","john elliott shirt"
"https://www.youtube.com/channel/UCoSdnWrVVIJJUsHku6BS9Yg/","Preston Bear","63","45370","","","","","john elliott shirt"
"https://www.youtube.com/channel/UCxkZJXbFOIXprkN0bBCwrSA/","Michael Henry","6","6023","","","","","john elliott shirt"
"https://www.youtube.com/channel/UCh4e-gBSvO0kSbePshn_7Vw/","TheSkyliner 99","229","225818","","","","","john elliott shirt"
"https://www.youtube.com/channel/UCrc08D9e80BC-XaUCfVmQUQ/","Jackson Taylor","60","14058","","","","","john elliott shirt"
"https://www.youtube.com/channel/UCuqLUDNwwQzpLfuaEI1IIXQ/","Felicia Marie","1379","4420803","","","","","john elliott shirt"
"https://www.youtube.com/channel/UCICxr6b0oLMROvbyHN-2hLg/","ReneishaJ_89","2575","1805640","","","","","john elliott shirt"
"https://www.youtube.com/channel/UCwtnkRZcvL4bfopzJ-Von8Q/","merrelltwins","4664290","910754172","mtyoutube@merrelltwins.com","https://twitter.com/@merrelltwins","","http://instagram.com/merrelltwins","john elliott shirt"
"https://www.youtube.com/channel/UC97sCFozWblpaYlEEMQ-Z2w/","Iain Matthews - Topic","247","183131","","","","","john elliott shirt"
"https://www.youtube.com/channel/UCTIvAS5xVYG5gxL8BvqCUuQ/","Joseph mccalla-bennett","0","","","","","","john elliott shirt"
,,,,,,,,
"https://www.youtube.com/channel/UCaaEG4SbZK5v7nbJiQqPYNw/","ghetto funk","3237","1688281","ghettofunkerz@gmail.com","","","","john elliott shirt"
"https://www.youtube.com/channel/UCwx7RUlUXfNFW7WUGMoVmpw/","Roxanne Toussaint","224","95398","","","","","john elliott shirt"
"https://www.youtube.com/channel/UCjlFxGcbrRu_rqHICd07jAg/","Jno Fra","17","8266","","","","","john elliott shirt"
"https://www.youtube.com/channel/UCegbxHN3uNLPHSTnXyLp2qg/","Even Moe","98","23993","","","","","john elliott shirt"
"https://www.youtube.com/channel/UCBeSOdzGryDHtjEo_MBwQaQ/","Alya Channels","83","76299","","","","","john elliott shirt"
"https://www.youtube.com/channel/UCTStnm8EL0fpq3chraYFomQ/","Finnigan Bunny","133","680667","","","","","john elliott shirt"
"https://www.youtube.com/channel/UCYl0C0GVHVJbUJUyJkzj5XQ/","Massive Iron - Steve Shaw","53893","11825421","steve.shaw@tigerfitness.com","","https://www.facebook.com/pages/The-Bearded-Beast/469569409767965","https://www.instagram.com/bendthebarman/","john elliott shirt"
"https://www.youtube.com/channel/UC2dkHjS8vRJi-sLEBE3AMbg/","Brandon Letourneau","34","39538","","","","","john elliott shirt"
"https://www.youtube.com/channel/UCjf2hW9akG1kHUO-2bVQhrQ/","Plant Based Cristobal","513","105155","PlantBasedJiuJitsu@gmail.com","https://twitter.com/PlantBasedCris","https://www.facebook.com/PlantBasedCristobal/","https://www.instagram.com/plantbasedcristobal/","john elliott shirt"
"https://www.youtube.com/channel/UCLibt6le7oLz12qPcyJcdQA/","Bryn Richards","7","1059","","","","","john elliott shirt"
"https://www.youtube.com/channel/UCH8TJfSjhRvdfbU5oIMDN2A/","Park Kimok","335","505606","","","","","john elliott shirt"
"https://www.youtube.com/channel/UCL6mGOeChhTdi-7TTMjXw4g/","spahrkuhlz","55","26674","","","","","john elliott shirt"
"https://www.youtube.com/channel/UC_kgyYEohikIfVz2OYf9XXg/","Stefano Ballini","366","262048","","https://twitter.com/Stefanoballini","https://www.facebook.com/stefano.ballini","","john elliott shirt"
"https://www.youtube.com/channel/UCJmIQzF7JRrRowofXgCspnw/","Merge suggs","46","4417","","","","","john elliott shirt"
"https://www.youtube.com/channel/UCOTPo2y-NHJjg1EuENrxypA/","First Things First: Cris Carter and Nick Wright","399079","233806370","","","","","john elliott shirt"
"https://www.youtube.com/channel/UCj4JOZ3jvgkHPYew0ksfDZw/","Self Defense Tutorials","23631","1782175","","","","","john elliott shirt"
"https://www.youtube.com/channel/UCKQ__yR4ZCcKf5wooQI4PsQ/","bogdan catuna","72","48607","","","","","john elliott shirt"
"https://www.youtube.com/channel/UCJf_lyMXsBLm58fdU1nI15Q/","INSPORT ECUADOR","5","385","","","","","john elliott shirt"
"https://www.youtube.com/channel/UC0KiGuCTrehqzSQ7ikjxSQw/","Patricia Bright","2801307","287491472","patstrueworld@gmail.com","https://twitter.com/PattyOLovesU","","https://www.instagram.com/thepatriciabright","john elliott shirt"
"https://www.youtube.com/channel/UCBRK7HMQol57qW9nlbZwEQg/","Nia-Imani Scriven","192","67393","","https://twitter.com/iamniaimani","https://www.facebook.com/pages/Nia-Imani-Scriven/148389015258578","http://www.instagram.com/iamniaimani","john elliott shirt"
"https://www.youtube.com/channel/UCBiLDVkFTrxrpRdZD0EHWtA/","Express Entertainment","178","151978","","","","","john elliott shirt"
"https://www.youtube.com/channel/UCqaawy6VuqBqjLlEqIKaBVQ/","Eve ziliani","4","1755","","","","","john elliott shirt"
"https://www.youtube.com/channel/UCj73SDRJ1OwhFdWesEdZkPQ/","Terry Renna","8","1438","","","","","john elliott shirt"
"https://www.youtube.com/channel/UCyw9x3WPjF1fCInS8fNQSow/","THANKYOU","1051","56391","","","","","john elliott shirt"
"https://www.youtube.com/channel/UCzHrfjP2QEI9kbArXEWtusA/","Elina Olegovna Obeh","278","","Elinaolegovnaobehx@gmail.com","","","","john elliott shirt"
"https://www.youtube.com/channel/UCLEVszgKECp0PVshKbWKkZg/","David Perkins","2902","4466027","","","","","john elliott shirt"
"https://www.youtube.com/channel/UCNCOQZXW4ItnEfeEifK3k3A/","Suzie Grime","54994","4483046","Suzie.Grime@Ymail.com","https://twitter.com/SuzieGrime","https://de-de.facebook.com/suzie.grime/","http://instagram.com/suziegrime","john elliott shirt"
"https://www.youtube.com/channel/UCvOH-ZOWZuFwSXIlYmoNnHw/","Lex Push","222","232303","","","","","john elliott shirt"
"https://www.youtube.com/channel/UC6VzvVENQI3N4pf7uBl0_Vg/","to fast60","74","2150","","","","","john elliott shirt"
"https://www.youtube.com/channel/UCkWavEELC27dYvXG4uTVouw/","Samuel Ford","86","18710","","","","http://instagram.com/icametovine247","john elliott shirt"
"https://www.youtube.com/channel/UCQiRyxIXweOQO12dhreeexA/","Savage BJJ","4","","","","","","john elliott shirt"
"https://www.youtube.com/channel/UC_2V6wedEILLiBYUWKYSkfg/","萩原くるみ","1","3034","","","","","john elliott shirt"
"https://www.youtube.com/channel/UCU246SBu5aaPUr72-mYO2wA/","ijustplaybass af","826","68715","","","","","john elliott shirt"
"https://www.youtube.com/channel/UC_kTcEpCbG_sUox_PAPgEfw/","Jonathan Fehnel","37","65246","","","","","john elliott shirt"
"https://www.youtube.com/channel/UCNr69PysJ9r909bBHYrgwHQ/","Luke Seinen","533","461705","","","","","john elliott shirt"
"https://www.youtube.com/channel/UC6E2mP01ZLH_kbAyeazCNdg/","Brave Wilderness","14763770","2772681193","","https://twitter.com/COYOTEPETERSON","https://www.facebook.com/bravewildernessnetwork","http://instagram.com/bravewilderness","john elliott shirt"
"https://www.youtube.com/channel/UC06fO6LNH_AUgjbmqaZRV5Q/","The Samurai Carpenter","709895","77454768","jessedegeest@gmail.com","","","","john elliott shirt"
"https://www.youtube.com/channel/UCETKzMpordBvuEfUc7zunKQ/","Caiden Fratangelo","365","22707","","","","","john elliott shirt"
"https://www.youtube.com/channel/UCsB0LwkHPWyjfZ-JwvtwEXw/","Achievement Hunter","1641076","787850070","info@achievementhunter.com","","","","john elliott shirt"
"https://www.youtube.com/channel/UCFORCJpgRhpm6QZXzDyVVmw/","The Hold Steady - Topic","186","324296","","","","","john elliott shirt"
"https://www.youtube.com/channel/UC8FTpzJaYnXmYwtzncKuFEw/","Phenom Fitness","2089","838267","","","https://www.facebook.com/pages/Phenom-Fitness/166180873535747","http://instagram.com/phenom__","john elliott shirt"
"https://www.youtube.com/channel/UCUHfb6FcOjaKjzJo2nGIUAg/","Mma Adidas","1146","105697","","","","","john elliott shirt"
"https://www.youtube.com/channel/UC9oRZkmhMI9Hr6i3Y2yGG_Q/","James Tiny Vest","46890","7363747","guerrillawithacause@gmail.com","","https://www.facebook.com/profile.php?id=100011408247938","https://www.instagram.com/guerrillawithacause/","john elliott shirt"
"https://www.youtube.com/channel/UCoGeX6Hh4VNNOLkLz_-3_Sw/","Clay Hunn","130","1002","","","","","john elliott shirt"
"https://www.youtube.com/channel/UChoEYb9eh_l3iAss_-4S-Vg/","Plakat Moua","131","20075","","","","","john elliott shirt"
"https://www.youtube.com/channel/UCiJZJgjG_zXSAnmIz8BcW2g/","Donald Kirkland","1","45","","","","","john elliott shirt"
"https://www.youtube.com/channel/UCWcVM9LCsokNvLH66hah8xg/","Smiler Grogan","20","17803","","","","","john elliott shirt"
"https://www.youtube.com/channel/UCrtLTOrtDCGPxkOd6grZEhg/","JDR Burk","6","688","","","","","john elliott shirt"
"https://www.youtube.com/channel/UClMs26ViHFMy7MS897Alcxw/","FOX 2 St. Louis","25948","17303321","ktvinews@tvstl.com","http://twitter.com/fox2now","http://facebook.com/fox2now","http://instagram.com/fox2now","john elliott shirt"
"https://www.youtube.com/channel/UCxBhfLRDhTkVZSsFhaq-21w/","Dale Sanders","10","15240","","","","","john elliott shirt"
"https://www.youtube.com/channel/UCKyA3gO-aGQmXQRnwoG8lAA/","TrillRaps","534","216118","","","","","john elliott shirt"
"https://www.youtube.com/channel/UCkDBIGHQN7xXHmuflPnowiw/","leah benitez","18","13356","","","","","john elliott shirt"
"https://www.youtube.com/channel/UC3CLaToFCdRZdbf6FY4U2fw/","Fantastic Beasts","203","130892","","","","","john elliott shirt"
"https://www.youtube.com/channel/UC_-2M0ljzas6rpHCw6Am01Q/","IMPOSSIBLE","2228","408276","contact@impossiblehq.com","http://twitter.com/impossiblehq","http://facebook.com/impossiblehq","/redirect?event=channel_description&redir_token=mX1gTjXPCeRZvj5ISKyCKZJ_1OR8MTU2NzI2Njc1MEAxNTY3MTgwMzUw&q=http%3A%2F%2Finstagram.com%2Fimpossiblehq","john elliott shirt"
"https://www.youtube.com/channel/UC-m15zLDKwi-plyfd-s8fSA/","Caitlin Dowd","6905","1654793","","","","","john elliott shirt"
"https://www.youtube.com/channel/UCVRnzlUXyst_UBTY6L9iVpQ/","Bad habit","327","914","","","","","john elliott shirt"
"https://www.youtube.com/channel/UCIK4Q-ewUdmMXiB7KHauBMA/","Squishy Min Yoongi","889211","89875608","","","","https://www.instagram.com/squishyminyoongi/","john elliott shirt"
"https://www.youtube.com/channel/UCxcl8F-HLesebU9edgEVFEg/","Vishnu Mohanan","58","390626","mohananv@gmail.com","","","","john elliott shirt"
"https://www.youtube.com/channel/UCh4HodkimNshkdH2ANEluNA/","Kellie Collins","179","13233","imkelliecollins@gmail.com","","","http://instagram.com/imkelliecollins","john elliott shirt"
"https://www.youtube.com/channel/UCKsD4fgUU_jlOUAjzKJjftg/","jnf bngtf","966","2726","","","","","john elliott shirt"
"https://www.youtube.com/channel/UCKM3VvElAHCz4psVAbLW26g/","Pierre Menlah","8918","15145609","","","","","john elliott shirt"
"https://www.youtube.com/channel/UCxy4t0FrarUHKIGXTbpqAJQ/","THE DIY GUY SFX Makeup/DIY Decor - Kevin Molnar","81","6397","","","","","john elliott shirt"
"https://www.youtube.com/channel/UCwwvposyGYNBgQ-kSbZkOjA/","hunter moser","2","40","","","","","john elliott shirt"
"https://www.youtube.com/channel/UCJO-5Zlz-YR45P40YEumnug/","Marquita Clowney","454","43755","","","","","john elliott shirt"
"https://www.youtube.com/channel/UCzBfVdJfGPuIvqzFHOwSXCA/","Alex Burditt","40","51174","","","","","john elliott shirt"
"https://www.youtube.com/channel/UCq54nlcoX-0pLcN5RhxHyug/","SeaNanners Gaming Channel","5548901","2575597397","","","","","john elliott shirt"
"https://www.youtube.com/channel/UCE80FOXpJydkkMo-BYoJdEg/","Pop Music - Topic","14348844","","","","","","john elliott shirt"
"https://www.youtube.com/channel/UC_ZJGJ_zNJrdhWsUI-Ohg1Q/","Zephaniah Tui","43","7243","","","","","john elliott shirt"
"https://www.youtube.com/channel/UCgivDVZBd_jssBMM8zzjaNQ/","Lucile Fleury","137","129723","","","","","john elliott shirt"
"https://www.youtube.com/channel/UC1yBKRuGpC1tSM73A0ZjYjQ/","The Young Turks","4455905","4824184833","advertising@tytnetwork.com","http://www.twitter.com/theyoungturks","http://www.facebook.com/theyoungturks","http://instagram.com/theyoungturks","john elliott shirt"
"https://www.youtube.com/channel/UCbwCcYbIlILwfaUZhb_r0SQ/","Eva Tcholakova","15","15914","","","","","john elliott shirt"
"https://www.youtube.com/channel/UCsHjebQn1fOF56InbWvWXIQ/","Roland Andre Miller","","116701","","http://twitter.com/#!/RAndreMiller","","","john elliott shirt"
"https://www.youtube.com/channel/UCWZFB3kvsKaPsoonHzDuFSA/","AwesomenessTV France","301978","45254161","awesomenesstvfrance@gmail.com","","","","john elliott shirt"
"https://www.youtube.com/channel/UCIWRkTR17mIaQTcbFfGtfZw/","Stephanie LaLumandier","203","11146","","","","","john elliott shirt"
"https://www.youtube.com/channel/UCTmTarx0X1NVD0jLaTfsceg/","Big Tex - Topic","9","","","","","","john elliott shirt"
"https://www.youtube.com/channel/UCb79KzBgaS7q19m_eyF89wg/","Carrie Davis","72","3967","","","","","john elliott shirt"
"https://www.youtube.com/channel/UCseQi6zXPZFSVftoUzixkfg/","Keith Andrew","324","1007826","","","","","john elliott shirt"
"https://www.youtube.com/channel/UCOWZFtGJpb0jJ6K2YGkcEBA/","Unholy Roller","370","226524","","","","","john elliott shirt"
"https://www.youtube.com/channel/UCFupNwUPYNengNUmocZOJHg/","umbrage","52","5695","elliottosmond@icloud.com","","","https://www.instagram.com/elliott.osmond/","john elliott shirt"
"https://www.youtube.com/channel/UCuMTDTKJyuZ78K96C9deRpg/","Donka Shane","6","11037","","","","","john elliott shirt"
"https://www.youtube.com/channel/UCciWBIpPLdsBRs6mErWg5Pw/","Vic Hayeon","172","297960","","","","","john elliott shirt"
"https://www.youtube.com/channel/UCnN2g0kiu9vmT2AabP2AcMA/","Amsterdam Logistics","","47196","content@amsterdamlogistics.nl","","","","john elliott shirt"
"https://www.youtube.com/channel/UCJ9-untTLmAHn3j-FkKkJIA/","Scrap Fllo","521","34009","","","","","john elliott shirt"
"https://www.youtube.com/channel/UC5_jcDZ2JwMj7iaGrewAUwQ/","Creative LifeStyle","22590","9089322","shibafarid@gmail.com","","","","john elliott shirt"
"https://www.youtube.com/channel/UCAl3iIJ2PJbOV89mfoIPojQ/","Aldrian Alfonso","5664","5240244","","","","","john elliott shirt"
"https://www.youtube.com/channel/UCr-uzMDpIcQucZoxXlvaDSA/","Faraz Noshahi","8","4335","","","","","john elliott shirt"
"https://www.youtube.com/channel/UCJZpK8gf72b62YSUhCVdEIQ/","Shaney Boogz","2","6","","","","","john elliott shirt"
"https://www.youtube.com/channel/UCZZ7Yn-i4eq-S9e-0GrYIQw/","Best Channel","10883","9680649","","","","","john elliott shirt"
"https://www.youtube.com/channel/UCYrJ0xbox2TXv1sIyrP7GTQ/","Keang Presley","2001","1815909","","","https://www.facebook.com/indiizcafe","","john elliott shirt"
"https://www.youtube.com/channel/UCNI7TCZTmQMwYbAx95GF6IA/","Dwi Kurniawan","735","332095","","","","","john elliott shirt"
"https://www.youtube.com/channel/UCa1Dycf5-pQ_YcTNBZ4GZ6g/","Pau Martin","36","3841","e.martincatara@gmail.com","https://twitter.com/PauMartinHM","","http://instagram.com/pau._.martin","john elliott shirt"
"https://www.youtube.com/channel/UCwbW3xKFSC4BT0zYdU84LJQ/","Bliss Wheel Co","1107","106555","","","http://www.facebook.com/blisswheelco","","john elliott shirt"
"https://www.youtube.com/channel/UCoUwNfJp8QvTQpIPtU5bjSg/","Alex Sanderson","10","1294","alexsanderson@icloud.com","","","","john elliott shirt"
"https://www.youtube.com/channel/UCCMAdS3-qR5bhTPsj71qTaQ/","itwas moonie","665","1500269","","","","","john elliott shirt"
"https://www.youtube.com/channel/UCyimzYvZZuStJU9XT5VnPKQ/","laura lara","483","194208","","","","","john elliott shirt"
"https://www.youtube.com/channel/UCxJaVA4Tu6oQaHOppbt8qvA/","Jessamyn Stanley","27114","335034","mynameisjessamyn@gmail.com","https://twitter.com/JessNotJazz","https://www.facebook.com/mynameisjessamyn","http://instagram.com/mynameisjessamyn","john elliott shirt"
"https://www.youtube.com/channel/UC4PooiX37Pld1T8J5SYT-SQ/","Good Mythical Morning","15725156","5674109622","business@mythical.com","https://twitter.com/rhettandlink/","https://facebook.com/rhettandlink/","https://instagram.com/rhettandlink/","john elliott shirt"
"https://www.youtube.com/channel/UCP7GtolhEEBquh74eeomeIA/","Harmful Opinions Archives","7492","345068","harmfularchives@gmail.com","","","","john elliott shirt"
"https://www.youtube.com/channel/UCWizIdwZdmr43zfxlCktmNw/","Alec Steele","1868721","272069883","alecsteeletools@gmail.com","https://www.twitter.com/alecsteelesteel","","https://www.instagram.com/alecsteele/","john elliott shirt"
"https://www.youtube.com/channel/UCN98LE3TS8BTZUZYC3uEX8A/","Hailey Reese","955001","93928968","admin@haileyreese.com","https://twitter.com/itshaileyreese/","","https://www.instagram.com/itshaileyreese/","john elliott shirt"
"https://www.youtube.com/channel/UCIqzFEFr3HIvGdl22bcCocg/","Sylvia Yung","2","2027","","","","","john elliott shirt"
"https://www.youtube.com/channel/UCafqCulUY1rEUB_Q9hWSPuw/","King Imprint","1403376","320079253","Kingimprintbooking@gmail.com","https://twitter.com/KingImprint","https://www.facebook.com/kingimprint/","http://instagram.com/kingimprint","john elliott shirt"
"https://www.youtube.com/channel/UCYYMMT2JhCZ6fTfk4dwzIRQ/","Kaity and Kally","472","60030","","","","","john elliott shirt"
"https://www.youtube.com/channel/UCsTcErHg8oDvUnTzoqsYeNw/","Unbox Therapy","15219071","3118614280","","https://twitter.com/unboxtherapy","http://facebook.com/unboxtherapy","http://instagram.com/unboxtherapy","john elliott shirt"
"https://www.youtube.com/channel/UCWcsNViRrPOGh0A8-J1QUXg/","KellieSweet","2058804","134833178","kelliesweetyt@gmail.com","","","","john elliott shirt"
"https://www.youtube.com/channel/UCpFuaxD-0PKLolFR3gWhrMw/","Sous Vide Everything","644091","74532051","sousvideeverything@gmail.com","https://twitter.com/SousVide4Life","https://www.facebook.com/SousVideEverything/","https://www.instagram.com/sveverything/","john elliott shirt"
"https://www.youtube.com/channel/UC5LGPvoUOfwcLi4Ck8LiR4A/","THE PRINCE FAMILY","4278267","600609624","ThePrinceFamilyInquiries@gmail.com","","","","john elliott shirt"
"https://www.youtube.com/channel/UCx2KDmqpqUGlfwxKKsTTpYg/","MichiganHilbilly","7","446","","","","","john elliott shirt"
"https://www.youtube.com/channel/UCsqUvyQ7hhkpZMu13if9TPQ/","ASMR : The Silent Meow","6642","621265","","","","","john elliott shirt"
"https://www.youtube.com/channel/UC_l8Rk5sPikTSyhNcqGgAtw/","hypkitsune","577","4973289","","","","","john elliott shirt"
"https://www.youtube.com/channel/UCtMVHI3AJD4Qk4hcbZnI9ZQ/","SomeOrdinaryGamers","1309616","206991838","anascanada@live.com","http://www.twitter.com/#!/ordinarygamers","https://www.facebook.com/SomeOrdinaryGamers","","john elliott shirt"
"https://www.youtube.com/channel/UCe0TLA0EsQbE-MjuHXevj2A/","ATHLEAN-X™","8404297","1238010684","Mediarelations@athleanx.com","","","","john elliott shirt"
"https://www.youtube.com/channel/UCvhuZrIOPBpT3ChPCbslayA/","Tony T","573","883870","","","","","john elliott shirt"
"https://www.youtube.com/channel/UCpPfYRzcY5myVt7lHEk0GXw/","Parduman Kassiedass","21","285","","","","","john elliott shirt"
"https://www.youtube.com/channel/UCYqNVM9R2YS9En9CDD-0SKA/","mekelah93","27545","20997627","","","","","john elliott shirt"
"https://www.youtube.com/channel/UCTa6JUfYSSu-ELH4hlRdWpg/","The Pals","3322672","1272272433","mayatoots@gmail.com","","","","john elliott shirt"
"https://www.youtube.com/channel/UCkb_bXbKvlVwFgFNkOlLqMw/","Richard Films","15162","5579252","randfproductions16@gmail.com","https://twitter.com/randfprod16","","","john elliott shirt"
"https://www.youtube.com/channel/UChc-m3saf8K2oJHDSsnsj_A/","Elvis The Alien","926818","118538423","elvisthealien.contact@gmail.com","http://www.twitter.com/elvisthealientv","http://www.facebook.com/elvisthealien","http://www.instagram.com/elvisthealien","john elliott shirt"
"https://www.youtube.com/channel/UC1NWpxkorCjf3HfvbBr1EQw/","joskedesmet","41","131465","","","","","john elliott shirt"
"https://www.youtube.com/channel/UCvWL6pupZpzBEA9orY1WzUQ/","SpaceMetalFerrari248","1741","1311858","","","","","john elliott shirt"
"https://www.youtube.com/channel/UCmN6CNxAKdlGFFunbBaeJHg/","Alan Nauman","2","41","","","","","john elliott shirt"
"https://www.youtube.com/channel/UCPFW4W0lJwr_tTsQpqTA_Rw/","musemace","839","2117755","","","","","john elliott shirt"
"https://www.youtube.com/channel/UC2I6Et1JkidnnbWgJFiMeHA/","Steve1989MREInfo","1296688","174861539","steve1989mreinfo@yahoo.com","","","","john elliott shirt"
"https://www.youtube.com/channel/UC6kMTtrFUl7I2B_0SUSXg1Q/","AnDrEw wHiTe","567","701178","","","","","john elliott shirt"
"https://www.youtube.com/channel/UC87jzzbvWiVgdXlOd-95coQ/","Jacob Mann","13556","2116191","","","","","john elliott shirt"
"https://www.youtube.com/channel/UCqFzWxSCi39LnW1JKFR3efg/","Saturday Night Live","8694614","6990819745","","https://twitter.com/nbcsnl","https://www.facebook.com/snl","http://instagram.com/nbcsnl","john elliott shirt"
"https://www.youtube.com/channel/UCkP1pD_wBTPntddGuHYn9Bw/","Jc Designs","13","941","j.alva1060@gmail.com","https://twitter.com/Jc_Designs_","https://www.facebook.com/JcsGraphicDesign/?ref=aymt_homepage_panel","https://instagram.com/_u/jcgraphicsdesign","john elliott shirt"
"https://www.youtube.com/channel/UCfjdoEPJoG7WY5_5YjSGmeg/","COW97","20","7124","","","","","john elliott shirt"
"https://www.youtube.com/channel/UCair4hwUA4B0j_Lwn3hSjSw/","TheCraftyTrucker","21819","4055165","TheCraftyTrucker@gmail.com","","","https://www.instagram.com/thecraftytrucker/","john elliott shirt"
"https://www.youtube.com/channel/UCzS9BQllzyBtwttQpQfKkfA/","Tom McMaster","0","","","","","","john elliott shirt"
"https://www.youtube.com/channel/UCFucM3s60TpAw34hEyyzxHg/","Vedo - Topic","243","2104169","","","","","john elliott shirt"
"https://www.youtube.com/channel/UCR3VkardRr35ei2HjDaQExA/","Thomas Elliott - Topic","0","1243","","","","","john elliott shirt"
"https://www.youtube.com/channel/UCOBU1e9a0yDVar5GkRDegPg/","Janice Elliott","0","","","","","","john elliott shirt"
"https://www.youtube.com/channel/UCzhOIehnoOEhrv10YQNPDcw/","Brian Slavens","18","9578","info@michigan83.com","","https://www.facebook.com/GreatLakesGreatTimes/","","john elliott shirt"
"https://www.youtube.com/channel/UCc8o7QS_Gq3x0j40HSj5V3g/","CUFBOYS","1677714","258583913","cammycuf@gmail.com","","","","john elliott shirt"
"https://www.youtube.com/channel/UCpvph4nyaybycZUs9RXfSVw/","Rnic Arn","6","188","","","","","john elliott shirt"
"https://www.youtube.com/channel/UCaH2fA_zKsVlC2Y4uuRA-yA/","Love Island Australia","702362","498411823","","http://twitter.com/LoveIslandAU","http://facebook.com/LoveIslandAU","http://Instagram.com/LoveIslandAU","john elliott shirt"
"https://www.youtube.com/channel/UCNIfKsDnLtFxuVGHBtwxBeg/","Wetboy1697x","412","","","","","","john elliott shirt"
"https://www.youtube.com/channel/UC9YcTIQuhwgoOQqYMKYqW9A/","Migos ATL","9262447","4168971807","","http://www.twitter.com/migos","http://www.facebook.com/themigosatl","http://instagram.com/migos","john elliott shirt"
"https://www.youtube.com/channel/UCNyJk0eoESO3CxAmrktAB5w/","Whitney Avalon","1668988","556618169","contactwhitneyavalon@gmail.com","http://twitter.com/whitneyavalon","http://facebook.com/whitneyavalon","http://instagram.com/whitneyavalon","john elliott shirt"
"https://www.youtube.com/channel/UCP4-Vzfiyq6Za1KCkAdv0rQ/","Officially Live","1070","640438","officiallylive@gmail.com","http://Twitter.com/officiallylive","http://facebook.com/officiallylivenow","http://instagram.com/officiallylive","john elliott shirt"
"https://www.youtube.com/channel/UCoadVWF3acwZhffVQkVKv2Q/","Seething Frog","90680","10397311","","","","","john elliott shirt"
"https://www.youtube.com/channel/UCXjDt2bINaORXHV7cspVcwA/","CrudelyDrawnCharacters","895","126482","marcysp92@gmail.com","https://twitter.com/SneakySnoosle","","","john elliott shirt"
"https://www.youtube.com/channel/UC7H3KeizMaqstthyWH_uD5w/","Archive on Demand","649","71504","archiveondemand@fitnyc.edu","","","","john elliott shirt"
"https://www.youtube.com/channel/UCQ7pmfSVOfzZQzRLpU4OMxg/","MDracer51","79","138164","","","","","john elliott shirt"
"https://www.youtube.com/channel/UCq8qjv5mXfRq-bq5gZ95_jg/","Alonzo Pettigrew","34","3181","","","","","john elliott shirt"
"https://www.youtube.com/channel/UCQLwRPmtf989kCyPccclOyQ/","ItalianKpopDancer","19881","7010168","","","","","john elliott shirt"
"https://www.youtube.com/channel/UC_tLBjbPIIoiaA1Z8ZIavuA/","SpillItBoyTV","33394","13191969","spillitboy@gmail.com","https://twitter.com/spillitboy","https://www.facebook.com/spillitboy","","john elliott shirt"
"https://www.youtube.com/channel/UCmFSm6i76P_L29rdKJ0kcmQ/","Lisette Hollywood Hernandez","1451","1848969","","http://www.twitter.com/yagirlhollywood","https://www.facebook.com/home.php#!/pages/Lisette-Hollywood-Hernandez/153255834398","http://www.instagram.com/yagirlhollywood","john elliott shirt"
"https://www.youtube.com/channel/UC5ZOSZ-Bpass2ZkJY9q9ISg/","Familia Diamond","3726001","459697540","teamesthalla@gmail.com","","","","john elliott shirt"
"https://www.youtube.com/channel/UCDVAFvEzeYEYgcsJJ-K1KUg/","Elliott Killian","85","17988","","","","","john elliott shirt"
"https://www.youtube.com/channel/UCcrEW_pqIt5eSHp3GSTCIPA/","Nikki Glamour","642537","69079202","NikkiGlamour.business@gmail.com","","","","john elliott shirt"
"https://www.youtube.com/channel/UC8LSgGoavmUuQKjU1UjfUcQ/","UNTUCKit","1089","10096301","questions@untuckit.com","","","","john elliott shirt"
"https://www.youtube.com/channel/UCG9l8wq3UqYSoOMiw30TQbA/","Austin Kleschka","123470","29254078","","","","","john elliott shirt"
"https://www.youtube.com/channel/UCoTyeVLL6o-l4aGPY9VcUMQ/","University of Arkansas","3448","1235904","","","","","john elliott shirt"
"https://www.youtube.com/channel/UCt4c2of_mR5lA1HajhyUWtg/","KapowComicBookShow","5980","891074","kapowcomicbookshow@gmail.com","https://twitter.com/kapowcomicbook","https://www.facebook.com/KapowComicBookShow","https://instagram.com/kapowcomicbookshow/","john elliott shirt"
"https://www.youtube.com/channel/UCkEXXbo1QOTesV8h2hkN-1g/","The Valleyfolk","284538","17629302","","http://twitter.com/TheValleyfolk","http://facebook.com/TheValleyfolk","","john elliott shirt"
"https://www.youtube.com/channel/UCgGhVPf9JH9S41mJwJwgNbg/","Dr. T ASMR","356463","108035550","autocanoneos@gmail.com","https://twitter.com/Dr_Tingles_ASMR","https://www.facebook.com/jay.asmr.52?ref=bookmarks","","john elliott shirt"
"https://www.youtube.com/channel/UCKBnlTTgEnhIXv_c4LvvyMQ/","OWN","3343659","1712020590","","https://twitter.com/owntv","https://www.facebook.com/owntv","https://www.instagram.com/owntv","john elliott shirt"
"https://www.youtube.com/channel/UC1kSgGR7Hl4B2e57tcc_mlA/","in the blue shirt","13266","1594992","","","","","john elliott shirt"
"https://www.youtube.com/channel/UCMNmwqCtCSpftrbvR3KkHDA/","Guava Juice","14273325","6096763389","business@guavajuice.com","","","","john elliott shirt"
"https://www.youtube.com/channel/UCX6OQ3DkcsbYNE6H8uQQuVA/","MrBeast","23462510","3291125105","mrbeast@nightmedia.co","","","","john elliott shirt"
"https://www.youtube.com/channel/UC6vSdPaWBpn8OQlZpvB48bg/","Toni Elliott","278","37963","","","","","john elliott shirt"
"https://www.youtube.com/channel/UCiPGkIebcT4QmEw6P6Lkubw/","Out of the Woods","58158","11981169","outofthewoodsforestry@gmail.com","","https://www.facebook.com/elliottsawmillandlumber/?ref=hl","https://www.instagram.com/outofthewoodsforestry/","john elliott shirt"
"https://www.youtube.com/channel/UCp4oMaqaY0hIoT9jafj1g8g/","1791","399379","14792136","dietofworms.us@gmail.com","","","https://www.instagram.com/1791L","john elliott shirt"
"https://www.youtube.com/channel/UCZO23H9PkcznvVXy75IZbUA/","John Frusciante - Topic","13366","1729498","","","","","john elliott shirt"
"https://www.youtube.com/channel/UCNDU5FpaCudSuQlNG2WES-w/","Choreography - Topic","186616","","","","","","john elliott shirt"
"https://www.youtube.com/channel/UCDfwTIGEjczQbzLm08ETRcw/","Joe Cando","1133","923907","","","","","john elliott shirt"
"https://www.youtube.com/channel/UCAkIMkEaa9sZmjcy7mfd5lQ/","Gunna","715454","382685415","gunnamanager@gmail.com","http://twitter.com/1gunnagunna","https://www.facebook.com/gunnaofficial/","https://www.instagram.com/gunna/?hl=en","john elliott shirt"
"https://www.youtube.com/channel/UCgSO-swInyhWSUpgKIDrnjQ/","NoahFinnce","353506","23840654","NOOTADAMS@OUTLOOK.COM","","","","john elliott shirt"
"https://www.youtube.com/channel/UCilIoZLdZ3Bl6h-DCqvgcyQ/","Eddie Win","133461","19645078","","https://twitter.com/EddieWinKicks","","http://instagram.com/eddiewinkicks","john elliott shirt"
"https://www.youtube.com/channel/UCaaApS4TMI3KueyAkIQv1XQ/","AWxInc","409527","48475763","info@ashleyweston.com","https://twitter.com/awxinc","","http://instagram.com/awxinc","john elliott shirt"
"https://www.youtube.com/channel/UCpGoqUcII0OcL4TY7j8LZQA/","ElliotSupremeLady","3200","120339","","","","https://www.instagram.com/elliotsupremelady/","john elliott shirt"
"https://www.youtube.com/channel/UCTj0u2mMzGiRJzsvLJZi7vg/","YESHMIN!","34118","1325645","","http://twitter.com/#!/yeshminblechin","","","john elliott shirt"
"https://www.youtube.com/channel/UCk9WB41Qgnrhb1g_PbMRa2g/","buckeyebuilder82","11","","","","","","john elliott shirt"
