ChannelUrl,Name,Subscribers,Views,Email,Twitter,Facebook,Instagram,email_get_from
"https://www.youtube.com/channel/UCddfndoK7iUDsR9_aDKox3A/","Lounge Underwear Limited","23872","2955045","info@loungeunderwear.com","/redirect?redir_token=ivgrBvEfpxcV-ZhQ-ERU1e1ZszN8MTU2NzI2NTA5NUAxNTY3MTc4Njk1&event=channel_description&q=https%3A%2F%2Ftwitter.com%2Floungeunderwear","https://www.facebook.com/loungeunderwear/","","loungewear"
"https://www.youtube.com/channel/UCliU3sthETZb5maxEdg91qA/","Rahyndee Twerk","4449","250208","","","","","loungewear"
"https://www.youtube.com/channel/UCILGGYfNqdGniiGfloW_VxA/","Nadia Anya","54135","3212966","","","","https://www.instagram.com/nadiaanya__/","loungewear"
"https://www.youtube.com/channel/UCrEuGmH735irA00mS7eVVYg/","Badd Angel","378046","55706736","baddangelbusiness@gmail.com","","","","loungewear"
"https://www.youtube.com/channel/UCC0DzkjCHTCbE-no_TBVdqA/","Aporei Loungewear","38","12408","info@aporei.com","https://twitter.com/Aporei","https://www.facebook.com/aporeiapparel/","https://www.instagram.com/aporei/","loungewear"
"https://www.youtube.com/channel/UCzZGB33y-cLkfUdh9d675VA/","Valentine loungewear","3635","670071","","","","","loungewear"
"https://www.youtube.com/channel/UCpFpXHnCbhO9lEdiEytgjeg/","Denita B","","137083","","","","","loungewear"
"https://www.youtube.com/channel/UCSLZ-zc7FZ7blphZVJ-Dyxw/","UK Lingerie","673","1720","customerservice@uklingerie.com","","","","loungewear"
"https://www.youtube.com/channel/UC0jL8iHLz3PXWVwph2fArKw/","Between the Sheets Lingerie","226","131090","","","https://www.facebook.com/betweenthesheets","","loungewear"
"https://www.youtube.com/channel/UCT1NrYyCAAPBAmh_C_C7uTQ/","Laura Leth Lifestyle","20210","1420796","Lifestyle@lauraleth.com","","","","loungewear"
"https://www.youtube.com/channel/UCy3fRtS449Q6Fm6PUfncqdw/","Hazel Maria Wood","22424","1948296","hazel.wood95@hotmail.co.uk","","","","loungewear"
"https://www.youtube.com/channel/UCLdOOABLomW5RHcB3ON_M7Q/","Leah Turner","15340","582329","","https://twitter.com/LeahT8","","https://www.instagram.com/leahturner2/","loungewear"
"https://www.youtube.com/channel/UChzuH55NiKirULCl9mz4t8g/","Hi Babe","771","143015","hotnight.hcm@gmail.com","https://twitter.com/HibabeChannel","https://www.facebook.com/HiBabeChannel","https://www.instagram.com/HiBabe_Channel/","loungewear"
"https://www.youtube.com/channel/UCHGoGUhDTI_xMDqy2oWyPtg/","Lee Benjamin","49967","2951694","lifebyleeblog@gmail.com","https://twitter.com/leeannebenjamin","https://www.facebook.com/lifebyleeblog","http://instagram.com/leeannebenjamin","loungewear"
"https://www.youtube.com/channel/UCi7XaViK295ZGHh7AIalq8Q/","Niah Selway","140171","9841213","niah@niahselway.com","","","","loungewear"
"https://www.youtube.com/channel/UClPMinDi9rRvR32ca6An9Hg/","teddygirllifts","4883","48115","teddygirllifts@gmail.com","","","","loungewear"
"https://www.youtube.com/channel/UC4B3gpZ8SuwneAlP8TuEb6A/","Inspired by Nikki","39930","5648069","nikkimmoreno@hotmail.com","","","","loungewear"
"https://www.youtube.com/channel/UCrBVtL-v2I1MTDKOhn9HC4Q/","Kelly Elizabeth","16031","990661","KellyElizabethMakeup@gmail.com","","","https://www.instagram.com/Kelly_Elizabethxo","loungewear"
"https://www.youtube.com/channel/UCa2F3p29a4o4B09CZ8OgvTg/","Olivia Brittany Grace","1416","130857","Olivia.grace17@yahoo.com","","","","loungewear"
"https://www.youtube.com/channel/UCZwJE6jeQ5RUAmo8DqI8FMw/","Kat Wonders","377229","57151209","kat.wonders.00@gmail.com","","","","loungewear"
"https://www.youtube.com/channel/UCnmn-7c_xhkEerxtPAsqNaw/","UNLYSHD","124749","10474430","info@unlyshd.com","","","","loungewear"
"https://www.youtube.com/channel/UCNi8F-4vhgcEO0Wd0ztqbWg/","TheSKYY Life","2283","151151","theskyylife@gmail.com","","","","loungewear"
"https://www.youtube.com/channel/UC80zmRV3M2utYDu-FRqAnqQ/","Emily Freybler","33325","3662697","admin@emilyfreybler.com","https://twitter.com/emily_freybler","","https://www.instagram.com/emily_freybler/","loungewear"
"https://www.youtube.com/channel/UC_vKy3mlNoSIcELLGVjV2TA/","Maggie Rugadza","582","71851","maggie.rugadza@gmail.com","","","https://www.instagram.com/maggierugadza","loungewear"
"https://www.youtube.com/channel/UC0rVHtgbdvBeXkiISl7QYSw/","Billionaire","","27499","","","https://www.facebook.com/billionairecouture/","http://www.instagram.com/billionaireinternational/","loungewear"
"https://www.youtube.com/channel/UCaRSFuJ4agKDVqy6ZqTF8fw/","The Lemon Collections","25","1376","","","","","loungewear"
"https://www.youtube.com/channel/UCCW42El8ldTriIKMkzT8NUg/","BELLA CANVAS","39494","2871488","","","https://www.facebook.com/bellaclothing/","https://www.instagram.com/bellacanvas/","loungewear"
"https://www.youtube.com/channel/UCIWUbPvwps_soIWTmh2OPmw/","Sophie Kirby","7392","532044","sophiekirby95@gmail.com","https://twitter.com/sophiiekiirby?ref_src=twsrc%5Egoogle%7Ctwcamp%5Eserp%7Ctwgr%5Eauthor","","https://www.instagram.com/sophiiekiirby/?hl=en","loungewear"
"https://www.youtube.com/channel/UCprf7jzH2Fo6wbguPVDrqyg/","Hildah Awuor","5116","548232","hildahg90@gmail.com","https://twitter.com/HildahGAwuor","https://www.facebook.com/hildah.georgina","https://www.instagram.com/hildah_georgina_awuor/","loungewear"
"https://www.youtube.com/channel/UCG6qfexb9n6giXjdRUQBJRQ/","Rachel and Dionne","952","33009","rachelanddionne@gmail.com","","","","loungewear"
"https://www.youtube.com/channel/UCTWtfB8qbahzKz_bxe5DuEQ/","Raylene Harvey","31826","2357756","hello@rayleneharvey.com","https://twitter.com/RayleneHarvey","","https://www.instagram.com/rayleneharveyonline","loungewear"
"https://www.youtube.com/channel/UCyCq0reDgQjSzDEdvHJajXg/","Smalletics","3134","140793","smalletics@gmail.com","","","https://www.instagram.com/smalletics/","loungewear"
"https://www.youtube.com/channel/UCW_gq4OF_7njWR38gFoukZA/","UK Tights","30275","18334192","customerservice@uktights.com","http://www.twitter.com/uktights","/redirect?q=http%3A%2F%2Fwww.facebook.com%2Fuktights&redir_token=P_tyLbJ1dAHqjd6iVy5K3fwlTdN8MTU2NzI2NTgwMUAxNTY3MTc5NDAx&event=channel_description","","loungewear"
"https://www.youtube.com/channel/UC160LxfEGpzmGWlRVZz0M7g/","Figure Break","1633","130372","","https://twitter.com/Figure_Break","","","loungewear"
"https://www.youtube.com/channel/UCDjSux7Xq5idl6FiFGkGWBA/","LingerieMag","3058","2315278","","","","","loungewear"
"https://www.youtube.com/channel/UCGir0YG4gz-WLS0HtBfMo7g/","C A T H E R I N E S T A A T","4205","473743","","","","","loungewear"
"https://www.youtube.com/channel/UCX42ZsyKfbzcOhO41h7bWDQ/","Chelsea Brown","9998","506687","chelseabrownbeauty@gmail.com","","","https://instagram.com/chelseabrownbeauty/","loungewear"
"https://www.youtube.com/channel/UCK9rRqBPoq-FJ-x2eaRCUJw/","☥ Na Idara ☥","39938","2236115","itsidara@gmail.com","","https://www.facebook.com/itsidara/?ref=aymt_homepage_panel","https://www.instagram.com/na_idara/","loungewear"
"https://www.youtube.com/channel/UCskE4w90N39VbZVDkiNVnlA/","wearFIGS","410","37596","stat@wearfigs.com","http://www.twitter.com/wearfigs","http://www.facebook.com/wearfigs","","loungewear"
"https://www.youtube.com/channel/UCvWcbqGynLSy2QQFj6zFVrg/","The Millennial Mom","1076","237425","","http://twitter.com/GoodGirlsCo","http://www.facebook.com/GoodGirlsCompanyNL","http://www.instagram.com/goodgirlscompany/","loungewear"
"https://www.youtube.com/channel/UCv307oXmWbpcgpAbWlm3I9w/","Silkinity Loungewear & Sleepwear","3","331","","","","","loungewear"
"https://www.youtube.com/channel/UC-D8S4muoptvEhJUAaPVajw/","Créateur et fabricant de lingerie de nuit Loungewear womens Les Petites Cousines made in france","187","61970","ptitescousines@gmail.com","","","","loungewear"
"https://www.youtube.com/channel/UCW_gq4OF_7njWR38gFoukZA/","UK Tights","30275","18334192","customerservice@uktights.com","http://www.twitter.com/uktights","/redirect?q=http%3A%2F%2Fwww.facebook.com%2Fuktights&event=channel_description&redir_token=tGJehjLviVMi0LxyuITZiM2UIIt8MTU2NzI2NTgxNkAxNTY3MTc5NDE2","","loungewear"
"https://www.youtube.com/channel/UC8obQCWg4zB7EyvPV-9ykjQ/","CAITLYNSWAY","889","84916","creationdespite@gmail.com","https://www.twitter.com/creationdespite/","https://www.facebook.com/creationdespite/","https://www.instagram.com/caitlynsway/","loungewear"
"https://www.youtube.com/channel/UC_Aig_e4w6ryGGjvhtOhbBg/","Momo C. - Style & Sewing","11755","710746","hello@herpetitecloset.com","","","","loungewear"
"https://www.youtube.com/channel/UCZ_OyolGCJiFlqokjls5zzw/","Panda Silk","2022","913239","info@pandasilk.com","https://twitter.com/pandasilkcom","https://www.facebook.com/pandasilk","/redirect?q=https%3A%2F%2Fwww.instagram.com%2Fpandasilkofficial%2F&event=channel_description&redir_token=VW0DfoPzxBJ3_3DMKSG81c_h2Mt8MTU2NzI2NTgxN0AxNTY3MTc5NDE3","loungewear"
"https://www.youtube.com/channel/UCXbQzhqSvgVZTUyi1T4AU3w/","Lauren Curtis","3541979","313213212","mgmt@select.co","http://www.twitter.com/lozcurtis","http://www.facebook.com/laurenbeautyy","http://instagram.com/lozcurtis","loungewear"
"https://www.youtube.com/channel/UCBVcOgf4X4YSVoU4H68G6gg/","Impish Lee","111","24441","","","","","loungewear"
"https://www.youtube.com/channel/UCZ_OyolGCJiFlqokjls5zzw/","Panda Silk","2022","913239","info@pandasilk.com","https://twitter.com/pandasilkcom","https://www.facebook.com/pandasilk","/redirect?redir_token=BLSOdzAG8OLxRHr8XWgFQV70PB18MTU2NzI2NTgyMEAxNTY3MTc5NDIw&q=https%3A%2F%2Fwww.instagram.com%2Fpandasilkofficial%2F&event=channel_description","loungewear"
"https://www.youtube.com/channel/UCVoFbmNqeYtAKCh3mrP58FQ/","Emily Jean","170424","10362632","emilyfonvillebeauty@gmail.com","","","","loungewear"
"https://www.youtube.com/channel/UCzaYHKMHh7wBbElVz2EA-0A/","Jannette Pesso","","8254","","","","","loungewear"
"https://www.youtube.com/channel/UCZ_OyolGCJiFlqokjls5zzw/","Panda Silk","2022","913239","info@pandasilk.com","https://twitter.com/pandasilkcom","https://www.facebook.com/pandasilk","/redirect?event=channel_description&q=https%3A%2F%2Fwww.instagram.com%2Fpandasilkofficial%2F&redir_token=Z3Jr8SCGVajLe6ZajOCKj4lQUDh8MTU2NzI2NTgyNEAxNTY3MTc5NDI0","loungewear"
"https://www.youtube.com/channel/UCxXkYiO06abzdMwOl_8a0uw/","Nudwear","11","9942","","","","","loungewear"
"https://www.youtube.com/channel/UCp4iLzkv4l7LMj-Uem5C4cA/","DORINA Lingerie","241","43786","","","","","loungewear"
"https://www.youtube.com/channel/UCoZ0c8WeBie5PsGJyRWW62w/","Lilliana Dee","12518","345906","hi.lillianadee@gmail.com","https://www.twitter.com/lillianadee","","https://www.instagram.com/lillianadee","loungewear"
"https://www.youtube.com/channel/UCb2fKNBRtC06yz_NsUGbYgw/","SoothingSista","324632","25477919","stephanie@rare.global","https://twitter.com/sistasoothing","","http://instagram.com/soothingsista","loungewear"
"https://www.youtube.com/channel/UCeoqscEUGxJyBUKkgQjjBTQ/","FADAK _","131","19992","","","","","loungewear"
"https://www.youtube.com/channel/UCAegR72OzC0iImVLHNHXC2g/","Rifka bjm","","219681","","","","","loungewear"
"https://www.youtube.com/channel/UCAEKq7rlC0QmqMD2l_FTcnQ/","WGSN","17919","601000","contactus@wgsn.com","","","","loungewear"
"https://www.youtube.com/channel/UCXLLHoEaBC8GsGzB1Dn-s8A/","FeliciaMarieTV","3187","749636","msshopaholicdiariesyt@gmail.com","","https://www.facebook.com/FeliciaMarieTV","https://www.instagram.com/FeliciaMarieTV","loungewear"
"https://www.youtube.com/channel/UCJKX7wTH9zuTVKqsUUak1JA/","Ben Williams","745","294658","bendave94@gmail.com","","","","loungewear"
"https://www.youtube.com/channel/UCuoPyHTe_ymSriNz2AwKRIg/","TheLingeriePost","110","260431","","","","","loungewear"
"https://www.youtube.com/channel/UC83HNqL0xABHtc_QIl3xbBA/","Twyst underwear","5","5068","info@twyst.nl","/redirect?event=channel_description&redir_token=GOoAqgzpIAiArywtuCgHG2Hl4_F8MTU2NzI2NTg0NEAxNTY3MTc5NDQ0&q=https%3A%2F%2Ftwitter.com%2Ftwyst_nl","","/redirect?event=channel_description&redir_token=GOoAqgzpIAiArywtuCgHG2Hl4_F8MTU2NzI2NTg0NEAxNTY3MTc5NDQ0&q=https%3A%2F%2Fwww.instagram.com%2Ftwystnl%2F","loungewear"
"https://www.youtube.com/channel/UCv22R0zIQZfUmwgcxvJQtcA/","CurlsBeauty","52204","8593425","Curlsbeauty@yahoo.com","","","https://www.instagram.com/officialcurlsbeauty/","loungewear"
"https://www.youtube.com/channel/UCZUKEJ3x5z5wYAKe5p7_G7Q/","The Wealthy Girl","733","26140","jamissarainey@gmail.com","https://twitter.com/thewealthygirl1","","https://www.instagram.com/thewealthygir.l/","loungewear"
"https://www.youtube.com/channel/UC3VeLO6_7c5dJlQMmf_iDTQ/","Red Velvet Lingerie","726","188589","","https://twitter.com/Redvelvet_vi","http://www.facebook.com/RedVelvetLingerieonline","http://instagram.com/redvelvetlingerie","loungewear"
"https://www.youtube.com/channel/UCLRCYcZ_YYIe2FY5QG5DQcw/","Candy Lane","34","37412","","","","","loungewear"
"https://www.youtube.com/channel/UC_ffcLMRc8LieRwQzhXPwQw/","ExoticOpp","7053","600018","","","","https://www.instagram.com/exoticopp/","loungewear"
"https://www.youtube.com/channel/UC8FP_1-GAqb3HSf9q6Nxnfw/","Laurence Tavernier","9","3035","clients@laurencetavernier.fr","","","/redirect?q=http%3A%2F%2Finstagram.com%2Flaurencetavernier&event=channel_description&redir_token=rilqNXQcNKTcoMh2h9RbFUYvyPt8MTU2NzI2NTg1NkAxNTY3MTc5NDU2","loungewear"
"https://www.youtube.com/channel/UC83HNqL0xABHtc_QIl3xbBA/","Twyst underwear","5","5068","info@twyst.nl","/redirect?q=https%3A%2F%2Ftwitter.com%2Ftwyst_nl&event=channel_description&redir_token=ssXLTZTjd0HCjBtiP7L5iAdeB_p8MTU2NzI2NTg1M0AxNTY3MTc5NDUz","","/redirect?q=https%3A%2F%2Fwww.instagram.com%2Ftwystnl%2F&event=channel_description&redir_token=ssXLTZTjd0HCjBtiP7L5iAdeB_p8MTU2NzI2NTg1M0AxNTY3MTc5NDUz","loungewear"
"https://www.youtube.com/channel/UC7PmnS25iZUqetlENCFEzsA/","livingwithliv xx","1648","145591","","","","","loungewear"
"https://www.youtube.com/channel/UCEv3mXvDTiJCcvAuD0u3Iig/","Annamaria Castro","6819","381518","","","","","loungewear"
"https://www.youtube.com/channel/UCnwgOcij_r91tRcR-6M4uwQ/","Avi Gill","413","21834","avibeauty3@gmail.com","https://twitter.com/avneet__gill?lang=en-gb","https://www.facebook.com/avibeautyy/","","loungewear"
"https://www.youtube.com/channel/UC387fiki64sINcvRCEfRGQw/","Lily May","837","58912","lily.mcconnell90@gmail.com","www.twitter.com/lilypinkx","https://www.facebook.com/lily.mcc90","https://instagram.com/lilypinkx/","loungewear"
"https://www.youtube.com/channel/UCAfkPJfUNEEhvKoPCS6qLFg/","MyleneHomeparty","392","57412","","","https://www.facebook.com/MyleneOfficial/","https://www.instagram.com/mylene.eu/","loungewear"
"https://www.youtube.com/channel/UC5DvMXPCX4vbPdskHFEvCJA/","Triumph","2776","1737041","","https://twitter.com/triumphlingerie","https://www.facebook.com/Triumph","","loungewear"
"https://www.youtube.com/channel/UC-u1c5Thd0pwak4qhwGR-_g/","Schachenmayr Deutsch","2019","239697","digital.support@mezcrafts.com","","https://www.facebook.com/SchachenmayrD","https://www.instagram.com/schachenmayr/","loungewear"
"https://www.youtube.com/channel/UC5hjhtAGF0oT8sk3tbyX3Ug/","myboxercraft","192","5612","","","","","loungewear"
"https://www.youtube.com/channel/UC13WvumXg5hTtrfGSATz3Og/","Collette P","85","6965","","","","","loungewear"
"https://www.youtube.com/channel/UCAUt9Hft6_HVdsKUscHV3gg/","Femme Luxe","220","748101","","","","","loungewear"
"https://www.youtube.com/channel/UCmMr0Tuc4-BPBg_3z3INMaA/","Penye Mood","9","377","","","","","loungewear"
"https://www.youtube.com/channel/UCIpINaR-jVcr-JaRqEKhVXQ/","Jellydevote","38891","4478907","","","","","loungewear"
"https://www.youtube.com/channel/UCjYDr6TwflbmdrTRMGTVlVA/","Monicasmoda","380","48772","monicasmoda2018@gmail.com","","","","loungewear"
"https://www.youtube.com/channel/UCR8Bt9YEwp962dd1srxwdLQ/","Anasthasia Style","","262022","anasthasiadx@gmail.com","","","https://www.instagram.com/anasthasiastyle/","loungewear"
"https://www.youtube.com/channel/UCcKcLJEHhH1NN5RBMLl6urQ/","LILYSILK","3082","743091","support@lilysilk.zendesk.com","http://www.twitter.com/lilysilk","https://www.facebook.com/LuxurySilk","https://instagram.com/lilysilk","loungewear"
"https://www.youtube.com/channel/UChWXY0e-HUhoXZZ_2GlvojQ/","Victoria's Secret","1813240","310590235","","https://twitter.com/VictoriasSecret","http://www.facebook.com/victoriassecret","http://instagram.com/victoriassecret#","loungewear"
"https://www.youtube.com/channel/UC2WPLZaNXq70-ERctm_sF6A/","Kat Henry","166","23436","","https://twitter.com/henryskat2014","https://www.facebook.com/henryskat2014","http://instagram.com/kat_v_henry","loungewear"
"https://www.youtube.com/channel/UC9ZazCpWqbCKD02e5eWSQ2w/","For Every Minute - Luxury Lounge & Sleepwear","35","24307","","","","","loungewear"
"https://www.youtube.com/channel/UCKsNip-AC7wOldUyopj5tmw/","Awesome life","2971","964910","05.awesome.life@gmail.com","https://twitter.com/05Awesomelife","https://www.facebook.com/05Awesomelife-187626665144675/","https://www.instagram.com/05awesomelif/","loungewear"
"https://www.youtube.com/channel/UCRg883mxRfitPaxTx-lDAig/","Chloe Matthews","1072","135348","","https://twitter.com/Chlo_oxo_","","https://www.instagram.com/chloematthewsxx/","loungewear"
"https://www.youtube.com/channel/UCFNbbeTs_R4K14H1qzrJmnw/","Lucy Love","735","63947","lucyjlove@hotmail.com","","","http://www.instagram.com/lucy_jlove","loungewear"
"https://www.youtube.com/channel/UCo90MAdFYnVuy33Pc925iYw/","Midsummer Night's Dream sleepwear","1","347","","","","","loungewear"
"https://www.youtube.com/channel/UCkAikGVU6FQM_HjZkzk-yqw/","Patricia Farrell","530","132768","","","","","loungewear"
"https://www.youtube.com/channel/UCyTvEffOyRxm39YF4RkaCXw/","gastohn","797","281226","","https://twitter.com/gastohn","https://www.facebook.com/gastohn.photos","http://instagram.com/gastohnbarrios","loungewear"
"https://www.youtube.com/channel/UCjvRjeefmkzlFzE4YC0bF_A/","La Perla Lingerie","4645","2022293","","http://www.twitter.com/laperlalingerie","http://www.facebook.com/LaPerlaOfficialSite","http://www.instagram.com/laperlalingerie","loungewear"
"https://www.youtube.com/channel/UCo3t6NkqNr0E3KzGniaG3wQ/","JustJosie","590","66402","","","","https://instagram.com/josie2598/","loungewear"
"https://www.youtube.com/channel/UCZ_wR_EX9t6GiovWR2dIZyg/","Lucy Grey","1422","99551","lucyharrisuk13@gmail.com","https://twitter.com/LucyHarris0","","https://www.instagram.com/_lucygrey_/","loungewear"
"https://www.youtube.com/channel/UCKpsmr-yuuT9ZuObGpDQdQg/","MangoPeople Shop","522","93599","info@mangopeople.biz","","","","loungewear"
"https://www.youtube.com/channel/UCE6PxBKIAgg1bQKuBZ3yA8g/","Saskia Stella Rogers","130","2970","saskiastellarogers@outlook.com","","","www.instagram.com/saskiastellarogers","loungewear"
"https://www.youtube.com/channel/UCWrr8EyIHIp0pkeoyhIw2zw/","Georgie Clarke","5137","419102","","https://twitter.com/georgieiclarke","","http://instagram.com/georgieiclarke","loungewear"
"https://www.youtube.com/channel/UCoXApGFWH9c_QXcPNpoKpDw/","Escora lingerie","58","33566","info@escora.de","","","","loungewear"
"https://www.youtube.com/channel/UCsvP9ooblh4kj-eSgYgll6g/","TaylorWinbushTV","1206","78982","","","","","loungewear"
"https://www.youtube.com/channel/UCik4iPDpXCHiFezAv4k6R1w/","Maggie Hasper","893","51916","maggie.hasper.bs@gmail.com","https://twitter.com/MaggieHasper","https://www.facebook.com/MaggieHasper","https://www.instagram.com/maggiehasper","loungewear"
"https://www.youtube.com/channel/UCh780MQMrUejsDaaP17tGMw/","skorchmagazine","2488","526683","info@skorchtv.com","","","","loungewear"
"https://www.youtube.com/channel/UCQ33NgOv6MpUd1bUs7yzs0Q/","InTheLifeOfRhi x","","7570","","","","","loungewear"
"https://www.youtube.com/channel/UCJPZivvdwhqWgwR1JBrYXRQ/","Zenia Diaries","172","14392","Azara-zenia_93@hotmail.com","","","","loungewear"
"https://www.youtube.com/channel/UCa7KBRmRJ3hNlBj5SsOlmNw/","DudeRobe","","12146","","","","","loungewear"
"https://www.youtube.com/channel/UCSJ98HG3dVS0v1orq8MLsVQ/","Paula Elisabeth","4615","211284","paulaelisabeth@aol.de","https://twitter.com/itspaaaaula","","","loungewear"
"https://www.youtube.com/channel/UC2DXz4Ofo_yx8VqMSnAhsIQ/","DivineMrsDiva","106","10922","divinemrsdiva@gmail.com","","","https://www.instagram.com/DivineMrsDiva/","loungewear"
"https://www.youtube.com/channel/UCxyQfuCrExXzwJBbSBfhXYA/","Nikitasha singh","500","35292","","","","","loungewear"
"https://www.youtube.com/channel/UCKh6daJaVvPF5O4Qx-3ktUQ/","Candace Boney","437","582417","","","","","loungewear"
"https://www.youtube.com/channel/UCK07s9KWg8fDhPqMZoq8pUg/","winkfor99","95","8569","winkfor99@gmail.com","","","","loungewear"
"https://www.youtube.com/channel/UCk47M3pOGc4GOSUllu5LsZA/","A K Nicholas Art/Figure Photography","104","16114","","https://twitter.com/eleganteye","https://www.facebook.com/pages/A-K-Nicholas/623306167745761","","loungewear"
"https://www.youtube.com/channel/UCu5yvlJN3d2IG2hQ6gBKxZg/","Lauren Elyce","318","18469","lauren@laurenelyce.com","","","https://www.instagram.com/laurenelyce/","loungewear"
"https://www.youtube.com/channel/UC7xPwQDx24CJKT1wsZo4RXQ/","Amazing Grace Lingerie UK","11","1062","grace@amazinggrace-lingerie.co.uk","","","","loungewear"
"https://www.youtube.com/channel/UCdAWrOsmpZcheboSJ8RWFiw/","LingerieFW","706","185129","","","","","loungewear"
"https://www.youtube.com/channel/UCggXP-WTMhP2r7u8AMqymEw/","fashionadoTV","686","388665","","","","","loungewear"
"https://www.youtube.com/channel/UCCeQJh4of7rpXQR6ir08Rxg/","Dhan Sai","5780","2267481","","","","","loungewear"
"https://www.youtube.com/channel/UCChbxfJeNJ4XrOeWOR508YQ/","PGA Worldwide Golf Exhibitions","334","181766","inquiry@pga.reedexpo.com","https://twitter.com/PGAShow","https://www.facebook.com/PGA-Worldwide-Golf-Exhibitions-116013978433463/","https://instagram.com/pgagolfshows/","loungewear"
"https://www.youtube.com/channel/UCwOytW6PmhZReLZNn6WKISg/","Jessica Morrison","55","6042","jessicamorrison767@gmail.com","","","","loungewear"
"https://www.youtube.com/channel/UCiGh8h5tyN4f-4CWKcIwldg/","CHARMOR FASHION GROUP","9","2191","","","","","loungewear"
"https://www.youtube.com/channel/UCxtwXlumnynJcqY1TPM0DqQ/","Angela Spencer05 TV.","1047","65418","","","","","loungewear"
"https://www.youtube.com/channel/UCK3AXLpffxs6BMulD4bqUIg/","Life with Laila","131","12760","lailaz626@yahoo.com","https://twitter.com/lailaz626","","https://instagram.com/lailaz626","loungewear"
"https://www.youtube.com/channel/UC52ZWhUDMeI3Y8ZLuO2w5JQ/","Annabel & Grace - award-winning online magazine","3157","587498","contact@countrywives.co.uk","","","","loungewear"
"https://www.youtube.com/channel/UC5hVtZhnZ8-5_EspZ4nAbyg/","Thought","15","2082","info@braintreeclothing.com","/redirect?q=http%3A%2F%2Ftwitter.com%2FBtreeClothing&redir_token=JXOY7XIVCPFllZDUnBHr9tzZgb18MTU2NzI2NTk1OEAxNTY3MTc5NTU4&event=channel_description","/redirect?q=http%3A%2F%2Fwww.facebook.com%2FBtreeClothing&redir_token=JXOY7XIVCPFllZDUnBHr9tzZgb18MTU2NzI2NTk1OEAxNTY3MTc5NTU4&event=channel_description","/redirect?q=http%3A%2F%2Finstagram.com%2Fbtreeclothing&redir_token=JXOY7XIVCPFllZDUnBHr9tzZgb18MTU2NzI2NTk1OEAxNTY3MTc5NTU4&event=channel_description","loungewear"
"https://www.youtube.com/channel/UC0T7nXaZmacjL2rhb_nvgMw/","EVA","11","3845","","","","","loungewear"
"https://www.youtube.com/channel/UCKUEwsnFSNLBVA4jM03CfBg/","Lissette Marie","9280","767943","lissettemariemanagement@gmail.com","https://twitter.com/LissetteMarieTM","","https://www.instagram.com/lissettemarietm/","loungewear"
"https://www.youtube.com/channel/UCDoq_4KkRaCV-HvXUQwgDhA/","Marnie Buena","","2092","","","","","loungewear"
"https://www.youtube.com/channel/UCKqBubt2UrRD6TtLrXzxEpA/","Clara Jaide","288","15905","clarajaide@gmail.com","http://www.twitter.com/clarajaide","","http://www.instagram.com/clarajaide","loungewear"
"https://www.youtube.com/channel/UCbdw0dYXP0NmeUmUgi_fj_w/","Yellowberry Company","88","82473","info@yellowberrycompany.com","","","","loungewear"
"https://www.youtube.com/channel/UCyY8y8Ma5r8lG7ckZS9S71A/","Emily Alexander","195318","5091044","emilyalexanderbusiness@gmail.com","","","https://www.instagram.com/emilyalexaander/?hl=en","loungewear"
"https://www.youtube.com/channel/UCi06N_isocklUq3rqinOxWA/","Sheer Luxury Designer Lingerie - The Landmark","324","115486","info@sheer.com.hk","","","","loungewear"
"https://www.youtube.com/channel/UCcKyppZYUOBwRSEflrGzyvQ/","Samantha Warren","73846","980546","","https://twitter.com/sammiewarrenx","","https://www.instagram.com/sammiewarrenx/","loungewear"
"https://www.youtube.com/channel/UCbYBlwQXywaK5wFJUx8z5jA/","LASULA","95","27569","buying@lasula.co.uk","","https://www.facebook.com/LASULA.CO.UK/","https://www.instagram.com/lasulaboutique/?hl=en","loungewear"
"https://www.youtube.com/channel/UCYQDckcwqmNqbUpbZUX1C5A/","Conscious Life Shop by Therapist Tiffany Shelton","1","2438","tiffanysheltontherapist@gmail.com","","","","loungewear"
"https://www.youtube.com/channel/UCNVI06kzDX5PZHgzKz7HMPQ/","KUNA Europe","","13966","sale@alpaca-onlineshop.com","","http://www.facebook.com/kunaeurope","","loungewear"
"https://www.youtube.com/channel/UC9M_cV5Eb19_r2DZvZYZe9A/","EL RAZA CATRACHO504","8","23","","","","","loungewear"
"https://www.youtube.com/channel/UCbkzUDRczjKb5k7q2nzL8rg/","Holly Nicole","6","378","","","","","loungewear"
"https://www.youtube.com/channel/UC06bhzDZSKT-xCArSM1qfgA/","Zøheÿr TLM","2","","","","","","loungewear"
"https://www.youtube.com/channel/UCoP-7kDhzWpXkQJdPSxIYAw/","thebambiawards","535","581960","","","","","loungewear"
"https://www.youtube.com/channel/UCdF5QXMUx1tT7odhtBdDyEA/","Audrey Coyne","173278","13893006","AudreyALaModeBlog@gmail.com","","","https://www.instagram.com/audreyacoyne/","loungewear"
"https://www.youtube.com/channel/UCTOq1MAas7-qfK5FzfcQO2Q/","Alvan Janse","","16651","","","","","loungewear"
"https://www.youtube.com/channel/UCb83A18flneprpGys9PwJKg/","Fashions Angel","111","36348","","","","","loungewear"
"https://www.youtube.com/channel/UCXyW-PV0AOdzmCdlNMxulqw/","Love Notions Sewing Patterns LLC","301","8965","","","","","loungewear"
"https://www.youtube.com/channel/UCy9Q4WCoPxjjgWyyYj8OZBw/","its Cilla","","34617","cillaboye@gmail.com","","","","loungewear"
"https://www.youtube.com/channel/UCCKn4rg6T7iKGMAlmst4BfA/","M R","134","17374","","","","","loungewear"
"https://www.youtube.com/channel/UCcZ6TbyeRBprFbSgkfQwbpw/","Yalivta","107","47860","info@yalivta.com","","http://www.facebook.com/yalivta","http://www.instagram.com/yalivta","loungewear"
"https://www.youtube.com/channel/UCld4dezkExYXnrRClQgXXRg/","Penny Stunner","","6947","","","","","loungewear"
"https://www.youtube.com/channel/UCUIS9m6iD_VvwWvTOXYq4eQ/","Whitney Scherillo","90","7459","","","","","loungewear"
"https://www.youtube.com/channel/UC7V98a8TBxI8NaDlASor5GA/","KRISS SOONIK JAPAN","0","474","","","","","loungewear"
"https://www.youtube.com/channel/UCAwJ7isfQj8eTkIDqx-YtBg/","LilJohnnyOfficial","73","61773","","https://twitter.com/LilJohnny_PT","http://www.facebook.com/profile.php?id=100001900050263","","loungewear"
"https://www.youtube.com/channel/UCYVt_gx8pP0Uy1nWukI80Bg/","Snelly Intimo","105","132212","","https://twitter.com/SnellyIntimo","https://www.facebook.com/SnellyIntimo","https://www.instagram.com/snellyintimo","loungewear"
"https://www.youtube.com/channel/UCfSd8IpiEL4y3Yy2dO-mt1g/","Jo Crayon","0","","","","","","loungewear"
"https://www.youtube.com/channel/UCEl9VJp_P6brM8MD3YNozLA/","Homebodii","8","2217","","","/redirect?q=http%3A%2F%2Fwww.facebook.com%2FHomebodii&redir_token=kiJcns4kEP-mE3tWUgbOchU2uCF8MTU2NzI2NjAwOUAxNTY3MTc5NjA5&event=channel_description","","loungewear"
"https://www.youtube.com/channel/UCziBJADuZP0pW627QJWaRhQ/","UNIQLO Canada","364","544769","","","","","loungewear"
"https://www.youtube.com/channel/UCThu33AGMnsuimOibyzDv1A/","Hannah Medley","58","","","/redirect?q=http%3A%2F%2Ftwitter.com%2Fhannah_medley&redir_token=etc1_MPnR81h1SnrTErx4ndmD8l8MTU2NzI2NjAxMUAxNTY3MTc5NjEx&event=channel_description","","/redirect?q=http%3A%2F%2Finstagram.com%2Fhannahjo_medley&redir_token=etc1_MPnR81h1SnrTErx4ndmD8l8MTU2NzI2NjAxMUAxNTY3MTc5NjEx&event=channel_description","loungewear"
"https://www.youtube.com/channel/UChVqVDTefBEquDhscVXohwQ/","Grace Young","21","371","","","","","loungewear"
"https://www.youtube.com/channel/UCMQeO6pwkrmWAHPTOx34PSQ/","Yummylook.com","9","560","","","","","loungewear"
"https://www.youtube.com/channel/UCFHIugoXSG8OnJoYwt7OkVw/","Mary Ashley Cabana","227","18495","","","","","loungewear"
"https://www.youtube.com/channel/UCjQJmXag-ujhvhoitU1czeA/","virendra malik","24","12670","","","","","loungewear"
"https://www.youtube.com/channel/UC9vIIlS3IvmefYPpWvVXhQg/","LUMIDAYY","713","25025","olumideotukoya5@gmail.com","https://twitter.com/Lumidayy","","https://www.instagram.com/lumidayy/","loungewear"
"https://www.youtube.com/channel/UCJ-1XliC_tKUqJ5pSooHFSA/","Platinum Simmers","175","88674","","https://twitter.com/platinumsimmers","https://www.facebook.com/platinumsimmers","http://instagram.com/platinumsimmers","loungewear"
"https://www.youtube.com/channel/UCZa8ZaQj2veHTVrUJoyunmw/","Tantania Dixon","6","","","","","","loungewear"
"https://www.youtube.com/channel/UC3U-WrmjRQp3O8YL3ZheLqw/","Oliver Spencer","218","55535","","https://twitter.com/o_spencer","https://www.facebook.com/OliverSpencerLondon","https://instagram.com/oliverspencerstore/","loungewear"
"https://www.youtube.com/channel/UCQemIz6-WUORsLyzlKhuIVA/","Egle Graziani","190","24612","eglegraziani@yahoo.it","http://www.twitter.com/eglegraziani","https://www.facebook.com/pages/To-Be-Addicted-To-Shoes-by-Egle-Graziani/328679973828210?fref=ts","http://instagram.com/eglegraziani","loungewear"
"https://www.youtube.com/channel/UCtDfdZwx0RJ5IKWhFlWCr7w/","Gary Deitz","0","","","","","","loungewear"
"https://www.youtube.com/channel/UCxofy3nAGLblS5UWCiKBDng/","peach","","9155","","","","","loungewear"
"https://www.youtube.com/channel/UC-WnPbEwO7mWhsFge-X9MmA/","Art Renda","23","8515","","","","","loungewear"
"https://www.youtube.com/channel/UClBXujazFr1QfifAxtXUTGg/","FabulosiTEA","31","5440","","/redirect?q=https%3A%2F%2Ftwitter.com%2Ffabulositea&redir_token=3uSu0dVadPYo9iT_CC2xZi3W58V8MTU2NzI2NjAxNkAxNTY3MTc5NjE2&event=channel_description","/redirect?q=https%3A%2F%2Fwww.facebook.com%2Ffabulositea&redir_token=3uSu0dVadPYo9iT_CC2xZi3W58V8MTU2NzI2NjAxNkAxNTY3MTc5NjE2&event=channel_description","","loungewear"
"https://www.youtube.com/channel/UCkSqbMoHpiRyg9bAgH_XiUQ/","メألہذيہب","542","8566","bebebbee7@gmail.com","","","","loungewear"
"https://www.youtube.com/channel/UCJxxwGvCZgG15KP7ZPbOyKQ/","Evolutionary Apparel","0","","evolutionaryapparelclothing@gmail.com","/redirect?q=http%3A%2F%2Fwww.twitter.com%2Fevolutionaryapp&event=channel_description&redir_token=FPkeeb1FlK9IVwQNTPikzC3rIlt8MTU2NzI2NjAxN0AxNTY3MTc5NjE3","/redirect?q=http%3A%2F%2Fwww.facebook.com%2Fevolutionaryapparel&event=channel_description&redir_token=FPkeeb1FlK9IVwQNTPikzC3rIlt8MTU2NzI2NjAxN0AxNTY3MTc5NjE3","/redirect?q=http%3A%2F%2Fwww.instagram.com%2Fevolutionaryapparel&event=channel_description&redir_token=FPkeeb1FlK9IVwQNTPikzC3rIlt8MTU2NzI2NjAxN0AxNTY3MTc5NjE3","loungewear"
"https://www.youtube.com/channel/UClBXujazFr1QfifAxtXUTGg/","FabulosiTEA","31","5440","","/redirect?q=https%3A%2F%2Ftwitter.com%2Ffabulositea&event=channel_description&redir_token=FPkeeb1FlK9IVwQNTPikzC3rIlt8MTU2NzI2NjAxN0AxNTY3MTc5NjE3","/redirect?q=https%3A%2F%2Fwww.facebook.com%2Ffabulositea&event=channel_description&redir_token=FPkeeb1FlK9IVwQNTPikzC3rIlt8MTU2NzI2NjAxN0AxNTY3MTc5NjE3","","loungewear"
"https://www.youtube.com/channel/UCmewo9RdL3ZqqCr1ap572dQ/","Gaby Endoandso","","1859","","","","","loungewear"
"https://www.youtube.com/channel/UC1HwzIhN4K5XkL0xtc4YIvQ/","Opulence of Southern Pines LLC - Southern Pines NC","14","6041","orders@opulenceofsouthernpines.com","","","","loungewear"
"https://www.youtube.com/channel/UCJxxwGvCZgG15KP7ZPbOyKQ/","Evolutionary Apparel","0","","evolutionaryapparelclothing@gmail.com","/redirect?redir_token=p-Jxr9Np4bj05DsSIUwzQKdIzRR8MTU2NzI2NjAxOEAxNTY3MTc5NjE4&event=channel_description&q=http%3A%2F%2Fwww.twitter.com%2Fevolutionaryapp","/redirect?redir_token=p-Jxr9Np4bj05DsSIUwzQKdIzRR8MTU2NzI2NjAxOEAxNTY3MTc5NjE4&event=channel_description&q=http%3A%2F%2Fwww.facebook.com%2Fevolutionaryapparel","/redirect?redir_token=p-Jxr9Np4bj05DsSIUwzQKdIzRR8MTU2NzI2NjAxOEAxNTY3MTc5NjE4&event=channel_description&q=http%3A%2F%2Fwww.instagram.com%2Fevolutionaryapparel","loungewear"
"https://www.youtube.com/channel/UCBF9nOAC1i8Q80b0VaI6wqg/","Acacia idk","4","","","","","","loungewear"
"https://www.youtube.com/channel/UCl9RVrdifkU1ST8a9onRI6Q/","Gracefully Aging","2","422","","","","","loungewear"
"https://www.youtube.com/channel/UCjPgPPSmYn9RJornJ05GObQ/","David Gandy - Official","","128658","officialdavidgandy@gmail.com","","","","loungewear"
"https://www.youtube.com/channel/UCqvObVDeY_BIduUZx70IE2w/","styleNmotion","2","260","caitlin@stylenmotion.com","","","","loungewear"
"https://www.youtube.com/channel/UCkZLOT2nXxuJnvBqKcXox2A/","Veronica Canaveira","1","","","","","","loungewear"
"https://www.youtube.com/channel/UC4lHH82eFNAGqzPuMeDd1yA/","COCOI ropa deportiva mujer","15","3453","","/redirect?event=channel_description&redir_token=OTdbJ4AlcilXiP0tIUQ8x7v9mxV8MTU2NzI2NjAyM0AxNTY3MTc5NjIz&q=https%3A%2F%2Ftwitter.com%2Fcocoi_made","","/redirect?event=channel_description&redir_token=OTdbJ4AlcilXiP0tIUQ8x7v9mxV8MTU2NzI2NjAyM0AxNTY3MTc5NjIz&q=http%3A%2F%2Fwww.online-instagram.com%2Fuser%2Fcocoimade%2F9347711","loungewear"
"https://www.youtube.com/channel/UCT4WGVpdMBDnW30nxJnvbEw/","Ratanas Channel","77","77266","","/redirect?redir_token=xgAzfPT9DrtaxirALgwAMAxjh0R8MTU2NzI2NjAyNEAxNTY3MTc5NjI0&q=https%3A%2F%2Ftwitter.com%2FPadresatanlol&event=channel_description","/redirect?redir_token=xgAzfPT9DrtaxirALgwAMAxjh0R8MTU2NzI2NjAyNEAxNTY3MTc5NjI0&q=https%3A%2F%2Fwww.facebook.com%2Fratanaschannel&event=channel_description","","loungewear"
"https://www.youtube.com/channel/UCRDPlyuTAus79rPdFERMS5A/","Hyper RPG","117237","25678289","hello@hyperrpg.com","http://twitter.com/hyper_rpg","http://facebook.com/hyperrpg","http://instagram.com/hyperrpg","loungewear"
"https://www.youtube.com/channel/UC2mNSl8KwwslRUhUGcB8vRA/","onlinesdl","261","258368","","https://twitter.com/onlinesdl","http://www.facebook.com/onlinesdl","","loungewear"
"https://www.youtube.com/channel/UCT4WGVpdMBDnW30nxJnvbEw/","Ratanas Channel","77","77266","","/redirect?q=https%3A%2F%2Ftwitter.com%2FPadresatanlol&event=channel_description&redir_token=F8f3luCrkoTFGc8hDkVkVrZa8zB8MTU2NzI2NjAyOUAxNTY3MTc5NjI5","/redirect?q=https%3A%2F%2Fwww.facebook.com%2Fratanaschannel&event=channel_description&redir_token=F8f3luCrkoTFGc8hDkVkVrZa8zB8MTU2NzI2NjAyOUAxNTY3MTc5NjI5","","loungewear"
"https://www.youtube.com/channel/UCMQNaaFrvAWm6dNwd1nPulA/","Fatima Tariq","2","30","","","","","loungewear"
"https://www.youtube.com/channel/UCKMOg2vt3Q7PeYE1DqMULoQ/","MrFaiyaz75","0","48","","","","","loungewear"
"https://www.youtube.com/channel/UCzWaYKvqCr5MAMbcnP6_KqA/","Brittany J","0","","","","","","loungewear"
"https://www.youtube.com/channel/UCSAAulEdG8ffc2-K8p6ViDQ/","mystilettolife","258","1381","","https://twitter.com/mystilettolife","https://www.facebook.com/mystilettolife","https://instagram.com/mystilettolife/","loungewear"
"https://www.youtube.com/channel/UCVOhQuOiF1N9Zm-UXzCYMRA/","alamodedeleslie","78","10639","alamodedeleslie@gmail.com","","","","loungewear"
"https://www.youtube.com/channel/UCrEwINKSPMgkO-stuRzmuXg/","HomebodiiTV","103","36465","","","","","loungewear"
"https://www.youtube.com/channel/UCwdRx6DDFqO7hNvUbD4XmqA/","BarneyIsEvil246","6","","","","","","loungewear"
"https://www.youtube.com/channel/UCFiEs70wIhIYidyanUpYiBA/","Mollie Shannon","138","10864","","","","","loungewear"
"https://www.youtube.com/channel/UCIUFexmve10FI200tGJo9UA/","flyTieClothing","185","18442","","","","","loungewear"
"https://www.youtube.com/channel/UCevuUNcaj_cr6HxrJp3aHEA/","TaraWhiteTalks","23181","3543320","tarawhitetalks@gmail.com","","https://www.facebook.com/tarawhitetalks","https://www.instagram.com/tarawhitetalks","loungewear"
"https://www.youtube.com/channel/UC7JsmjIW36hn6FRsCf-9-gA/","Classic Polo","176","8731","ecom.cp@rcg.in","https://twitter.com/classicpolos","https://www.facebook.com/ClassicPolo","","loungewear"
"https://www.youtube.com/channel/UCdm2wMolekWmARodXhc57tg/","Kerri Vincent","22","9593","","","","","loungewear"
"https://www.youtube.com/channel/UC52Rm8z8L-Tqf10CzM95E1A/","Leticia Fumis","10","2685","","","","","loungewear"
"https://www.youtube.com/channel/UCmrPnVT7KD40GIwxhXBZplg/","شوشو ارمط - للكبار فقط","","46549","essamkasem777@gmail.com","","","","loungewear"
"https://www.youtube.com/channel/UCU_RMt2-D8YlD4ZPXOeRoxg/","Rupert and Buckley","7","69794","contact@rupertandbuckley.com","https://twitter.com/rupertbuckley","https://www.facebook.com/pg/RupertAndBuckley","https://www.instagram.com/rupertandbuckley","loungewear"
"https://www.youtube.com/channel/UC7Pwo1ByEPcQUtRAIPcTvpA/","Michelle Ijeoma","2968","309501","beingshellyb@gmail.com","https://twitter.com/michelleijeoma_","https://www.facebook.com/IamMichelleIjeoma/?modal=admin_todo_tour","https://www.instagram.com/thebeautylegalista","loungewear"
"https://www.youtube.com/channel/UC0_QJWH55GZRYeZV6z7CHXA/","FTAPE","115","89907","","http://www.twitter.com/ftape","http://www.facebook.com/ftape","","loungewear"
"https://www.youtube.com/channel/UCjkOHEhnaCWkqfDHype9zUg/","Success thru Style","17","2704","","","","","loungewear"
"https://www.youtube.com/channel/UCejiMrLHajh1lFIyGzZ8Syg/","MorganAddled","39","8796","","","","","loungewear"
"https://www.youtube.com/channel/UC4RnqbUVKFm5irhrvyFV6cg/","Michaela Bellydancer","136","24783","","","","","loungewear"
"https://www.youtube.com/channel/UC_R7I7bqOkeiwuSmCRuPlvA/","Courtney Houle","3","","","","","","loungewear"
"https://www.youtube.com/channel/UCc1Le_3Vq8lCmmGOGwrRx-w/","Carly Welsh","7","97","","","","","loungewear"
"https://www.youtube.com/channel/UCHGkfIKHb524R-uD57MlKvg/","Kim S","799","40382","","https://twitter.com/s33ITbelieveIT","","","loungewear"
"https://www.youtube.com/channel/UCHu2bbkr_b7RlhXza79GbgA/","Claudio M P de Moraes","1582","160097","","","","","loungewear"
"https://www.youtube.com/channel/UCbosGO0R2uFWaSml4v2itlw/","Home Shopping Network - Topic","16","","","","","","loungewear"
"https://www.youtube.com/channel/UCadxh4W7tkpITN08lwGlYag/","MADI Apparel","26","11932","","","","","loungewear"
"https://www.youtube.com/channel/UC0dCVivKVvtHf0Hq6dciTxA/","Chloe Jade","18","","","","","","loungewear"
"https://www.youtube.com/channel/UCP8N4G7D3Y3nsd32YGM-Z3A/","Chiara Van Hirtum","3","25653","","","","","loungewear"
"https://www.youtube.com/channel/UC-Ndgpf1_Z6kPkKdXZmWvMA/","Andrea Woods","0","","","","","","loungewear"
"https://www.youtube.com/channel/UCN2Z_nuG5XtVnE998unA3PA/","Jahannah James","10220","716050","","","","","loungewear"
"https://www.youtube.com/channel/UCO-VAoSRqvBIduO0mBM_r7A/","Serita Sumpter","2","","","","","","loungewear"
"https://www.youtube.com/channel/UCB5zJSVsp8l47GZrflC9uZQ/","Kim Trinh","2","596","","","","","loungewear"
"https://www.youtube.com/channel/UCvoObPT4kn9QP3wsIOpYgIQ/","Lohe Internacional S.A.","53","28326","mlaguens@lohe.es","https://twitter.com/modaLOHE","https://www.facebook.com/pages/Lohe-Internacional/117804051649212?ref=hl","","loungewear"
"https://www.youtube.com/channel/UCJxxwGvCZgG15KP7ZPbOyKQ/","Evolutionary Apparel","0","","evolutionaryapparelclothing@gmail.com","/redirect?q=http%3A%2F%2Fwww.twitter.com%2Fevolutionaryapp&event=channel_description&redir_token=lZy9d_SwFSQ3nE0X-MHyMO6cS8x8MTU2NzI2NjA4MkAxNTY3MTc5Njgy","/redirect?q=http%3A%2F%2Fwww.facebook.com%2Fevolutionaryapparel&event=channel_description&redir_token=lZy9d_SwFSQ3nE0X-MHyMO6cS8x8MTU2NzI2NjA4MkAxNTY3MTc5Njgy","/redirect?q=http%3A%2F%2Fwww.instagram.com%2Fevolutionaryapparel&event=channel_description&redir_token=lZy9d_SwFSQ3nE0X-MHyMO6cS8x8MTU2NzI2NjA4MkAxNTY3MTc5Njgy","loungewear"
"https://www.youtube.com/channel/UC4Yxj4UqCv4vhwkff3Li2hA/","Lightrojsp","0","","","","","","loungewear"
"https://www.youtube.com/channel/UCXWF63l8ChkR6_nQwBBZ0gA/","Kapy Bash Mode","114","2938","","","","","loungewear"
"https://www.youtube.com/channel/UCJxxwGvCZgG15KP7ZPbOyKQ/","Evolutionary Apparel","0","","evolutionaryapparelclothing@gmail.com","/redirect?q=http%3A%2F%2Fwww.twitter.com%2Fevolutionaryapp&event=channel_description&redir_token=PXsXzSa-yj5E7r1ITFKx86N9xDR8MTU2NzI2NjA4N0AxNTY3MTc5Njg3","/redirect?q=http%3A%2F%2Fwww.facebook.com%2Fevolutionaryapparel&event=channel_description&redir_token=PXsXzSa-yj5E7r1ITFKx86N9xDR8MTU2NzI2NjA4N0AxNTY3MTc5Njg3","/redirect?q=http%3A%2F%2Fwww.instagram.com%2Fevolutionaryapparel&event=channel_description&redir_token=PXsXzSa-yj5E7r1ITFKx86N9xDR8MTU2NzI2NjA4N0AxNTY3MTc5Njg3","loungewear"
"https://www.youtube.com/channel/UCezxwEE-T6mY7o10c1IEAjA/","checamille","18","8541","","","","","loungewear"
"https://www.youtube.com/channel/UCqoZmOtH68hDq0IZrsmr-oA/","Talk'n Town","306","130023","talkntown16@gmail.com","","https://www.facebook.com/Talkn-Town-1668267466772497/","https://www.instagram.com/talkntowngirls/","loungewear"
"https://www.youtube.com/channel/UCJxxwGvCZgG15KP7ZPbOyKQ/","Evolutionary Apparel","0","","evolutionaryapparelclothing@gmail.com","/redirect?redir_token=c38YWtZIr5eUY2NwWIOzavy5h7t8MTU2NzI2NjA5MkAxNTY3MTc5Njky&event=channel_description&q=http%3A%2F%2Fwww.twitter.com%2Fevolutionaryapp","/redirect?redir_token=c38YWtZIr5eUY2NwWIOzavy5h7t8MTU2NzI2NjA5MkAxNTY3MTc5Njky&event=channel_description&q=http%3A%2F%2Fwww.facebook.com%2Fevolutionaryapparel","/redirect?redir_token=c38YWtZIr5eUY2NwWIOzavy5h7t8MTU2NzI2NjA5MkAxNTY3MTc5Njky&event=channel_description&q=http%3A%2F%2Fwww.instagram.com%2Fevolutionaryapparel","loungewear"
"https://www.youtube.com/channel/UCmROOMGIS0tiuiCA_8q7XLA/","Loralette","33","5195","","","","","loungewear"
"https://www.youtube.com/channel/UCvw07-6mpJC-ok7zk7gtV9A/","PetPanda","469","26430","petpandablog@gmail.com","","","","loungewear"
"https://www.youtube.com/channel/UC4lHH82eFNAGqzPuMeDd1yA/","COCOI ropa deportiva mujer","15","3453","","/redirect?q=https%3A%2F%2Ftwitter.com%2Fcocoi_made&redir_token=bHwjmMT4xRUpDnvgbz2XQe5yLQx8MTU2NzI2NjEwN0AxNTY3MTc5NzA3&event=channel_description","","/redirect?q=http%3A%2F%2Fwww.online-instagram.com%2Fuser%2Fcocoimade%2F9347711&redir_token=bHwjmMT4xRUpDnvgbz2XQe5yLQx8MTU2NzI2NjEwN0AxNTY3MTc5NzA3&event=channel_description","loungewear"
"https://www.youtube.com/channel/UCt5Gvs6ZNf_CUeGcfgNjM_w/","Bliss Peterson","1","80","","","","","loungewear"
"https://www.youtube.com/channel/UCV6pUfKgyzLcawYSCYBdd0w/","Softies Comfort Wear","23","264543","","","","","loungewear"
"https://www.youtube.com/channel/UCeXLe7DkOVZmWNd-sOAERHg/","Tadz Juszczak","0","364","","","","","loungewear"
"https://www.youtube.com/channel/UCOTBoF7UGQ7qLV_z2v9exaw/","Miguel chinasky","16","12332","","","","","loungewear"
"https://www.youtube.com/channel/UC15Jl1syCaCbcWNXU1k7vkg/","钟梓安","1","4603","","","","","loungewear"
"https://www.youtube.com/channel/UCjtX7FKtkEWsvi9oODT6Faw/","thisiskamTV","0","","","","","","loungewear"
"https://www.youtube.com/channel/UCf2hmP3lUgkL_cTy6jRcPhg/","Willmouse","2","1757","","","","","loungewear"
"https://www.youtube.com/channel/UC-g2-oVLPzWfoqUM0jAla0g/","ExoticIsLingerie","2","6825","","","","","loungewear"
"https://www.youtube.com/channel/UCT4WGVpdMBDnW30nxJnvbEw/","Ratanas Channel","77","77266","ratanaschannel@gmail.com","/redirect?redir_token=9yLwMFJB3T4b-VVTbo6SdBn2b8d8MTU2NzI2NjExNEAxNTY3MTc5NzE0&q=https%3A%2F%2Ftwitter.com%2FPadresatanlol&event=channel_description","/redirect?redir_token=9yLwMFJB3T4b-VVTbo6SdBn2b8d8MTU2NzI2NjExNEAxNTY3MTc5NzE0&q=https%3A%2F%2Fwww.facebook.com%2Fratanaschannel&event=channel_description","","loungewear"
"https://www.youtube.com/channel/UC_B6nv0GLn8SvLFAosWJFPA/","Jasmin Crawl","1","462","","","","","loungewear"
"https://www.youtube.com/channel/UCn4eU-YxFNAyAwxxkLLi3rA/","Tilly Bartlett","10","","","","","","loungewear"
"https://www.youtube.com/channel/UC_gaxQFKiHzjoPNj59NHE3A/","tony40400","1","227","","","","","loungewear"
"https://www.youtube.com/channel/UCyLpMw1AxddNu4zudQdf3uw/","Tori Terhune","0","848","","","","","loungewear"
"https://www.youtube.com/channel/UCu2P3v6-gW5aMDGQA2EOFXQ/","AJ Clementine","22899","1134493","ajclementine@gmail.com","","","","loungewear"
"https://www.youtube.com/channel/UCgryAO7LzJVMhFCXubdb6PA/","Fashion and Beauty","15","8637","","","","","loungewear"
"https://www.youtube.com/channel/UCmc4iqSPkCSxJoNN8D3u9cg/","Paras9895","2","29","","","","","loungewear"
"https://www.youtube.com/channel/UCT4WGVpdMBDnW30nxJnvbEw/","Ratanas Channel","77","77266","ratanaschannel@gmail.com","/redirect?redir_token=74ZxASCWAGiOeuFVO8UOTjU7UA98MTU2NzI2NjEyMkAxNTY3MTc5NzIy&event=channel_description&q=https%3A%2F%2Ftwitter.com%2FPadresatanlol","/redirect?redir_token=74ZxASCWAGiOeuFVO8UOTjU7UA98MTU2NzI2NjEyMkAxNTY3MTc5NzIy&event=channel_description&q=https%3A%2F%2Fwww.facebook.com%2Fratanaschannel","","loungewear"
"https://www.youtube.com/channel/UCrHjGPeKKEC2XLvYIQrYe2g/","S Savory","","8","samantha@savory-pr.com","/redirect?redir_token=9lNysT0WHAZeq6Mi5qCMLz7mAYV8MTU2NzI2NjEyN0AxNTY3MTc5NzI3&event=channel_description&q=http%3A%2F%2Fwww.twitter.com%2Fmiss_savory","","/redirect?redir_token=9lNysT0WHAZeq6Mi5qCMLz7mAYV8MTU2NzI2NjEyN0AxNTY3MTc5NzI3&event=channel_description&q=http%3A%2F%2Fwww.instagram.com%2Fsavory_","loungewear"
"https://www.youtube.com/channel/UCQ3SqecUlGcqv9TeE7BjJfQ/","Ker-Leen ™","","11999","josephkerleen@gmail.com","","","","loungewear"
"https://www.youtube.com/channel/UCMkn492x-fsVvQb4phRe6Pg/","PindyDoll","0","2795","","","","","loungewear"
"https://www.youtube.com/channel/UCXjmO-b4yMk2jRzRGciD1mg/","devlific","0","9","","","","","loungewear"
"https://www.youtube.com/channel/UCwBZyDRAzWeFfmwyjn1TZpg/","santoshmasanu","1","318","","","","","loungewear"
"https://www.youtube.com/channel/UCQdBwYN2FUNzrwqmW2UW5Og/","Angie Herbon","2","","","","","","loungewear"
"https://www.youtube.com/channel/UC5eQuUWquA7x4zb9UOzIiJQ/","Kelly Sum","0","","","","","","loungewear"
"https://www.youtube.com/channel/UCGk7ssS_35_weaVyCmZDPwg/","Loretta Nguyen","1","379","","","","","loungewear"
"https://www.youtube.com/channel/UCiSTXO0FLPcIUkEY4X7vnxA/","JT Williams","497","285570","jtwilliamkicks@yahoo.com","https://twitter.com/JTWilliams_YT","","https://instagram.com/jw.thomas","loungewear"
"https://www.youtube.com/channel/UCI1MhZ2s6jWqQEaTkF3zj9Q/","Deanna Gunneis","0","","","","","","loungewear"
"https://www.youtube.com/channel/UCAdc_J_h6948aV8-WgvwSfQ/","Clean Claen","4","33","","","","","loungewear"
"https://www.youtube.com/channel/UCr6wKj44T-uDdS-gl4sz1rw/","Fueladream","","187698","getintouch@fueladream.com","https://www.twitter.com/fueladream","https://www.fb.com/fueladream","","loungewear"
"https://www.youtube.com/channel/UCHYNbXtpeiqYhRyHuqSowAg/","Adrian The Beast","20","731","","","","","loungewear"
"https://www.youtube.com/channel/UCClFQB8Hl9caOa1BDRmACdw/","OgLilJanice","1","","","","","","loungewear"
"https://www.youtube.com/channel/UC3DTIAJY5Bkmd4EHlDrs5mA/","StaringInAmira","","16181","Staringinamirayt@gmail.com","","","","loungewear"
"https://www.youtube.com/channel/UCD43S7qf8tDaHzrH3tobqSA/","Shaapro Social","5","1449","","","","","loungewear"
"https://www.youtube.com/channel/UCA9QZvZqbuhqrXwBUhTg4pg/","Dhiraj Kumar","1","164","","","","","loungewear"
"https://www.youtube.com/channel/UCoFn4fauaYPmsmrKpFWUdkg/","Mia Keisha Sef","17","","","","","","loungewear"
"https://www.youtube.com/channel/UCq0r7EHdrKbcXxE30a351fQ/","xxxtentcion king","1","152","","","","","loungewear"
"https://www.youtube.com/channel/UCGmrU-3_appwGqAhhNgIB2w/","Margarita Wirth","29","23941","margaritawirth@gmail.com","","","","loungewear"
"https://www.youtube.com/channel/UCwsbLK88bPJdUPGguH4sNQw/","Beautifully Bald","31","37","","","","","loungewear"
"https://www.youtube.com/channel/UC6FxJIv09dW4tLr372IaWag/","Refinee Global","9","20399","du.yan1666@gmail.com","","","","loungewear"
"https://www.youtube.com/channel/UCcuDmBuyM80mizE1hocG6Cg/","Helen Innes","2","71","","","","","loungewear"
"https://www.youtube.com/channel/UCevbHHoO6Q7JaEEjyMpdsCQ/","kartfahrn","14","132797","","","","","loungewear"
"https://www.youtube.com/channel/UCyHIgYWIyCp508hFO7O42MA/","Tonya Foreman","2","605","","","","","loungewear"
"https://www.youtube.com/channel/UCYg5fVU8fpncj1DdxeP2jVg/","Bambi May","37","230","","","","/redirect?event=channel_description&redir_token=2KnVgDdEX3hTBQfwlZEziFyB1-Z8MTU2NzI2NjE1NkAxNTY3MTc5NzU2&q=https%3A%2F%2Finstagram.com%2Fartistlife149%2F","loungewear"
"https://www.youtube.com/channel/UCufkPsydraEIt8UJANaPi_Q/","Apparel Partnership Group","1","1328","","","","","loungewear"
"https://www.youtube.com/channel/UCpjd1LShlV8SmiYhmfhSyjQ/","Naomi Blay","4","56","","","","","loungewear"
"https://www.youtube.com/channel/UCYg5fVU8fpncj1DdxeP2jVg/","Bambi May","37","230","","","","/redirect?q=https%3A%2F%2Finstagram.com%2Fartistlife149%2F&event=channel_description&redir_token=2j823aXhhz3xJExiWklZQNqfcFR8MTU2NzI2NjE2MUAxNTY3MTc5NzYx","loungewear"
"https://www.youtube.com/channel/UCledMBEdlf77wgogabkSDJw/","Lewam Kebreab","29","34","","/redirect?q=http%3A%2F%2Fwww.twitter.com%2FcallmeREM&redir_token=ny8grTtXtYysoTWLYHdawPvbX1d8MTU2NzI2NjE2NEAxNTY3MTc5NzY0&event=channel_description","","","loungewear"
"https://www.youtube.com/channel/UC3_QYhaLcGdXft-Abt8cBvA/","Izzy Sings","10","800","","","","","loungewear"
"https://www.youtube.com/channel/UCCgBhZ5v87szj-EOlsKtUMw/","MJ Arambulo","0","12","","","","","loungewear"
"https://www.youtube.com/channel/UCW9IsXOCR1aDzTnyydJhhoQ/","girldollchick","42","13731","","","","","loungewear"
"https://www.youtube.com/channel/UC7M_N2q8eoG1DvvkTtcG0tg/","MsBabybees","54","23740","","","","","loungewear"
"https://www.youtube.com/channel/UCledMBEdlf77wgogabkSDJw/","Lewam Kebreab","29","34","","/redirect?q=http%3A%2F%2Fwww.twitter.com%2FcallmeREM&redir_token=zGuCIc4ofXC23iCzb18tc7uZ3-h8MTU2NzI2NjE2NUAxNTY3MTc5NzY1&event=channel_description","","","loungewear"
"https://www.youtube.com/channel/UCnBzXOjBFhGIZ4-4g4tWMHw/","Dr. Jessica Louie","850","221725","","","https://www.facebook.com/DrJessicaLouie/","https://instagram.com/drjessicalouie","loungewear"
"https://www.youtube.com/channel/UCmUMF-MalcA7Ar0SwVDw9vQ/","BELLISSIMA","4","533","","","","","loungewear"
"https://www.youtube.com/channel/UCK0Ny83eLVacWFMfeLFn5Wg/","Alexiaa Fletcher","5","412","","","","","loungewear"
"https://www.youtube.com/channel/UCVoVrk8UefJjN0OaiovG61w/","Steaks Contact Wear","3","780","steaks@steakswear.com","https://twitter.com/steakswear/","https://www.facebook.com/steakswear/","https://www.instagram.com/steakswear/","loungewear"
"https://www.youtube.com/channel/UCTcZ8xlNVWBquR8M-4-yuJA/","Lula Bradles","15","6655","","","","","loungewear"
"https://www.youtube.com/channel/UCdf6vv2T6wYjgWSFRYnl0Ng/","Andrew Shingleton","","","","","","","loungewear"
"https://www.youtube.com/channel/UCeb_mVUrosxNMHLBII-YKQQ/","RS KUMAWAT","0","5","","","","","loungewear"
"https://www.youtube.com/channel/UCwB9rFBX5-D5QcPh7Z3T3MA/","anoviski","2","7086","","","","","loungewear"
"https://www.youtube.com/channel/UCGWydWrHq8CePX1VOz1OWvQ/","MR TOPPER S E L A 562","0","","","","","","loungewear"
"https://www.youtube.com/channel/UC9FkIhAMyEHPNCvw2SedIjw/","Regina London Blog","136","9270","","","","","loungewear"
"https://www.youtube.com/channel/UC_Tp41PVKdT_mmPQq_KpPIw/","rickg131313","0","278","","","","","loungewear"
"https://www.youtube.com/channel/UC4oosg7iRe4DqM__6L-dC0w/","Brent Silas","5","974","","","","","loungewear"
"https://www.youtube.com/channel/UCSQpfueTJHkzHqUjaOSGyRw/","Unknown Glasses","25","224","","","","","loungewear"
"https://www.youtube.com/channel/UCVb8Vtjri4XYpdD5qWccjaA/","Woo Miao","0","19","","","","","loungewear"
"https://www.youtube.com/channel/UCLD8L_mticUmCdJt3cDZVrQ/","UNLIMONTM UNLIMONTM","13","3391","","","","","loungewear"
"https://www.youtube.com/channel/UCn5WszMb6J4RooHirE7JBgQ/","Anne-Rose Tremblay","6","","","","","","loungewear"
"https://www.youtube.com/channel/UC7t8qtt63uddVL4Exxi3RLA/","TCHIKO OUSSAMA","8","","oussama.u15@gmail.com","","","","loungewear"
"https://www.youtube.com/channel/UCR9l7l-zj-OavNEFyekGrmA/","chloe W","0","","","","","","loungewear"
"https://www.youtube.com/channel/UCbmom6vn27XWkI5afixXXxA/","elllisorangee","0","90","","","","","loungewear"
"https://www.youtube.com/channel/UCuksIqk7UmQAb3vBDqc1vYw/","GOLDEN PHARAOH","6","","","","","","loungewear"
"https://www.youtube.com/channel/UC4zevoNBZbRXHBz_8WKwGTQ/","Ramana Murthy","35","2411","","","","","loungewear"
"https://www.youtube.com/channel/UC5rBGWdtCHFYHdd7Ceb85xw/","Ishaan Prince","4","208","","","","","loungewear"
"https://www.youtube.com/channel/UCpihyL_IPqmhxk7g-_7axzg/","Siwan Thomas","0","","","","","","loungewear"
"https://www.youtube.com/channel/UC4BuQ_O2NBWxidhJvt43zug/","Deep Aryan","6","3208","","","","","loungewear"
"https://www.youtube.com/channel/UCFjzuCiPSA8KyU4XFQNt3tA/","sara barbosa","2","388","","","","","loungewear"
"https://www.youtube.com/channel/UCoMVqwvKIeFAQLAy-eGNvUQ/","Monica Bertini","4","471","","","","","loungewear"
"https://www.youtube.com/channel/UC3TOae5OfEMlVJaIavLYqng/","shawolshawol","30","","","","","","loungewear"
"https://www.youtube.com/channel/UC46i0akAVFOV_ffd-YUwXzw/","ByDanie","408","72554","","","","","loungewear"
"https://www.youtube.com/channel/UCKNTF5Rh_HyFP8BEiepNuRw/","Luigi Apparel Fashion Design","79","10163","fashiondesignerartist@gmail.com","","","","loungewear"
"https://www.youtube.com/channel/UCB5qLcwoyGQoLIM6JkZLXRw/","Shadow-18","6","62","","","","","loungewear"
"https://www.youtube.com/channel/UC-tOzTgmWtCAzIjPomQdflw/","Hithere","0","","","","","","loungewear"
"https://www.youtube.com/channel/UCcD_qEh_MVHsWr0qVUUmUEQ/","kaceharri x","24","","","","","","loungewear"
"https://www.youtube.com/channel/UCTBfIrOifrg9_gZIjYW8TmQ/","DiveInDat","179","15608","jcontrerasifum@gmail.com","","","","loungewear"
"https://www.youtube.com/channel/UCVHeiSCxSxYdffrRIubUzyQ/","Tamara","16","6665","","","","","loungewear"
"https://www.youtube.com/channel/UCoLjv-g-3SEAQp7PpuiIGwg/","CheeseBoard777","11","","","","","","loungewear"
"https://www.youtube.com/channel/UCXPNs1aW9Y3fmN-FSFCAGGA/","Lola Haze","5","566","","","","","loungewear"
"https://www.youtube.com/channel/UCzCQRcox978T9mZP8ZVLUUA/","kuldeep verma","0","","","","","","loungewear"
"https://www.youtube.com/channel/UCTtWEEeFdr14SFpyFQlbGbA/","jie lin","1","341","","","","","loungewear"
"https://www.youtube.com/channel/UCBwwslTi15WmG8n7tLImCcQ/","princesskittcat benson","2","387","","","","","loungewear"
"https://www.youtube.com/channel/UCU4lRmHchuyEy3idrPkys9w/","missdolceribelle","3","2575","","","","","loungewear"
"https://www.youtube.com/channel/UCk-gpdZwrGZQJJ3W7J9kbXA/","Mr & Mrs Arora","97","6426","","","","","loungewear"
"https://www.youtube.com/channel/UCK75kcw1f_qiPFtLvRjRpHg/","Alexandria Wilson","28","35","lex.wilson15@gmail.com","","","","loungewear"
"https://www.youtube.com/channel/UCjQdPRw989LFkaMfUWLwb4A/","tgrrrnbnny","22","2451","","","","","loungewear"
"https://www.youtube.com/channel/UC1j63I7e7HGQr4xj_0NQC4Q/","Danielle Austra","1","","","","","","loungewear"
"https://www.youtube.com/channel/UC0WdDfxS2_cB_3Xv4-9O0Xg/","Elaine Mei","0","","","","","","loungewear"
"https://www.youtube.com/channel/UCVzHhvgzjxjkBoiwIxdCNEg/","tammy jones","1","","","","","","loungewear"
"https://www.youtube.com/channel/UCiMiSZ4IamgENgjFJKjEuig/","tamer abdo","12","","","","","","loungewear"
"https://www.youtube.com/channel/UClByfuwcHT8gny2M8OQwX2A/","Beautifully Undressed","5","1143","","","","","loungewear"
"https://www.youtube.com/channel/UCJLO-UV9_O8-NAOJbSG_jRA/","Mary Borger","0","","","","","","loungewear"
"https://www.youtube.com/channel/UCjo6sy2P1OrYUEtzLiQqZ6g/","Lovely Lively Lyf","2161","575054","loveforlife1018@gmail.com","","","","loungewear"
"https://www.youtube.com/channel/UClPhqPMVDHHqgaQJgPxxYFg/","cesarito986","1","1054","","","","","loungewear"
"https://www.youtube.com/channel/UCzkfjBYU1s0KPs3NL6NrKow/","عمرو احمد محمد","0","6","","","","","loungewear"
"https://www.youtube.com/channel/UC0PYMASzXoDR9VJCuWv8RBw/","High pressure Uoutuber","0","","","","","","loungewear"
"https://www.youtube.com/channel/UCOG2Z4EOSJ8W6BT52wqT50A/","Sunil Sharma","5","836","","","","","loungewear"
"https://www.youtube.com/channel/UCQS6xfsPnhMOa4V0caN9Sow/","Balkar Singh","1","26","","","","","loungewear"
"https://www.youtube.com/channel/UCe7Jm_ffF4vilP2gPSgvUjA/","Live Mayele","837","","","","http://www.facebook.com/","http://instagram.com/","loungewear"
"https://www.youtube.com/channel/UCLI5KITN4ydUL95WHVaaDmg/","Alliance Production","0","","","","","","loungewear"
"https://www.youtube.com/channel/UCdNq9FkHs1nxuCf7xz2rT_g/","Ecotton.gr","3","","","","","","loungewear"
"https://www.youtube.com/channel/UC-zomFE7OqHw1u2XlQj0wfQ/","BRAIQ","0","26","contact@braiq.ch","","","https://www.instagram.com/braiq.ch/","loungewear"
"https://www.youtube.com/channel/UCdu8ERSREmrGqAgUZE0jeIw/","irwan irawan","336","159572","","","","","loungewear"
"https://www.youtube.com/channel/UCduoNmfWY2X3DMAeK5oj2pA/","Hamid Ghaffari","1","","","","","","loungewear"
"https://www.youtube.com/channel/UCWWOnuWKSMpZQyFP4opV6gw/","Shanno Whamo","4708","593322","shannowhamo@gmail.com","","","https://www.instagram.com/shannowhamo/","loungewear"
"https://www.youtube.com/channel/UCQHBl9RvoglhK78AYPUeocQ/","Dominika Kapsul","111","","","","","","loungewear"
"https://www.youtube.com/channel/UCgLHnE72fA8aM3_q0ArYmDQ/","Simply Susan","1497","365038","SimplySusanLivingOutLoud@gmail.com","","","","loungewear"
"https://www.youtube.com/channel/UC5MW8rMzrQZESMplAwJ3FEA/","Andrea Haaland","244","23345","amhaaland@comcast.net","","","","loungewear"
"https://www.youtube.com/channel/UCPiF8Rtic2DlnOILlTx2ryg/","Mặc Gì Hôm Nay","622","160903","duyability@gmail.com","","","","loungewear"
"https://www.youtube.com/channel/UCyTfOoHXqc-EaXRHrN-V1YA/","Jamile Maria","2266","69772","","","http://facebook.com/byjamilemaria","http://instagram.com/byjamilemaria","loungewear"
"https://www.youtube.com/channel/UCXc0juex1E5y7qh8nul2jAQ/","Thanh Ngo","21","12811","","","","","loungewear"
"https://www.youtube.com/channel/UCgyjbP_TfPhdhFY3VAdFg1w/","Ольга Малых","21","1122","olga=lasto4ka@mail.ru","","","","loungewear"
"https://www.youtube.com/channel/UCNcVZnGAEpalDDAPfZlj6LA/","Melanie Berger","1","1990","","","","","loungewear"
"https://www.youtube.com/channel/UC-4SnNRWARQyfHHYtO6NjwA/","Andrea Jaklovská","143","3463","","","","","loungewear"
"https://www.youtube.com/channel/UCa4YDL9r2tNT0EZVsGMP_2A/","ED Ellen DeGeneres","27660","10045857","","","https://www.facebook.com/EDEllenDeGeneres/","https://www.instagram.com/edbyellen/","loungewear"
"https://www.youtube.com/channel/UCL4Y-1y3w8wSNpy1FCm355Q/","Colleen Marie","19","3526","colleentrittipo@gmail.com","","","","loungewear"
"https://www.youtube.com/channel/UCPuio6Dim9bgwgcpjT_EGTw/","Shay Shay","0","","","","","","loungewear"
"https://www.youtube.com/channel/UCsQ8PBN_vH6M59KfN-w71lQ/","Alexis Carrasco","6","590","","","","","loungewear"
"https://www.youtube.com/channel/UCUUEERiN-ogBp7RGRq_josA/","Ana Ferret","3","","ana.m.ferret@gmail.com","","/redirect?q=https%3A%2F%2Fwww.facebook.com%2Fana.ferret.7&redir_token=yinsX6vdDBhf_rLWHd9VAKdHq-98MTU2NzI2NjQyM0AxNTY3MTgwMDIz&event=channel_description","/redirect?q=http%3A%2F%2Finstagram.com%2Fanaferret&redir_token=yinsX6vdDBhf_rLWHd9VAKdHq-98MTU2NzI2NjQyM0AxNTY3MTgwMDIz&event=channel_description","loungewear"
"https://www.youtube.com/channel/UCkX-cDflR0sHsL0Ir8a98Hw/","marcos gomes","4","","","","","","loungewear"
"https://www.youtube.com/channel/UCqtN7kRf0AS8HspMBZii2zw/","BeGood NY","7","4424","info@begoodny.com","https://twitter.com/BeGoodNY","https://www.facebook.com/begoodny/","https://www.instagram.com/begoodny/","loungewear"
"https://www.youtube.com/channel/UCRJTDMiz2cu7erXtIeiOIBA/","AlpacaCollections","39","19559","service@alpacacollections.com","http://twitter.com/alpacaclothing","https://www.facebook.com/alpacacollections","","loungewear"
"https://www.youtube.com/channel/UC8FP_1-GAqb3HSf9q6Nxnfw/","Laurence Tavernier","9","3035","clients@laurencetavernier.fr","","","/redirect?q=http%3A%2F%2Finstagram.com%2Flaurencetavernier&redir_token=ThFgjJe97kziDfO7hoXBfM9BZfp8MTU2NzI2NjQ2N0AxNTY3MTgwMDY3&event=channel_description","loungewear"
"https://www.youtube.com/channel/UCvXi3G1LQNB1kAt7pXr9VYA/","Sophie Foster","115339","6980116","SophieFoster@SharpTalent.co.uk","https://twitter.com/Sophie_FosterXx","","http://instagram.com/sophie_fosterxx","loungewear"
"https://www.youtube.com/channel/UC4X_adKmAQoBItCF0JWj_Hg/","sophdoesnails","942678","114743669","soph@mcsaatchisocial.com","https://twitter.com/sophdoesnails","","http://instagram.com/soph","loungewear"
"https://www.youtube.com/channel/UCxf1sPCjNcNCmtjFWEN6rZg/","India Grace","480805","35709947","Indiagraceh2002@gmail.com","","","","loungewear"
