url,name,subscribers,views,email,Twitter,Facebook,Instagram,search_keyword
https://www.youtube.com/channel/UCSRCNAndiRKLRVCWu1A9KbA/,Bruce Greene at RT,1963,,,,,,mackweldon.com
https://www.youtube.com/channel/UCMdFi270njEOUJKM0fggOgA/,volkstrom,176,211590,,,,,mackweldon.com
https://www.youtube.com/channel/UCXA8pQHF5DDwdC38UxHzUGA/,bondziu,116,89765,,,,,mackweldon.com
https://www.youtube.com/channel/UCrjaDVGgOP-KLkOqHTYLlEg/,Patriarch917,280,275703,,,,,mackweldon.com
https://www.youtube.com/channel/UCfcmxI1GRbftVW7RP9WM4VQ/,Erithywen,1236,352078,,,,,mackweldon.com
https://www.youtube.com/channel/UCC7_l_lN1bi0wH_BC6Ztirw/,Isn'tThatLovely,107,,,http://www.twitter.com/la_petite_morte,,,mackweldon.com
https://www.youtube.com/channel/UCcR83CZ2ISpB5K8XyZXEIXw/,ArthurRichardSole,385,1812290,,,,,mackweldon.com
https://www.youtube.com/channel/UCboMX_UNgaPBsUOIgasn3-Q/,Funhaus,1635130,1177996611,,,,,mackweldon.com
https://www.youtube.com/channel/UCUjQOvy-iPlDIdVlck3ZMFQ/,Mack Weldon,,307773,,https://twitter.com/mackweldon,https://www.facebook.com/mackweldonunderwear,http://instagram.com/mackweldon,mackweldon.com
https://www.youtube.com/channel/UCWQwVT-1BD3hLf7QjYJpvCw/,Kal Jak,224,52993,,,,,mackweldon.com
https://www.youtube.com/channel/UCLZiaDvpzelJqEzEW2_ETYA/,Zelenal,226,925894,,,,,mackweldon.com
https://www.youtube.com/channel/UCw1LPeze6vUmwTEfiODdavw/,Humbert,224,730319,,,,,mackweldon.com
https://www.youtube.com/channel/UC2wWXD3RnXcqt2S6lfRMTCA/,Diana C,3,,,,,,mackweldon.com
https://www.youtube.com/channel/UCVy4QS32yLYkIU3hlQAEo4g/,TDW206,503,510508,,,,,mackweldon.com
https://www.youtube.com/channel/UCV5CvVJo7JtSrAEdVBXvVmQ/,Bat Husband,1102,244587,,,,,mackweldon.com
https://www.youtube.com/channel/UCVHQdTRf7l40xpcqZIbvooQ/,Alejandro Balbi,543,55911,,,,,mackweldon.com
https://www.youtube.com/channel/UCBkL03Y0hIZAsv3rWyrSCtw/,The Kavalier,85010,11613198,,https://twitter.com/the_kavalier,,https://instagram.com/the_kavalier/,mackweldon.com
https://www.youtube.com/channel/UC1DEE3LquQ6ltJM--6qdztw/,Egg Gaming,690,2477,,,,,mackweldon.com
https://www.youtube.com/channel/UCk6yytQJmFe1lx6H3DdZVaA/,PredatorSlayer,377,235087,,,,https://www.instagram.com/predatorslayer/?hl=en,mackweldon.com
https://www.youtube.com/channel/UC9saAMVtXKMOdXIAWKReFgA/,Frederik Valdorf,118,6174,,,,,mackweldon.com
https://www.youtube.com/channel/UCXhv1GoipCwTOvGYCcaNbHQ/,Javi L,0,41,,,,,mackweldon.com
https://www.youtube.com/channel/UCf6D3tr_m7_snDO7l2SQN_Q/,Carl Viernes,573,286129,,,,,mackweldon.com
https://www.youtube.com/channel/UCv8axdjbipd8lubnVl5zQpA/,KRAMstep,1051,26060,,,,,mackweldon.com
https://www.youtube.com/channel/UCxWGFRV2Lah5vXff56ycTvw/,Javier Alejandro Velasco Zapata,350,227327,,,,,mackweldon.com
https://www.youtube.com/channel/UCtS0u5zU_1Nzqu6NuHg1dPw/,Laura Jones,108,55633,,,,,mackweldon.com
https://www.youtube.com/channel/UCIz-pr5CGWvUObT-jgWtTfg/,Selina Jackson,419,79245,,,,,mackweldon.com
https://www.youtube.com/channel/UCMuDZs-OCBzv2OUw02dBrkg/,Nanomite 141,132,198179,,,,,mackweldon.com
https://www.youtube.com/channel/UCT3FE0g-YQHHD2adFMsLbWA/,Riley White,390,10926,,,,,mackweldon.com
https://www.youtube.com/channel/UCXXcD3iyEAMFrop-VhMIO8Q/,Lucy Heartfilia,535,402947,,,,,mackweldon.com
https://www.youtube.com/channel/UCHCZlTMfz0pEKSVX_gqvX5A/,Baited!,317699,20181216,,https://twitter.com/Baited_Podcast,,,mackweldon.com
https://www.youtube.com/channel/UC_Y1AfkbCTytyG89hteOw-Q/,Aich Pamular,1121,527911,,,,,mackweldon.com
https://www.youtube.com/channel/UCclmvijpMWGXn9ZDUq_TlFg/,Saxa,4783,1246155,,,,,mackweldon.com
https://www.youtube.com/channel/UCYtxg7mkeu5R06poP1_M4vw/,Zubaunbuilds,181,33560,,,,,mackweldon.com
https://www.youtube.com/channel/UCvG1iRsvrIuYCtlBRJKOzrQ/,SpareMyReality,272,27091,,,,,mackweldon.com
https://www.youtube.com/channel/UCOVi_ENoVjznAQ93xm3mgeA/,IraqAttack,332,162815,,,,,mackweldon.com
https://www.youtube.com/channel/UCkIPLpn4THLTbWFRVm7CglA/,fishergirl819,102,1680348,,,,,mackweldon.com
https://www.youtube.com/channel/UCH1nZSi4mjQ0Yt0oTOTo-iQ/,ImagesEA,306,916,,/redirect?redir_token=rVL-nkOOk7WgyYasFWfdLpAMnuF8MTU2NzI2NzA2M0AxNTY3MTgwNjYz&event=channel_description&q=http%3A%2F%2Fwww.twitter.com%2Falihadpolo,,,mackweldon.com
https://www.youtube.com/channel/UCXDM4nKVI06VQsHAu4XgkCg/,Dr. Scott Giles,166,3968,,,,,mackweldon.com
https://www.youtube.com/channel/UCL00oAwykThWh1kVPryAb3g/,Lia Duby,383,597287,liaduby@yahoo.com,https://twitter.com/itsliad,,http://instagram.com/itsliad,mackweldon.com
https://www.youtube.com/channel/UCflCC9MWIst64dkUgIdqlnQ/,Susanto Tan,104,147431,,,,,mackweldon.com
https://www.youtube.com/channel/UCS-2eQ-DbqDbGUIUdG0rPog/,AssasinGameMasteR,228,50611,,,https://www.facebook.com/pages/Assassingamemaster/659355337408177?fref=ts,,mackweldon.com
https://www.youtube.com/channel/UC5gsILyPBABrMijMWvkdczg/,SAGELOWE,408,,,,,,mackweldon.com
https://www.youtube.com/channel/UCS9cGpt0AD0jjfz5LcLfWZg/,The Beat Team,235,155475,,,,,mackweldon.com
https://www.youtube.com/channel/UCcKTVCxs1NoEYqhsXXQa-yg/,cctrovall,0,222,,,,,mackweldon.com
https://www.youtube.com/channel/UC8RORuf-tD93vFG7HARS0hA/,gundamwang,733,994280,,,,,mackweldon.com
https://www.youtube.com/channel/UClEwm9cBeftCSLCR-6m06Zg/,robertk2007,105,2512,,,,,mackweldon.com
https://www.youtube.com/channel/UCIeI1vQwpx6d92Fp8Ov4B3g/,Patrik Holknekt,943,985610,,,,,mackweldon.com
https://www.youtube.com/channel/UCFpri6CtJrOLGieF3S1ex4w/,Sean Whelan,359,,,,,,mackweldon.com
https://www.youtube.com/channel/UCBkL03Y0hIZAsv3rWyrSCtw?pbjreload=10/,The Kavalier,,,,https://twitter.com/the_kavalier,,https://instagram.com/the_kavalier/,mackweldon.com
https://www.youtube.com/channel/UCPIHpMpKfgh4y2G_Ahqomyw/,xciv vega,77,67717,,,,,mackweldon.com
https://www.youtube.com/channel/UC12R06iR9mKx6bWHxYbaPzg/,GANZOP,187,235403,,,,,mackweldon.com
https://www.youtube.com/channel/UCRDOkmjRvMkPXoyZu5cJ5_g/,DeFuZed,134,3374,,,,,mackweldon.com
https://www.youtube.com/channel/UCo-sdyYo5zfrejgEah20USQ/,Magnus Munkelien,112,154525,,,,,mackweldon.com
https://www.youtube.com/channel/UCC_m0TT7vXUn1OvndggRntQ/,America Has Too Many White Terrorists,218,583251,,,,,mackweldon.com
https://www.youtube.com/channel/UCYOe3wkBXyZ1Q4m9DFDfJXA/,uft,119,203,,https://twitter.com/OGXPvP?lang=en,https://www.facebook.com/profile.php?id=100008593335465,,mackweldon.com
https://www.youtube.com/channel/UCcfhwGIL2qsqurpHVeKcndQ/,dragonreborn1077,674,8803,,https://twitter.com/DancingKakashi,https://www.facebook.com/chuck.stroschein,,mackweldon.com
https://www.youtube.com/channel/UCWjHqxltoOSSjnxFaZxiUJw/,Exile480,190,134346,,,,,mackweldon.com
https://www.youtube.com/channel/UCoGsrin4XaV9LKX-z3WJJ6g/,Arsonist00,1002,1063807,,,,,mackweldon.com
https://www.youtube.com/channel/UCa3dOHyycc064mjYqQ8WbnA/,Yo Boogie,510,362,,https://twitter.com/yooboogie,,https://www.instagram.com/yooboogie/,mackweldon.com
https://www.youtube.com/channel/UCfUxWLzk-OKmkBRPrrWpyZg/,Patrick Laflin,219,5503740,,,,,mackweldon.com
https://www.youtube.com/channel/UCSRCngF5zBGQktnUUJqVv2g/,matt and blue,376826,38966864,,,,,mackweldon.com
https://www.youtube.com/channel/UCz2ybw9o_Q5AHHRcvHU5x7Q/,Vikrant Tunious,44,19507,,,,,mackweldon.com
https://www.youtube.com/channel/UCH1nZSi4mjQ0Yt0oTOTo-iQ/,ImagesEA,306,916,,/redirect?redir_token=Zwg2ZU9qxIsIkT5TB-Q9qeaLiSd8MTU2NzI2NzA3NkAxNTY3MTgwNjc2&event=channel_description&q=http%3A%2F%2Fwww.twitter.com%2Falihadpolo,,,mackweldon.com
https://www.youtube.com/channel/UCOwA4ny2xuSeXcDQzdhIDdg/,Basil Abbas,763,162495,,,,,mackweldon.com
https://www.youtube.com/channel/UCX0sNY0wsdK2RXL31uJAvbg/,Moin Ahmed,227,,,,,,mackweldon.com
https://www.youtube.com/channel/UCQ_B8HqRiHoZhchWGB8stdQ/,Matt,235,556909,,,,,mackweldon.com
https://www.youtube.com/channel/UCH1nZSi4mjQ0Yt0oTOTo-iQ/,ImagesEA,306,916,,/redirect?redir_token=Bh8_pLmKwlTP8591kV8FAFDpadF8MTU2NzI2NzA3OUAxNTY3MTgwNjc5&q=http%3A%2F%2Fwww.twitter.com%2Falihadpolo&event=channel_description,,,mackweldon.com
https://www.youtube.com/channel/UCuRHQ3nGo9orEXwyMV9fxHw/,Marco Pisanu,578,1045792,,,,,mackweldon.com
https://www.youtube.com/channel/UCmzG3XR3wtPGVgVGb7dgi5w/,Andrew Shaver,143,1142704,,,,,mackweldon.com
https://www.youtube.com/channel/UCDIpxvEMUkt2FvsGMGUX4lQ/,Taboola,1163,1077294,,https://twitter.com/taboola,https://www.facebook.com/taboola,https://www.instagram.com/taboola/?hl=en,mackweldon.com
https://www.youtube.com/channel/UC0dmNXv5acrVQjwCKHMlDIw/,joedaman75,135,383127,,,,,mackweldon.com
https://www.youtube.com/channel/UCHqpGQaokZAY2zYX0o1N5MQ/,theorangecool1,160,80921,,,https://www.facebook.com/pages/Theorangecool/381862768637659,,mackweldon.com
https://www.youtube.com/channel/UCuFuS97r1G6QiAo4qRd-t8g/,Gracie May Weldon,118,3132,,,,,mackweldon.com
https://www.youtube.com/channel/UCsncv_Whh9b02LMptajII_w/,Rahul Malhotra,120,27976,,,,,mackweldon.com
https://www.youtube.com/channel/UCH1cGI6y1iz6BYbCjy7cE3w/,Ojal Lim,265,791839,,,,,mackweldon.com
https://www.youtube.com/channel/UC0stTNgtDEOo_i00XoJpHPA/,CowboyTV,16354,4005260,,,,,mackweldon.com
https://www.youtube.com/channel/UCvTG7EV3DVc3d_H20bWcD5w/,Harrison Holt,1332,1737307,,,,,mackweldon.com
https://www.youtube.com/channel/UCOQAF2sVynyuDzHNI5WrQTw/,JamesSarin,136,63153,,,,,mackweldon.com
https://www.youtube.com/channel/UCcjHgckeTSbie3y6WnaqJew/,Klaudijus Sabunas,562,677508,,,,,mackweldon.com
https://www.youtube.com/channel/UCFLxbIG0F1lhTXM1x9IU_vA/,The Week I Review,1535,92426,,,,,mackweldon.com
https://www.youtube.com/channel/UC7oCGR8gb75vc9TNkHNRHOA/,ATN records,577,300152,,,,,mackweldon.com
https://www.youtube.com/channel/UCf8meCekgxCqJgodjpXo0_w/,Goforno,2623,245429,,,,,mackweldon.com
https://www.youtube.com/channel/UC9hVkrf282yvx_1F6GmC4hQ/,QRH,740,1148403,,,,,mackweldon.com
https://www.youtube.com/channel/UCl6gDDWfTfHNEXPwJE0hglQ/,ACsource,224,307538,,,,,mackweldon.com
https://www.youtube.com/channel/UC5BEPsqQ1p_gxpVStn_zwaQ/,Kellita Smith - Topic,178,,,,,,mackweldon.com
https://www.youtube.com/channel/UChOn1e79cDplH_SU7_z8Z8w/,Ayaba Awoyemi,67,2698,,,,,mackweldon.com
https://www.youtube.com/channel/UC2sAw0_PZrCb2i0KOuIKfig/,speakinc,2171,1373630,,,,,mackweldon.com
https://www.youtube.com/channel/UCIPwQW5bo0ZHao5-B2kTciQ/,Repeater,224,48775,,,http://www.facebook.com/repeaterband,,mackweldon.com
https://www.youtube.com/channel/UCsYMO4ZBVEGoG5YJuSjlI6w/,Egeslean,102,105666,,,,,mackweldon.com
https://www.youtube.com/channel/UC0kZbyuepSTkeqLT3Enqslw/,maori4s,248,435285,,,,,mackweldon.com
https://www.youtube.com/channel/UCV5QLd6TXJSagogpg3cPpQA/,Mac Turner,225,44036,,,,,mackweldon.com
https://www.youtube.com/channel/UCs3snA6GNU9HjV8ejeC0ISA/,Boys Only Club,73814,3313109,,,,,mackweldon.com
https://www.youtube.com/channel/UCp3dgMf1OUP2XqOpyOY2bzQ/,Mike Korzemba,1527383,314591899,,,,https://instagram.com/mikekorzemba/,mackweldon.com
https://www.youtube.com/channel/UCsu4KObRX2GSun25M_8dwfw/,Counterpoint Gaming,28,42878,,,,,mackweldon.com
https://www.youtube.com/channel/UCOs_qJNIp6i4p67UuHaos6g/,Clean Cab Taxi Service,,14,,,,,mackweldon.com
https://www.youtube.com/channel/UC8HD7HKaXOUSucr6egum3nw/,KingSören,266,100952,,,,,mackweldon.com
https://www.youtube.com/channel/UCqBqOq7oDyCtCp5APasPVLA,Hal Rugg - Topic,,,,,,,mackweldon.com
https://www.youtube.com/channel/UCfo6NuN1_mSL5k442J2BStw/,Shnip !,261,18892,,,,,mackweldon.com
https://www.youtube.com/channel/UCbJ0y21h7liVfXkbaCKzLxQ/,Orville Otero,165,48867,,,,,mackweldon.com
https://www.youtube.com/channel/UCTg8RzM_tsBTsF5DdQlEKBA/,Dustin Farnum,126,24633,,,,,mackweldon.com
https://www.youtube.com/channel/UCSFmLFBSS11vMy1IylMtLnw/,Andrew Camacho,116,141337,,,,,mackweldon.com
https://www.youtube.com/channel/UCcnYSpfhoUnofEyrUb-jeyQ/,Zachus,2589,751619,,,,,mackweldon.com
https://www.youtube.com/channel/UC3bSTrnD5kCJqOzTwZqv_Eg/,TheChipmunk2008,249,138525,,,,,mackweldon.com
