ChannelUrl,Name,Subscribers,Views,Email,Twitter,Facebook,Instagram,email_get_from
"https://www.youtube.com/channel/UCOgz_YflAsYnGbdvzXuKNCA/","Daniel Simmons","104522","6759370","dansimmonsfitness@gmail.com","","","","men's fashion"
"https://www.youtube.com/channel/UC7saYubGIW4nDfajCS9Kkqw/","Carl Thompson - Men’s Fashion & Lifestyle","10102","1224989","carl@pincollarshirts.co.uk","https://twitter.com/Carl23B","","https://instagram.com/hawkinsandshepherd","men's fashion"
"https://www.youtube.com/channel/UCLnOeLmKbbOa8gaWnS5slGg/","Men's Fashion | Video Shop","6804","2346836","","","","","men's fashion"
"https://www.youtube.com/channel/UCwhk1jgKm6Pc2QU1Fey2-CA/","Men's Fashion","1106","2550259","german@mensfashion.com.mx","","https://www.facebook.com/MensFashionMx","https://www.instagram.com/mensfashionoficial/","men's fashion"
"https://www.youtube.com/channel/UCkcBMCcuoaL-LTaMk3P7vmw/","Men's Fashion Tamil","465077","16770107","business@mensfashiontamil.in","","","","men's fashion"
"https://www.youtube.com/channel/UChNN7VBxPTiNrqjUaQd9bxA/","Teachingmensfashion","4171732","546272447","info@teachingmensfashion.com","https://twitter.com/TMFMag","https://www.facebook.com/pages/Teaching-Mens-Fashion/560467530647111","https://www.instagram.com/teachingmensfashion/?hl=en","men's fashion"
"https://www.youtube.com/channel/UCybY4SJJwBK9I4M4_IQRhBA/","Men's Fashion Post","243","85204","info@mensfashionpost.com","","","","men's fashion"
"https://www.youtube.com/channel/UCYnTGu9fkyuuXYT3Jddc4ZQ/","Harry G. Men's Fashion","3630","940185","harrygbusiness@gmail.com","https://twitter.com/HarryGFashion","","https://www.instagram.com/harrygfashion/","men's fashion"
"https://www.youtube.com/channel/UCXVdEe1Qh2nzCVG7I5TnZZA/","MEN'S FASHION AND STYLE","60185","3352364","","","","","men's fashion"
"https://www.youtube.com/channel/UCbUpqI8KZAUuUIMeD6idsPA/","The Style O.G.","179562","12087817","thestyleog@gmail.com","","","","men's fashion"
"https://www.youtube.com/channel/UCj7w3eTgExiIwLXp-Q6ZZCQ/","Gent's Lounge","119810","10741313","info@gentslounge.com","","","http://www.instagram.com/gentslounge","men's fashion"
"https://www.youtube.com/channel/UCZyCposXwcyopaACep44maQ/","Alex Costa","2084779","164515906","AlexUTAteam@gmail.com","http://www.twitter.com/alexcosta","http://www.facebook.com/AlexMadeCosta","","men's fashion"
"https://www.youtube.com/channel/UClbfoD1o7sV0VxErpxTCpyw/","The Modest Man","231054","16637977","brock@themodestman.com","https://twitter.com/modestmanstyle","https://www.facebook.com/modestmanblog","https://www.instagram.com/modestmanstyle/","men's fashion"
"https://www.youtube.com/channel/UChs6DU4eSIt8Gsj4H3DdAQQ/","Men's Fashion Malayalam","966","15217","sanjudrake@gmail.com","","","","men's fashion"
"https://www.youtube.com/channel/UCWoHfLWZAmZOOSkNyWCXUKg/","lu bu","1233","53083","","","","","men's fashion"
"https://www.youtube.com/channel/UC_cSnOKabJj3XvLdJ7RyMCg/","Fashion Blogger","206","84478","","","","","men's fashion"
"https://www.youtube.com/channel/UC28fguRikdRFOujCjzyKFGQ/","The Zunigas","241381","20479683","info@teachingmensfashion.com","","","","men's fashion"
"https://www.youtube.com/channel/UCLjodVTY_kZzd3cQ7D82DhA/","by Kevin Samuels","","5123605","","https://twitter.com/kevinrsamuels1","https://www.facebook.com/lifeandstylebykevinsamuels/","https://www.instagram.com/kevinrsamuels/","men's fashion"
"https://www.youtube.com/channel/UCpj6oR2JzqhtPGGNLSeSCIg/","Amir Sayid","56713","2084715","sayidomar0193@gmail.com","","","","men's fashion"
"https://www.youtube.com/channel/UC2dd91a-LFVolmS0YsADGUg/","Vishal Gaur","58516","4576194","","","","","men's fashion"
"https://www.youtube.com/channel/UC8IlCqmnsO9o8zcPLaPdbYA/","Chandan Singh","1035","24472","","","","","men's fashion"
"https://www.youtube.com/channel/UCrBw4udWWnakOrdQ571grhA/","Fashion Beauty TV","","185707","","","","","men's fashion"
"https://www.youtube.com/channel/UCaHhanHLvoBBXulnkNIFEeQ/","Random Stuff","6302","","","","","","men's fashion"
"https://www.youtube.com/channel/UCdfxzWJLbKteJVrtylTpeJQ/","Markham Men's Fashion","303","160512","facebook@markham.co.za","","","","men's fashion"
"https://www.youtube.com/channel/UCge8v3m3hdqrNjo5NNY1C3w/","Bald Men's Fashion","94","21506","","","","","men's fashion"
"https://www.youtube.com/channel/UCkcBMCcuoaL-LTaMk3P7vmw/","Men's Fashion Tamil","465302","16770107","business@mensfashiontamil.in","","","","men's fashion"
"https://www.youtube.com/channel/UC_Ma_9dymfaOdzN1LHYaqsg/","#MensFashion","11047","5370674","","","","","men's fashion"
