ChannelUrl,Name,Subscribers,Views,Email,Twitter,Facebook,Instagram,email_get_from
"https://www.youtube.com/channel/UC2bohY72fQJwuGf1E96gxgg/","menswear","28965","15921697","","","","http://instagram.com/malemodelcorp","menswear"
"https://www.youtube.com/channel/UCYRpiyOl7GLFoDCwzoxlpXw/","POLITIX Menswear","96","1314334","online@politix.com.au","","","","menswear"
"https://www.youtube.com/channel/UCOgz_YflAsYnGbdvzXuKNCA/","Daniel Simmons","104522","6759370","dansimmonsfitness@gmail.com","","","","menswear"
"https://www.youtube.com/channel/UCOZRA8ekd2XRiwXXcns0UzQ/","Menswear","","13909","","","","","menswear"
"https://www.youtube.com/channel/UCJwmLbwgbSxzH4EbBLkXYAw/","TheLineUp Menswear","24226","783342","thelineupmenswear@gmail.com","","","","menswear"
"https://www.youtube.com/channel/UC7htn5ULCD-Hvla-0HJ7E6w/","ALICE IN MENSWEAR","864","78264","","","","","menswear"
"https://www.youtube.com/channel/UCBLh92qB2u0EPs4iJeN1mLA/","Mainline Menswear","1196","8765138","marketing@mainlinemenswear.co.uk","https://twitter.com/MainlineMen","https://www.facebook.com/mainlinemen","http://instagram.com/mainlinemenswear","menswear"
"https://www.youtube.com/channel/UC1ZMW20l2KXEnCJlY34lQUA/","Menswear - Topic","56","3847","","","","","menswear"
"https://www.youtube.com/channel/UCkaJKxz1wlsWH-85_uVCmWg/","DIGEL - The Menswear Concept","","8843","info@digel.de","","","https://www.instagram.com/digel.official/","menswear"
"https://www.youtube.com/channel/UCpOPUfxnjxdmUOmrRAbwECw/","MENSWEAR","0","159","","","","","menswear"
"https://www.youtube.com/channel/UCssJlT-brgy_9SSoMOt-X_A/","Homen's Menswear","2","","homensmenswear@gmail.com","","","","menswear"
"https://www.youtube.com/channel/UCr_MlrmSZNzYEDZZGyZq8ug/","Benetti Menswear","97","49269","","","","","menswear"
"https://www.youtube.com/channel/UCVp5Q9L8LZzIpDWG10B1VKw/","Meuw Menswear","303","64584","","","","","menswear"
"https://www.youtube.com/channel/UCFn3gTokwJT_tmJCh9LfnrA/","KarenBritChick","115635","10139037","","https://twitter.com/KarenBritChick","https://www.facebook.com/pages/Where-Did-U-Get-That/157168284327843","http://instagram.com/karenbritchick","menswear"
"https://www.youtube.com/channel/UCVZWJsJN0GBEDauMU3ZiwaA/","Dave London Bares It All","11573","1508778","davelondonxxx@gmail.com","","","","menswear"
"https://www.youtube.com/channel/UC3T5fmgL4Kvk3kG1kF6JFeA/","FF Channel","1088707","390822726","info@ffchannel.com","http://twitter.com/FFChnnel","http://facebook.com/FFChnnel","https://www.instagram.com/ffchnnel","menswear"
"https://www.youtube.com/channel/UClsR8bWE0RAcc3J2XoDQnxg/","O.N.S Clothing","216","19261","","","","","menswear"
"https://www.youtube.com/channel/UCoxWvJUqQWuWY6kkx1CBHZw/","One Dapper Street","392725","22720947","","","","","menswear"
"https://www.youtube.com/channel/UCRGJ1G2wde8bzMB331N3_Bw/","Burton Menswear","","598916","","https://twitter.com/burton_menswear","https://www.facebook.com/BurtonMenswear","http://instagram.com/burton_menswear","menswear"
"https://www.youtube.com/channel/UCvO6uJUVJQ6SrATfsWR5_aA/","PAQ","700278","64639911","hello@kyra.com","","https://facebook.com/paqofficial","http://instagram.com/paq.official","menswear"
"https://www.youtube.com/channel/UCJXYr3nD41n1kaYAzGXJ-dg/","Aramis Menswear","1998","2888224","","","","","menswear"
"https://www.youtube.com/channel/UCPzWUSeQQHIRLQ3bZfBA4ig/","Sir Derek Menswear","33","229","","","","","menswear"
"https://www.youtube.com/channel/UCOztaB48bbZ-OufspfKlrHw/","ej menswear","","177666","info@ejmenswear.com","","https://www.facebook.com/ejmenswearsligo","https://instagram.com/ejmenswear/","menswear"
"https://www.youtube.com/channel/UCVC79IOnJTKrjn-RygsZ5ow/","Lakenzie Menswear","175","23896","","","","","menswear"
"https://www.youtube.com/channel/UCtJZYz0Hqh4rlKS_vYi3Fkw/","NAYVA","335568","16881288","hello@kyra.com","","","https://www.instagram.com/nayva.official/","menswear"
"https://www.youtube.com/channel/UCBkL03Y0hIZAsv3rWyrSCtw/","The Kavalier","85010","11613198","info@thekavalier.net","https://twitter.com/the_kavalier","","https://instagram.com/the_kavalier/","menswear"
"https://www.youtube.com/channel/UCqqB7awY5dtVZAFRcspWoLw/","Miler Menswear","","147042","","","","","menswear"
"https://www.youtube.com/channel/UCzgcvOc7kihS0ZA1oT2UlxQ/","Silk Threads - Bridal dresses Lehengas custom dresses Indian Fashions Menswear","54","12107","info@silkthreads.com","https://twitter.com/silkthreads","https://www.facebook.com/SilkThreadsByRubyBhandari/","https://www.instagram.com/silkthreadsinc/","menswear"
"https://www.youtube.com/channel/UCryAT2vy6StDduKrqzbgL9g/","Stark_MensWear","98","1620","","","","https://www.instagram.com/stark_menswear/","menswear"
"https://www.youtube.com/channel/UCG66_29iM8P6FPbNAZYGF6Q/","Vem pra Apolo","137","3822","contato@apolosantafe.com.br","https://twitter.com/vempraapolo","https://www.facebook.com/vempraapolo","https://www.instagram.com/vempraapolo","menswear"
"https://www.youtube.com/channel/UCfu-YxHlvEr4L-BN8uupa6w/","Skopes Menswear","27","19494","","","","","menswear"
"https://www.youtube.com/channel/UC7wDZPgTHhjuj1hmLjHxbFA/","Designer Boutique Menswear","159","127341","sales@designerboutiquemenswear.co.uk","http://www.twitter.com/DesignaBoutique","http://www.facebook.com/DesignerBoutiqueMenswear","http://instagram.com/DesignerBoutique_Menswear","menswear"
"https://www.youtube.com/channel/UCRXiA3h1no_PFkb1JCP0yMA/","Vogue","6140350","1458814066","","https://twitter.com/voguemagazine","https://www.facebook.com/vogue","http://instagram.com/voguemagazine","menswear"
"https://www.youtube.com/channel/UCi86xSII1cJOOwOtiefntRw/","M&S","72762","74968043","","http://www.twitter.com/marksandspencer","http://www.facebook.com/marksandspencer","http://www.instagram.com/marksandspencer","menswear"
"https://www.youtube.com/channel/UC4-47F1ofGOcSDUJhO71MYg/","KENZO","69146","45371447","","http://twitter.com/kenzo","https://www.facebook.com/kenzoparis","http://instagram.com/kenzo","menswear"
"https://www.youtube.com/channel/UCaFTolBCUr8V-Fm5NUWwD8g/","patternmaking sunny jang","5665","360624","","","","","menswear"
"https://www.youtube.com/channel/UCq-x9PtE5uaqzfVoy1dA3OA/","ASOSOfficial","207737","28230455","","https://twitter.com/ASOS_Menswear","https://www.facebook.com/ASOS","","menswear"
"https://www.youtube.com/channel/UC3SGI7kdaSHRKArkbvHjV_A/","MILAN STYLE","184","40872","milanstyleuk@gmail.com","https://twitter.com/MilanStylecouk","https://www.facebook.com/pages/MILAN-STYLE/337975682879570","http://instagram.com/milanstylelive","menswear"
"https://www.youtube.com/channel/UClqMKayKHoiS-ZeHUPjYW_w/","The Suit Depot","373","197366","","","","","menswear"
"https://www.youtube.com/channel/UCYWrFKvV9FwgUxTURL6fiZw/","Fashion Feed","","82943307","fashionfeed16@gmail.com","https://twitter.com/fashionfeed16","https://www.facebook.com/Fashion-Feed-687224321451124/","https://www.instagram.com/fashionfeed16","menswear"
"https://www.youtube.com/channel/UCwKGniJenlU6jJRWvGNEEfA/","Gooca","","19638","goocacorleone@gmail.com","","","https://www.instagram.com/ggooca/","menswear"
"https://www.youtube.com/channel/UC3tVjiIF2isKHViQmgtws2Q/","One Godless Woman","12206","874182","onexmuslim@gmail.com","","","","menswear"
"https://www.youtube.com/channel/UCOvdXWdrT98b0q3YYVR2CMg/","Noa Taieb","42558","3336889","hello@noataieb.com","https://twitter.com/noataieb","","http://instagram.com/noataieb","menswear"
"https://www.youtube.com/channel/UCk1IXTn78FtPm8p6ytbvwog/","Style.com","100401","28176913","","https://twitter.com/styledotcom","https://www.facebook.com/styledotcom","http://instagram.com/styledotcom/","menswear"
"https://www.youtube.com/channel/UCw5QfJ2YiUmCUM9lZPlXxhw/","Alexander McQueen","","3787233","","https://twitter.com/McQueen","https://www.facebook.com/AlexanderMcQueen","https://www.instagram.com/alexandermcqueen/","menswear"
"https://www.youtube.com/channel/UCjZyUJ_QYcaX_7GUTjjZHdw/","People_in_pfw","14817","6039726","","","","","menswear"
"https://www.youtube.com/channel/UCkz7SOSuEtLKWethb1XDaEw/","FSB Mens / Fashion Menswear / Giovanni Marquez","20","8330","info@fsbmens.com","","","","menswear"
"https://www.youtube.com/channel/UCC7wLarBNPyBkPWVTRD3tAQ/","Hackett London","4923","2689692","","","","","menswear"
"https://www.youtube.com/channel/UCVjSwaS0nIFXezL5Twci0qg/","Wessi Menswear","135","204866","digital@wessi.com","https://www.twitter.com/wessistore","https://www.facebook.com/wessistore","https://www.instagram.com/wessistore","menswear"
"https://www.youtube.com/channel/UCt7g-x9jftwdyoJqYR7mWjQ/","Pakkinti Kurradu","833344","72282647","brands@tamadamedia.com","","https://www.facebook.com/PakkintiKurraduu/","https://www.instagram.com/pakkintikurraduu/","menswear"
"https://www.youtube.com/channel/UCB9eJ05Qv9wbwCDeUg6yBEQ/","BALMAIN","","4810662","","https://twitter.com/Balmain","https://www.facebook.com/balmainparis","http://instagram.com/balmainparis","menswear"
"https://www.youtube.com/channel/UC7nvy3y4MS2kQhOzB0d8wGQ/","CARLOSZH FF CHANNEL","6677","473564","","","","","menswear"
"https://www.youtube.com/channel/UCEgoThiTZG6wbTVA6B1Ksaw/","Gentleman's Gazette","626957","55472519","contact@gentlemansgazette.com","","https://www.facebook.com/gentlemansgazette","https://instagram.com/gentlemansgazette","menswear"
"https://www.youtube.com/channel/UC0eQow7alu02BgRebvG0Qzg/","Paris Fashion Week","507","7923","federation@fhcm.paris","","","","menswear"
"https://www.youtube.com/channel/UCGYrvK75cyn2Sl3M1bg582A/","Bow tie Menswear","15","579","","","","","menswear"
"https://www.youtube.com/channel/UCeOTjQIX1I90BTO1m4gDz-Q/","SHOWstudio","102647","27956456","feedback@showstudio.com","https://twitter.com/SHOWstudio","https://www.facebook.com/SHOWstudio","http://instagram.com/showstudio","menswear"
"https://www.youtube.com/channel/UClj6SoZA-mKH2psy87HqbUw/","DAKS","","88558","","","","","menswear"
"https://www.youtube.com/channel/UCPP291gN79qI1QZY1znOscg/","James Welsh","356303","35139416","jameswelshenquiries@gmail.com","https://twitter.com/jameswlsh","https://www.facebook.com/jameswelshyoutube/","https://instagram.com/james_s_welsh","menswear"
"https://www.youtube.com/channel/UCzn3B2FiBzx4IrsKmwsi0-w/","Monks Clothing","0","728","info@monksclothing.co.uk","/redirect?event=channel_description&redir_token=VMBLRLZZfaQtHhiiOkO4DDXByCR8MTU2NzI2NTg0OUAxNTY3MTc5NDQ5&q=https%3A%2F%2Ftwitter.com%2FMonksClothing","/redirect?event=channel_description&redir_token=VMBLRLZZfaQtHhiiOkO4DDXByCR8MTU2NzI2NTg0OUAxNTY3MTc5NDQ5&q=https%3A%2F%2Fwww.facebook.com%2FMonksandCoClothing%3Fref%3Dhl","/redirect?event=channel_description&redir_token=VMBLRLZZfaQtHhiiOkO4DDXByCR8MTU2NzI2NTg0OUAxNTY3MTc5NDQ5&q=http%3A%2F%2Finstagram.com%2Fmonksclothing","menswear"
"https://www.youtube.com/channel/UCwiSot8b4OqrtsyIwF2qCzQ/","SamuelWindsor","530","741311","","https://twitter.com/SamuelWindsor","https://www.facebook.com/samuelwindsorofficial","","menswear"
"https://www.youtube.com/channel/UCvC0B0xTwuvyQ5g6PgjxpIA/","Morts & More","16935","1701307","ask@mortsandmore.com","https://twitter.com/MortsAndMore","","http://instagram.com/mortsandmore","menswear"
"https://www.youtube.com/channel/UCc7Fcy2yEASuOKzY9gHo5FA/","FruitierThanThou","4405","2154287","","","","","menswear"
"https://www.youtube.com/channel/UCMzYMLvHZIiiCf-Stv4MfTQ/","Articles of Style","3373","94306","service@articlesofstyle.com","https://www.twitter.com/articlesofstyle/","https://www.facebook.com/articlesofstyle/","https://www.instagram.com/articlesofstyle/","menswear"
"https://www.youtube.com/channel/UCeHjI5u_TFOs_QjDNg9CTuQ/","Tim Bryan","89705","6615262","TimBryanMedia@gmail.com","https://twitter.com/Tim_Bryan3","https://www.facebook.com/pages/Tim-Bryan/144789658867442?ref=aymt_homepage_panel","https://www.instagram.com/timbryan/","menswear"
"https://www.youtube.com/channel/UCvJvmri06Iar4FG6owOF5lw/","1991 - Menswear","62","24863","","","","","menswear"
"https://www.youtube.com/channel/UCcBKgoJv-oJz2qm66VqSrzA/","Cleofe Finati by Archetipo","","344671","press@cleofefinati.com","https://twitter.com/ArchetipoItaly","https://www.facebook.com/Cleofefinati/","https://www.instagram.com/cleofe_finati/","menswear"
"https://www.youtube.com/channel/UCurRe8BIpPo72lxuJTjIB7w/","M2M – Made To Measure","75017","10829208","made2measuretv@gmail.com","http://www.twitter.com/m2m","http://www.facebook.com/m2m","http://instagram.com/m2m","menswear"
"https://www.youtube.com/channel/UCA-RnIllZ_QfWMU-l7BErRQ/","Anthony Deluca","26137","1063666","ftr.anthony@gmail.com","https://twitter.com/anthonydelucv","","https://www.instagram.com/anthonydelucv/","menswear"
"https://www.youtube.com/channel/UCnqRz23PX9QOWxeDai7acpA/","40 Over Fashion","134364","4782249","40overfashion@gmail.com","","https://www.facebook.com/40overfashion","http://instagram.com/40overfashion","menswear"
"https://www.youtube.com/channel/UCDOwrGURdUPF4ujjaZjJnKQ/","Lunch Menswear","45","2705","","","","","menswear"
"https://www.youtube.com/channel/UC_LfW1R3B0of9qOw1uI-QNQ/","The 1975","2256933","711256612","","http://twitter.com/the1975","http://facebook.com/the1975","","menswear"
"https://www.youtube.com/channel/UCe9BpXYH9cIf6K23o-1aScw/","Tomasz Miler","61922","5618986","info@spiritsandstyle.com","","https://www.facebook.com/TomaszMiler123","https://www.instagram.com/tom_miler/","menswear"
"https://www.youtube.com/channel/UCoHD3sWkjlD306-UKIyhT5g/","Richmedia Karthik","636","140348","richmediagraphics@gmail.com","","","","menswear"
"https://www.youtube.com/channel/UCcZ9dwDRFHIO4UhR7GH3oBw/","M.X Paris","","23102","presse@mxparis.fr","","","","menswear"
"https://www.youtube.com/channel/UCdsXeJuo0mXnYKmfIJn2YgQ/","Dandy In The Bronx","243","35581","diego@dandyinthebronx.com","http://www.twitter.com/dandyinthebronx","http://www.facebook.com/dandyinthebronx","","menswear"
"https://www.youtube.com/channel/UCOu8u6RNhkTQMtl6JMovW0Q/","David Guison","178999","8599215","","","","","menswear"
"https://www.youtube.com/channel/UCfJrdVVcWZMHLC--a4ovLLQ/","Tim Dessaint","107188","4896402","timdessaint@gmail.com","","/redirect?redir_token=g7kw2ywVwECzMtH6XGscgTv1ERN8MTU2NzI2NTg2MEAxNTY3MTc5NDYw&event=channel_description&q=https%3A%2F%2Fwww.facebook.com%2Ftimdessaint","https://www.instagram.com/timdessaint/","menswear"
"https://www.youtube.com/channel/UCayl4w-_fhSLR3tskS0sCIQ/","Fashion Show","","301423","","","","","menswear"
"https://www.youtube.com/channel/UCQelrs3_EGI_EqxOU_jP7Qw/","ISSAC YIU","34457","2081292","issazyo@gmail.com","","","","menswear"
"https://www.youtube.com/channel/UCOsixJLAzhvSpk2qyv9daUg/","Tommy Hilfiger","70099","99309385","","","","","menswear"
"https://www.youtube.com/channel/UCwXQS2XFD0sB1_zevwVCVeQ/","Fit Man Style","2966","179704","ian@fitmanstyle.com","","https://www.facebook.com/fitmanstyle/","https://www.instagram.com/fitmanstyle_/","menswear"
"https://www.youtube.com/channel/UChzSD5gAvapy2EQJAe6DWiQ/","REISS","","1435167","","https://twitter.com/REISS","https://www.facebook.com/Reiss","http://instagram.com/reissfashion","menswear"
"https://www.youtube.com/channel/UC7dyvpw_dkAs2N54LMHcLDg/","PreLoved Menswear","1","179","","","","","menswear"
"https://www.youtube.com/channel/UCV_KE-g03uiyx9QBCOVeNGA/","GatsbyMenswear","50","42272","","","","","menswear"
"https://www.youtube.com/channel/UCdOMbUhXvbBOd0D41ktMNLQ/","Amsterdam Fashion Tv","11832","11058125","info@amsterdamfashiontv.com","http://twitter.com/amsterdamftv","http://www.facebook.com/AmsterdamFTV","","menswear"
"https://www.youtube.com/channel/UCCoq2yNnNq9XI4kpypjrSkA/","Joshua Daniher","931","123069","daniher.josh@gmail.com","https://twitter.com/Joshuadaniher","","","menswear"
"https://www.youtube.com/channel/UCAMaV9F8GFkcPbORJ9uIozw/","INDX","9","6648","","","","","menswear"
"https://www.youtube.com/channel/UCgO9kZ7xxmyeJHC-r57TlCw/","She's a Gent","919","20906","danielle@shesagent.com","","https://www.facebook.com/shesagent/","https://www.instagram.com/danielle.a.cooper/","menswear"
"https://www.youtube.com/channel/UCfJrdVVcWZMHLC--a4ovLLQ/","Tim Dessaint","107188","4896402","timdessaint@gmail.com","","/redirect?redir_token=AWaUtX7fkRQaaDfz-n8hfInIsBh8MTU2NzI2NTg3MkAxNTY3MTc5NDcy&q=https%3A%2F%2Fwww.facebook.com%2Ftimdessaint&event=channel_description","https://www.instagram.com/timdessaint/","menswear"
"https://www.youtube.com/channel/UCfWEK-qG1WgyGXVIcwPJmsQ/","Atom Retro","41","9651","","","","","menswear"
"https://www.youtube.com/channel/UCygkzPpueoIJQsLUnGEqFdA/","Kirby Allison","93334","9805768","customerservice@hangerproject.com","","https://www.facebook.com/KAhangerproject/","https://www.instagram.com/hangerproject/","menswear"
"https://www.youtube.com/channel/UCpMEC_NiX1r503JISXQ-VKw/","MR PORTER","350615","60175405","socialmedia@mrporter.com","http://www.twitter.com/mrporterlive","http://www.facebook.com/mrporterlive","http://www.instagram.com/mrporterlive","menswear"
"https://www.youtube.com/channel/UCywKL5QaJR1AOGiojeYH1xw/","Josh Sullivan","28245","4180740","joshsullivanfitness@yahoo.com","https://twitter.com/joshsullivanfit","https://www.facebook.com/joshsullivanfitness/","https://www.instagram.com/joshsul_/","menswear"
"https://www.youtube.com/channel/UCPmqcyGiK7XUddz6mGC-hgg/","Sheehan & Company","766","220025","info@sheehanandcompany.com","","https://www.facebook.com/sheehanandco/","https://www.instagram.com/sheehanandco/","menswear"
"https://www.youtube.com/channel/UCS2gBJh_S9mcamT0Lt9hxWA/","ChaosMen.com","46388","3444085","support@chaosmen.com","https://twitter.com/chaosmencom","","","menswear"
"https://www.youtube.com/channel/UCqRIV4gay0I-KJAwZMn_kvg/","Moschino","41092","12677078","","https://twitter.com/Moschino","https://www.facebook.com/MOSCHINO.officialpage","http://www.instagram.com/moschino","menswear"
"https://www.youtube.com/channel/UCO0D9CcNNhsMF0ywc-9pVXw/","Men's Style Guide by GOTSTYLE","8628","7773875","INFO@gotstyle.ca","http://twitter.com/gotstyle","http://facebook.com/gotstylemenswear","http://instagram.com/shopgotstyle","menswear"
"https://www.youtube.com/channel/UCVaOdFIjq-UTEs5d8XNggpw/","Alex","","","","","","","menswear"
"https://www.youtube.com/channel/UCa2Bk_uhk8s7sRVTm_RNyXg/","ESQUIRE Middle East","8252","4082318","esquirecontact@itp.com","http://www.twitter.com/esquireme","https://www.facebook.com/EsquireME/","https://www.instagram.com/esquiremiddleeast/","menswear"
"https://www.youtube.com/channel/UCKXhF-46E39zelMoMzygecA/","Gentleman Within","8719","727544","khoi@gentlemanwithin.com","http://twitter.com/thegentwithin","http://facebook.com/gentlemanwithin","http://instagram.com/thegentwithin/","menswear"
"https://www.youtube.com/channel/UCfEYotpKwVmyuYskFvIS3cA/","Fox Hunt Menswear","149","45396","","","","","menswear"
"https://www.youtube.com/channel/UC0SriICua1PQFWhGosV-QzA/","pthiso","6008","1064407","","","","","menswear"
"https://www.youtube.com/channel/UC_i4l64pu0INpj9e738PJPA/","Christopher James Menswear","4","2028","","","","","menswear"
"https://www.youtube.com/channel/UCaG5NT5gyvTX0cnP-cPQkBQ/","GearedTowardGear","108158","2147873","","https://twitter.com/averyginsberg","","http://instagram.com/averyginsberg","menswear"
"https://www.youtube.com/channel/UC6xkTtyZpnec02ZIhrCg9YQ/","MODEYES","105282","40154421","advertising@modeyes.com","http://www.twitter.com/Modeyes","http://www.facebook.com/modeyes","https://www.instagram.com/modeyestv/","menswear"
"https://www.youtube.com/channel/UCfZzL-vafqYl8TzAg596BEA/","global fashion news","","720303","info@globalfashionnews.com","https://twitter.com/GFN_NewYork","http://www.facebook.com/pages/Global-Fashion-News/99477447105","https://www.instagram.com/globalfashionnews/","menswear"
"https://www.youtube.com/channel/UCepVy23t8l-CEaASZzfo9Jg/","Fashion Channel","1352715","764982719","info@fashionchannel.it","https://twitter.com/FashionChannelP","https://www.facebook.com/fashionchannelmilano/","http://instagram.com/fashionchanneltv","menswear"
"https://www.youtube.com/channel/UCkU7qfV3iD-oxB7CGVWUsdg/","Armani","110271","36323955","","","","","menswear"
"https://www.youtube.com/channel/UCLSP3s7t6TWksd_9N_r4blQ/","Studio LOT13","35575","244838","","https://twitter.com/designbylot13","https://www.facebook.com/designbylot13","","menswear"
"https://www.youtube.com/channel/UCPMO7nb54gvPc7fBOwHoNLA/","Brand Machine Group","7","1293","marketing@brandmachinegroup.com","","","https://www.instagram.com/brandmachinegroup/","menswear"
"https://www.youtube.com/channel/UCeAMBvNYqCV2QcZGSCDe14w/","The Couture Times","2616","830837","","https://twitter.com/leo_gamero","","https://www.instagram.com/leo_gamero/","menswear"
"https://www.youtube.com/channel/UCGXkGqOAjF29XsSbXEAg4Mg/","Justin Jeffers","422","50817","","","","","menswear"
"https://www.youtube.com/channel/UCOE0fnvPLQJWaOU8eidb0qw/","citygirlscrafttoo","359","97244","breionf12@gmail.com","","","","menswear"
"https://www.youtube.com/channel/UCxC5kPaDo4OLETh-B_0-1dg/","CWHouseMenswear","497","497822","","","","","menswear"
"https://www.youtube.com/channel/UC8opu7RhDGpEsNrhCvQcJWQ/","STEVIE SALLE","85216","5973321","srxgscollabs@gmail.com","http://www.twitter.com/steviesalle","","http://www.instagram.com/steviesalle","menswear"
"https://www.youtube.com/channel/UCd6U0Xs-rUqjsRn123LcP8Q/","The Social Cut","930","208620","","https://twitter.com/thesocialcut","https://www.facebook.com/The-Social-Cut-338462263006701/timeline/","https://www.instagram.com/thesocialcut/","menswear"
"https://www.youtube.com/channel/UCDDCrvHwl-dKJMNkyPuBfvA/","Jessica Ekin","2109","102002","","","","","menswear"
"https://www.youtube.com/channel/UC3qPyjc4plDyxS5QsBEmpbg/","Akil McLeod","8672","499954","dapperadvisor@gmail.com","https://twitter.com/dapperadvisor","https://www.facebook.com/thedapperadvisor/?ref=page_internal","https://www.instagram.com/dapperadvisor/","menswear"
"https://www.youtube.com/channel/UCY4S3FArtQondtEjyr53Wzw/","Thom Browne","2126","119823","","","","","menswear"
"https://www.youtube.com/channel/UCPCsJedWDyr1sXjMOT1--zQ/","M.J. Bale","916","225346","","","","","menswear"
"https://www.youtube.com/channel/UCnqBUB7gk6Y0mSNcFwHFyGg/","Tysna Saputra","87478","3817540","tysna.saputra@hotmail.com","","","https://www.instagram.com/tysnasaputra/","menswear"
"https://www.youtube.com/channel/UCh_8qKq87MsrgbyTHAN04qA/","BK TV","6131","312118","jonesk@bus.msu.edu","","","","menswear"
"https://www.youtube.com/channel/UCLK4j28S97vPLMHlPjeZ2hg/","Zaful Fashion","189","87850","youtube@zaful.com","","","https://www.instagram.com/zaful/","menswear"
"https://www.youtube.com/channel/UCzmT0dA02GW90IvIQsJaCXQ/","Reef Knots","13527","4233604","info@reefknots.com","http://twitter.com/reefknots","https://facebook.com/ReefKnots","/redirect?redir_token=kUCzDDCln-w6hbUFd6m9jtJuJX18MTU2NzI2NTkwOEAxNTY3MTc5NTA4&q=https%3A%2F%2Finstagram.com%2Freefknots&event=channel_description","menswear"
"https://www.youtube.com/channel/UC5AiWOik8qBzxZjQUzcTvOA/","Essential Homme","2725","1206668","","http://www.twitter.com/#!/essentialhomme","http://www.facebook.com/pages/Essential-Homme/139604239407757","","menswear"
"https://www.youtube.com/channel/UCKwSzMFm7h-5SAaQiBOaufw/","An Mai","107","100940","","","","","menswear"
"https://www.youtube.com/channel/UCVcnT5a97edKLehMslq7vOA/","Male Ego Menswear","6","1723","","","","","menswear"
"https://www.youtube.com/channel/UCcuLxZOaWa6KBVO0KvexrfQ/","Donnellan & Co. Menswear","4","5283","info@donnellan.ie","","","","menswear"
"https://www.youtube.com/channel/UCcfqq-2FrYfI_DemqNT9Ubw/","Neil Barker","140","39619","","","","","menswear"
"https://www.youtube.com/channel/UC9oJiU723sEXSGPHyBUKPjw/","George Kimm","2147","248200","poshgeorge1@gmail.com","https://twitter.com/GeorgeKimm","","http://instagram.com/george_kimm","menswear"
"https://www.youtube.com/channel/UCScQ79ZqbRUK8EhfLeE7Ubw/","Passion For Fashion","2579","511972","p4fashionnnn@gmail.com","https://twitter.com/p4f18","https://www.facebook.com/Passion-For-Fashion-2218833704999252/","","menswear"
"https://www.youtube.com/channel/UC0jAvrTIVNHJsM0ln-ro0Kg/","Jim Butler","2748","355985","powerlife.winwinsituations@gmail.com","https://twitter.com/curatedclothier","https://www.facebook.com/JimButlerEntrepreneur","https://www.instagram.com/thecuratedclothier/","menswear"
"https://www.youtube.com/channel/UCfpNzo4fHzzcwC7MWmWEVEw/","Eric Jess","13935","96681","eric@ericjess.net","http://twitter.com/ericjess","http://facebook.com/ericjess","http://instagram.com/ericjess","menswear"
"https://www.youtube.com/channel/UCc3ITjXebCl7Q4AIjK8ztGg/","travelingtalkshow","4852","4813856","","","","","menswear"
"https://www.youtube.com/channel/UCeSdb2BoMi4C5BPtXoGhWmA/","CAZTV","4981","318359","caztv@yahoo.com","https://twitter.com/caztv","http://www.facebook.com/pages/Premiere-Media-TV-Production-and-Editing/225699502835","","menswear"
"https://www.youtube.com/channel/UCYJC_ll7YIIYCPiyviL9s3A/","Sewing Vintage with Tara Moss","8560","266915","hayley@harrymmiller.com","","","","menswear"
"https://www.youtube.com/channel/UC2mr12_OaGoecq-sJCstvdA/","Box Menswear","40","5908","","","","","menswear"
"https://www.youtube.com/channel/UCL4WezSTcRA-FqpGM2-tNig/","Richard Lee Style","155","57541","richardhoskenjohns@gmail.com","","","","menswear"
"https://www.youtube.com/channel/UCT9lB1HNkTa41ws-G2tGwXw/","DevanOnDeck","227452","9053855","hi@devanondeck.com","","","","menswear"
"https://www.youtube.com/channel/UCOTIeIEXL9LkkvoVKZDNr3A/","British Fashion Council","26725","8892313","","https://twitter.com/BFC","https://www.facebook.com/britishfashioncouncil","http://instagram.com/britishfashioncouncil#","menswear"
"https://www.youtube.com/channel/UCNhMR1Igvy1tOfqaijQ8c5A/","Permanent Style","5683","405276","simon@simoncrompton.co.uk","","","","menswear"
"https://www.youtube.com/channel/UCKQwnH56pgD0tak_GnMo6iQ/","CFDA","15557","8622746","","https://twitter.com/CFDA","https://www.facebook.com/CouncilofFashionDesignersofAmerica","","menswear"
"https://www.youtube.com/channel/UCBQ4Iz8QBWtG8htJBRZAVgw/","ThatTommyGirl","50516","3955597","kelly.vn.14@gmail.com","","","","menswear"
"https://www.youtube.com/channel/UCFKQYs1RovAG8SqFUjXAkTw/","BOSS","","33082014","customerservice@hugoboss.com","","","","menswear"
"https://www.youtube.com/channel/UC-swkET5RLmelKWRcfjVQCg/","Arnotts Dublin","108","42801","customerservice@arnotts.ie","","","","menswear"
"https://www.youtube.com/channel/UCHwCNKq8DYA3Ol-Uekb4N5w/","Orchard Clothing","18380","2243166","orchardresale@gmail.com","","","","menswear"
"https://www.youtube.com/channel/UCpVPPMUsob1pWofkAq8OROA/","Fashion Slide","126","42536","catwalkmoment@gmail.com","twitter.com/Cat_Walk01","facebook.com/cat.walk.18007","instagram.com/catwalkmoment","menswear"
"https://www.youtube.com/channel/UCvHD1wdjNAOTP9bxBKvZBdA/","FASHION CHANNEL Video Production","14366","1753851","press@fashionchannel.it","https://twitter.com/FashionChannelP","https://www.facebook.com/fashionchannelmilano","http://instagram.com/fashionchanneltv","menswear"
"https://www.youtube.com/channel/UCPYrTD-fwxcv6ZvOSKawlsg/","SoulRepose ASMR","95900","13312739","mme.nguyen@gmail.com","https://twitter.com/SoulReposeASMR","https://www.facebook.com/soulreposeasmr","https://www.instagram.com/soulreposeasmr/","menswear"
"https://www.youtube.com/channel/UC7D0rb2ouunzUtLY_ercrAw/","Etro Official","","246837","","https://twitter.com/EtroOfficial","http://www.facebook.com/ETRO","http://instagram.com/etro_official/","menswear"
"https://www.youtube.com/channel/UCGbD6VmWK5wzP7nHHf4OICQ/","Cad & The Dandy","1480","355936","","https://www.twitter.com/cadandthedandy","https://www.facebook.com/cadandthedandy","","menswear"
"https://www.youtube.com/channel/UCu5JhJNizGFYBWVVKLNMM0g/","Jingyi Xie","","33350","jingyixiexie@icloud.com","","","https://www.instagram.com/jingyi_xiexie/","menswear"
"https://www.youtube.com/channel/UCRureU8F0KeJW_HTPOSF8Qg/","JamesClo","54322","5369508","info@jamesclo.com","","","","menswear"
"https://www.youtube.com/channel/UCR1MpfU5kqc8Wd7UiYS6Rfw/","Male Manor Menswear","1","123","","/redirect?q=https%3A%2F%2Ftwitter.com%2FMaleManor&event=channel_description&redir_token=lueFR7duflbn0Zha02VQ-iJ_jm98MTU2NzI2NTkzN0AxNTY3MTc5NTM3","/redirect?q=https%3A%2F%2Fwww.facebook.com%2FMaleManorBrisbane&event=channel_description&redir_token=lueFR7duflbn0Zha02VQ-iJ_jm98MTU2NzI2NTkzN0AxNTY3MTc5NTM3","/redirect?q=http%3A%2F%2Finstagram.com%2Fmale_manor%2F&event=channel_description&redir_token=lueFR7duflbn0Zha02VQ-iJ_jm98MTU2NzI2NTkzN0AxNTY3MTc5NTM3","menswear"
"https://www.youtube.com/channel/UCy9V42tgmSXrNamdVNIOUCg/","Eva in the City","20449","2432132","evainthecity1@gmail.com","/redirect?redir_token=Cy8x1WK2lY14x_Vv2MlKKM9dFH98MTU2NzI2NTkzOEAxNTY3MTc5NTM4&q=http%3A%2F%2Ftwitter.com%2Fevainthecity1&event=channel_description","","http://instagram.com/evainthecity","menswear"
"https://www.youtube.com/channel/UC5BvjbEEgcI0moOk5h1ULmg/","American Express UK","","2701633","","http://www.twitter.com/AmexUK","https://www.facebook.com/AmericanExpressUK","","menswear"
"https://www.youtube.com/channel/UCanKoQ0ySWvJMntYWZO6WsQ/","Drews Boots","47","7736","","","","","menswear"
"https://www.youtube.com/channel/UCR1MpfU5kqc8Wd7UiYS6Rfw/","Male Manor Menswear","1","123","","/redirect?q=https%3A%2F%2Ftwitter.com%2FMaleManor&redir_token=uZJugG9FQ0dyHvxHKy3mt_oU3fF8MTU2NzI2NTkzOUAxNTY3MTc5NTM5&event=channel_description","/redirect?q=https%3A%2F%2Fwww.facebook.com%2FMaleManorBrisbane&redir_token=uZJugG9FQ0dyHvxHKy3mt_oU3fF8MTU2NzI2NTkzOUAxNTY3MTc5NTM5&event=channel_description","/redirect?q=http%3A%2F%2Finstagram.com%2Fmale_manor%2F&redir_token=uZJugG9FQ0dyHvxHKy3mt_oU3fF8MTU2NzI2NTkzOUAxNTY3MTc5NTM5&event=channel_description","menswear"
"https://www.youtube.com/channel/UCAg-CIeotwbBD8Guj11L4dg/","SMD Lifestyle","","5046814","smdlifestyle786@gmail.com","https://twitter.com/smdlifestyle","https://www.facebook.com/smd.lifestyle.us/","","menswear"
"https://www.youtube.com/channel/UCcNXFH6HRjpl7hVXxmSoqiw/","Brittany I PocketsandBowsTV","66522","4871189","PocketsandBows@yahoo.com","","","http://instagram.com/pocketsandbows","menswear"
"https://www.youtube.com/channel/UCyPh_TOHgAh8_Jc4PHRJThw/","Helder Bobbato","168","321855","","","","","menswear"
"https://www.youtube.com/channel/UCGEZQ-WbVm31HlI_0oZ-MSQ/","Mehmet Emin Teke","195","867","bilgi@mehmeteminteke.com","https://twitter.com/mehmet_e_teke","https://www.facebook.com/mehmetemin.teke.5","http://www.instagram.com/mehmet_emin_teke","menswear"
"https://www.youtube.com/channel/UCA7BKPcBHN_BxntyeBRfQnA/","Jakarta Fashion Week","","216678","","https://www.twitter.com/JKTfashion","https://www.facebook.com/jakartafashionweek","https://www.instagram.com/jfwofficial","menswear"
"https://www.youtube.com/channel/UCUamkQ4uJV_FQiDPjmeM7gw/","Blonde","6078","64159","","","","https://www.instagram.com/dirt_is_soil/","menswear"
"https://www.youtube.com/channel/UCnYu8FsCybJlethpyNwdI9w/","Fashion Show 2017","1266","208076","","","","","menswear"
"https://www.youtube.com/channel/UCw1faSilVPaaERxL2WL0hiA/","Lauren Yates","2684","263457","ponytailjournal@gmail.com","http://twitter.com/ponytailjournal","https://www.facebook.com/ponytailjournalblog","http://instagram.com/ponytailjournal","menswear"
"https://www.youtube.com/channel/UCk4GqrYuxDXal2qSZU_P37w/","Brave New Wear","1451","82054","scibettaemail@gmail.com","","","","menswear"
"https://www.youtube.com/channel/UC49U-LL9xjRZur7VI4LllMw/","My Oskar Style • My Shopping Tour","1131","814775","shop@myoskarstyle.com","","https://www.facebook.com/myoskarstyle","https://instagram.com/myoskarstyle","menswear"
"https://www.youtube.com/channel/UCil_HcdO7JPkRcYgevsElvQ/","Assad Armani","61043","5849978","assad.armani@gmail.com","","/redirect?redir_token=sIXF5lHUimtmxTwBgSiAAacCC-98MTU2NzI2NTk0MkAxNTY3MTc5NTQy&event=channel_description&q=https%3A%2F%2Fwww.facebook.com%2FAssadArmaniTv%2F","https://www.instagram.com/assad_armani/","menswear"
"https://www.youtube.com/channel/UCfBIO2895XyP8mP6N01vpdw/","Idle","8750","2505616","holly@theidleman.com","https://twitter.com/idle","https://www.facebook.com/Idle","https://instagram.com/idle/","menswear"
"https://www.youtube.com/channel/UCqscxq4fudlcQTMu7TLLPhA/","Vaismann Menswear","19","6105","dsgn@vaismann.com","","https://www.facebook.com/vaismannmenswear","https://www.instagram.com/vaismann_menswear/","menswear"
"https://www.youtube.com/channel/UC7saYubGIW4nDfajCS9Kkqw/","Carl Thompson - Men’s Fashion & Lifestyle","10102","1224989","carl@pincollarshirts.co.uk","https://twitter.com/Carl23B","","https://instagram.com/hawkinsandshepherd","menswear"
"https://www.youtube.com/channel/UCQhAoB-zPIi_92A2ZnOUKqQ/","Aleks Gamzin","","22120","aleksgamzo@gmail.com","","https://www.facebook.com/aleksgamzo","https://instagram.com/aleksgamzo","menswear"
"https://www.youtube.com/channel/UC3yViNik39j6HyUrX1VsmDw/","LuxuryMenswear.com","441","79360","","","","","menswear"
"https://www.youtube.com/channel/UC6st9Q3zoNb_ttyj9qVROag/","FashionBeans","1087","152294","advertising@fashionbeans.com","https://twitter.com/fashionbeans","","https://www.instagram.com/fashionbeanscom/","menswear"
"https://www.youtube.com/channel/UCr3ZwWI58WNoqKl4roTJ3Tg/","North Section Terrace Menswear","45","62086","","","","","menswear"
"https://www.youtube.com/channel/UC0zCd3yQ37ScExEbr8066qQ/","ThePrioryMenswear","2","549","","","","","menswear"
"https://www.youtube.com/channel/UCD36ada2MxPrDzZdGyhSiuw/","ARTINISTO","4","833","info@artinisto.com","","","","menswear"
"https://www.youtube.com/channel/UCQrVpbFZ-fr4aIgVzocxGeg/","VARNA STUDIOS Photo & Cinema","2847","737608","info@varnastudios.co.uk","","","","menswear"
"https://www.youtube.com/channel/UCQ1OiJ8z9H4-2rHNK3m4hfw/","ksproductionstv","127578","12993546","","","","","menswear"
"https://www.youtube.com/channel/UCUs95GTwlczJdqedANPUUzg/","ihatejasonchow","114","3277","jchow971223@hotmail.com","","","","menswear"
"https://www.youtube.com/channel/UC24Y65ZvH8y35c1DAGRCzZA/","Cudiway","66607","2426590","withinrara@gmail.com","https://twitter.com/onlyrara_","","https://instagram.com/cudiway/","menswear"
"https://www.youtube.com/channel/UCGZliqBlKJwCXLzawY_gsmQ/","Young MetroVEVO","2547","1918229","","","","","menswear"
"https://www.youtube.com/channel/UCj7w3eTgExiIwLXp-Q6ZZCQ/","Gent's Lounge","119810","10741313","info@gentslounge.com","","","http://www.instagram.com/gentslounge","menswear"
"https://www.youtube.com/channel/UCynCGpuCHkS4MstrdKm5dIQ/","CERRUTI 1881","658","1559001","","https://twitter.com/CERRUTI1881","https://www.facebook.com/cerruti.official","https://www.instagram.com/cerruti1881/","menswear"
"https://www.youtube.com/channel/UCi64At0Vj9vhNUiChh1KUkA/","Darren Kennedy","6990","922485","darren@helpmystyle.ie","","","https://www.instagram.com/darrenkennedyofficial/","menswear"
"https://www.youtube.com/channel/UCWaFashdsoW365P41gosZRA/","Couture Menswear","1","123","","","","","menswear"
"https://www.youtube.com/channel/UCQ5kkvVMgEthkyRB6u2m9vQ/","sobemensshow","904","503307","","","","","menswear"
"https://www.youtube.com/channel/UCr8SucaMgU8zoKkgE_kB4fA/","My Dapper Self by Ed Ruiz","527","65559","contact@mydapperself.com","https://twitter.com/mydapperself","https://www.facebook.com/mydapperself","https://www.instagram.com/mydapperself/","menswear"
"https://www.youtube.com/channel/UC8dW8xtkDEgL5wa355B2RPA/","Ashbys Menswear","","40","","","","","menswear"
"https://www.youtube.com/channel/UCEjjgtaDk7RqkPKNvlUu_KA/","Vedoneire of Ireland Outlet (clothing)","3","2403","","","","","menswear"
"https://www.youtube.com/channel/UCXSjENLXV_Kr08NJ3eW-iFA/","variety things","7","1087","","","","","menswear"
"https://www.youtube.com/channel/UCwuo2Xyo0eqSBbxQV3lyfLA/","Kyra TV","","","","","","","menswear"
"https://www.youtube.com/channel/UCs_OHOVf5q6dqmn-qqsu0qQ/","Zulily","2108","1825117","","/redirect?event=channel_description&q=https%3A%2F%2Ftwitter.com%2Fzulily&redir_token=3UphQ3vHjEal5DOmdDbXesnHmM58MTU2NzI2NTk1MUAxNTY3MTc5NTUx","/redirect?event=channel_description&q=https%3A%2F%2Fwww.facebook.com%2Fzulily&redir_token=3UphQ3vHjEal5DOmdDbXesnHmM58MTU2NzI2NTk1MUAxNTY3MTc5NTUx","/redirect?event=channel_description&q=https%3A%2F%2Fwww.instagram.com%2Fzulily%2F&redir_token=3UphQ3vHjEal5DOmdDbXesnHmM58MTU2NzI2NTk1MUAxNTY3MTc5NTUx","menswear"
"https://www.youtube.com/channel/UCUP16IufrSaS9eetXQ2XNMA/","Rare Dirndl","385","127382","","","https://www.facebook.com/RareDirndl","http://instagram.com/raredirndl","menswear"
"https://www.youtube.com/channel/UC4KA3qEEEM7lj7I9NCWgOAQ/","GQ Australia","9815","6172862","online@gq.com.au","","","","menswear"
"https://www.youtube.com/channel/UC4Rema6WItTdws4Kz7qmyog/","Assembled Style","2953","492080","Rsanchezinquiry@gmail.com","","","https://www.instagram.com/assembledstyle/","menswear"
"https://www.youtube.com/channel/UCrmR5MKcIEKK5Qexum1eG4w/","Haberdash Men","","10616","","http://twitter.com/#!/haberdashshop","http://www.facebook.com/haberdashmen","/redirect?q=http%3A%2F%2Fstatigr.am%2Fhaberdashmen&redir_token=BnPVNJfQFZ7RgQZHi0ujXoPX8SN8MTU2NzI2NTk1MkAxNTY3MTc5NTUy&event=channel_description","menswear"
"https://www.youtube.com/channel/UCj_Viyrgtv3nZBT4ButX6uQ/","ASOS","90497","20144661","","https://www.twitter.com/ASOS","https://www.facebook.com/ASOS","","menswear"
"https://www.youtube.com/channel/UCNVkdWHswaO4yFoc4ni07CA/","Dubai Outlet Mall","718","219340","info@dubaioutletmall.com","/redirect?q=https%3A%2F%2Ftwitter.com%2FDubaiOutletMall&redir_token=kGz9EsfRx95Dcxjj8WXDr-kEnCB8MTU2NzI2NTk1NEAxNTY3MTc5NTU0&event=channel_description","/redirect?q=https%3A%2F%2Fwww.facebook.com%2FDubaiOutletMall%2F&redir_token=kGz9EsfRx95Dcxjj8WXDr-kEnCB8MTU2NzI2NTk1NEAxNTY3MTc5NTU0&event=channel_description","/redirect?q=https%3A%2F%2Fwww.instagram.com%2Fdubaioutletmall&redir_token=kGz9EsfRx95Dcxjj8WXDr-kEnCB8MTU2NzI2NTk1NEAxNTY3MTc5NTU0&event=channel_description","menswear"
"https://www.youtube.com/channel/UCDe5QtDegYTFhgxjiALOdJQ/","Dane Franks","17672","2289836","danefranks10@hotmail.com","https://twitter.com/danefranks_","","https://instagram.com/danefranks/","menswear"
"https://www.youtube.com/channel/UCUte_jPrUujvGQPHbR1CDEw/","ParisModesen","5860","3971161","","","","","menswear"
"https://www.youtube.com/channel/UCtswHJjcmEkKgLaKj-z1ATw/","Tulu Erden","106019","10869576","tuluerdenn@gmail.com","https://twitter.com/tuluerdenn","","https://instagram.com/tuluerden/","menswear"
"https://www.youtube.com/channel/UCa8aPUkh9vfqQJWHezEQOrg/","Melluzzo Menswear","44","19815","","","","","menswear"
"https://www.youtube.com/channel/UCWB2d1_BN1x9cfnmgVV5a6w/","Faculty","5","1194","","","","","menswear"
"https://www.youtube.com/channel/UCXZFTRteFNxQccIQOgyuYmQ/","stylerunner7","1797","2153826","","","","","menswear"
"https://www.youtube.com/channel/UCphgAF7loaV2q524cQRqasw/","Flagra menswear","26","7040","","","","","menswear"
"https://www.youtube.com/channel/UCvq0rug9JpxNkkt1N8AndPw/","Napoli's Menswear","21","6475","","","","","menswear"
"https://www.youtube.com/channel/UC9mpjmUG-yWoRZPjICe5eUA/","www.Identity-Menswear.com","26","5629","","","","","menswear"
"https://www.youtube.com/channel/UCCJ69802KQ9TOhNljQOhbfw/","The Mensch on Menswear","1375","208429","","","","","menswear"
"https://www.youtube.com/channel/UCCWFUMHS4eUMMSrMhi4TrSA/","Alain Dupetit","277","53715","","","","","menswear"
"https://www.youtube.com/channel/UCmXoSJtY5IdXTGBnmqJTgUw/","Doreen Pierre","","39965","dapperpenniless@gmail.com","","","","menswear"
"https://www.youtube.com/channel/UCD_UWNtN33jHbNhPrEf6XOg/","Stuarts London","","24332","socialmedia@stuartslondon.com","https://twitter.com/stuarts_london","https://www.facebook.com/stuartslondon1967","https://www.instagram.com/stuartslondon/","menswear"
"https://www.youtube.com/channel/UCi3XXcjqUFbF78ZMjVxq9ag/","DitchtheLabel","38423","11602185","hello@DitchtheLabel.org","https://www.twitter.com/ditchthelabel","https://www.facebook.com/DitchtheLabel","http://www.instagram.com/ditchthelabel","menswear"
"https://www.youtube.com/channel/UCC5Hvug_loONUJSJv20ECcQ/","2Kaha","796","305129","","","www.facebook.com/2kaha","","menswear"
"https://www.youtube.com/channel/UCcTGF3AqZvVbsF4CQn5l2fA/","Mahesh Nani","1884","1116226","","","","","menswear"
"https://www.youtube.com/channel/UCDkwu7GfUHOcJfasWMGJzaA/","piero dimitri","13","14816","","","","","menswear"
"https://www.youtube.com/channel/UCPdAi8vNOrAsFcDEyNCJHIQ/","John Banks Big & Tall Menswear","4","2414","sales@bigtall.co.uk","https://twitter.com/bigtalluk?lang=en","https://www.facebook.com/JohnBanksBigandTallMenswear","","menswear"
"https://www.youtube.com/channel/UCecF3OIOMec354dtwO5Ru6Q/","The Original Factory Shop","214","780993","","","","","menswear"
"https://www.youtube.com/channel/UCm_7CU3DaUBUIZjOjcbsFXA/","Mario Velazquez","4648","2850530","","","http://www.facebook.com/profile.php?id=1716257189","","menswear"
"https://www.youtube.com/channel/UCfCrfsqMP_TE8PBbb7pczpg/","Tim Menswear","11","2473","","","","","menswear"
"https://www.youtube.com/channel/UCIUsQAOkiwnbXqTGSSLN2Vg/","Antoine Redding","2","","","","","","menswear"
"https://www.youtube.com/channel/UCnegLOE2Cl8WH2gHCU4JgLg/","marmalade75","2308","1948826","","","","","menswear"
"https://www.youtube.com/channel/UCJ8VNImg6fO-iyz59yQEUtA/","Bobbili Bbl","470","493924","","","","","menswear"
"https://www.youtube.com/channel/UCYSZiR_DZoNDepYtFrt8ZzQ/","RobAllenSpearfishing","8102","870918","","","http://www.facebook.com/RobAllenSpearfishing","","menswear"
"https://www.youtube.com/channel/UCpe0uvYeQk2eRPkUbmpIz8A/","beakheadram","723","607295","","","","","menswear"
"https://www.youtube.com/channel/UCRtYSNUuiNCmrs2ozam8rIA/","DavisBonnick","2324","596479","","","","","menswear"
"https://www.youtube.com/channel/UCzY5yQNgw-DQlLMMkCKfqPA/","FSJ Fashion Videos","2871","359767","","","","","menswear"
"https://www.youtube.com/channel/UCTw0gDaMalByac77R1fSn4Q/","J's Everyday Fashion","2191","237914","","https://twitter.com/jseverydayfash","https://www.facebook.com/JsEverydayFashion","http://instagram.com/jseverydayfashion/","menswear"
"https://www.youtube.com/channel/UCe-CvnuNfJGP2FT9Z6ca6wQ/","ADDY media","","3460247","AdrianaKaegi@gmail.com","http://Twitter.com/ADDYmedia","http://facebook.com/ADDY.media","http://Instagram.com/ADDYmedia","menswear"
"https://www.youtube.com/channel/UCNKJxEVmoghZiTHrccIx9TQ/","POP Fashion","51","5529","","/redirect?q=http%3A%2F%2Ftwitter.com%2Fpopfashioninfo&redir_token=YhJOrZ6_TzVrCAWKZGdu5BmJV-h8MTU2NzI2NTk3MEAxNTY3MTc5NTcw&event=channel_description","http://www.facebook.com/popfashioninfo","http://www.instagram.com/popfashioninfo","menswear"
"https://www.youtube.com/channel/UCxANYxgMTfJp3ZE8opnvJvQ/","Q2HAN","458126","35583236","q2hans@gmail.com","http://www.twitter.com/q2han","http://www.facebook.com/q2han","http://www.instagram.com/q2han","menswear"
"https://www.youtube.com/channel/UCDHFxRGULvybZHzrAbIK07w/","Nidhi - Telugu Business Ideas","73652","1333473","sri.vasthaw@gmail.com","","","","menswear"
"https://www.youtube.com/channel/UCQf6CHW2AuGTVpCalGoYzWQ/","Pringle Scotland","33","2457","","","","","menswear"
"https://www.youtube.com/channel/UCzGuKzhj-lsrtys1QsZvamQ/","alfyman100","72","28508","","","","","menswear"
"https://www.youtube.com/channel/UCMQ_mPIBPi4IMpYEmuyOMqQ/","Zoe Hong","202448","9022268","teaching@zoehong.com.","","","","menswear"
"https://www.youtube.com/channel/UCw76lU-sL4Vm5UA4_tiifiQ/","Luciana Legentyl","1394","491926","","","","","menswear"
"https://www.youtube.com/channel/UCTVB69BO5zH1DuS9oUPM3Nw/","Canoe Club","","7466","","","","","menswear"
"https://www.youtube.com/channel/UCVihkpoiFzCg162ugV6bFpw/","Project Common","3308","666909","twelveninecontact@gmail.com","https://twitter.com/TwelvenineYT","","https://www.instagram.com/project_common","menswear"
"https://www.youtube.com/channel/UCqQH1QYx-7ea0Z3W4czd5hA/","Lacadiesel","4","12463","","","","","menswear"
"https://www.youtube.com/channel/UCvs70wmm-vfnZPMS2RDmjdg/","christianzh","26835","8452089","","","","","menswear"
"https://www.youtube.com/channel/UCFNtdK4kgNg--ef-SA8LPIg/","Chung Thanh Phong","9879","1507994","","","","","menswear"
"https://www.youtube.com/channel/UCTm5IKNh-NoKwk6WbCkCoMQ/","IngramCarnate","105","18996","","https://twitter.com/ingramcarnate","https://www.facebook.com/ingramcarnate","https://www.instagram.com/ingramcarnate/","menswear"
"https://www.youtube.com/channel/UCjvRjeefmkzlFzE4YC0bF_A/","La Perla Lingerie","4645","2022293","","http://www.twitter.com/laperlalingerie","http://www.facebook.com/LaPerlaOfficialSite","http://www.instagram.com/laperlalingerie","menswear"
"https://www.youtube.com/channel/UCaATIhBr3KGp3485PuEBfRQ/","Onlygeo","12605","742599","geo.givenorders@gmail.com","https://www.twitter.com/0nlygeo","","https://www.instagram.com/onlygeo/","menswear"
"https://www.youtube.com/channel/UC2SGL0hMX-s3xZepqHMtgYg/","Pynck","435","971","","","","","menswear"
"https://www.youtube.com/channel/UC_zS9kofNwCE6l6YFwTYEkQ/","THEBESTSHOPS","29","4455","","","/redirect?redir_token=MH5HtPzO-m1hxHVo_-m-EOL9W-18MTU2NzI2NTk5NUAxNTY3MTc5NTk1&q=https%3A%2F%2Fwww.facebook.com%2Fcamera.buyermoda&event=channel_description","","menswear"
"https://www.youtube.com/channel/UCFROtN7x7Bf3QUORoYjdpZg/","Ounass","","2692702","","https://www.twitter.com/ounass","https://www.facebook.com/ounass","https://www.instagram.com/ounass","menswear"
"https://www.youtube.com/channel/UC9V2DfCqQzw9yEPHwOydNFw/","mrdisposablerazor","85","79902","","","","","menswear"
"https://www.youtube.com/channel/UCZbBPHquVwYWM3Fe0xz8XRQ/","DatWAy","5324","1340188","","","","","menswear"
"https://www.youtube.com/channel/UCD_BuhpAuZRYFGh87VDblfA/","River Island","13672","23155493","","https://twitter.com/riverisland","https://www.facebook.com/riverisland","https://www.instagram.com/riverisland","menswear"
"https://www.youtube.com/channel/UCx3-DsIx7ETHgd9uDGHvXXg/","Big and Tall Menswear By Pieces Of Frost","1","26","theodore.frost@my.sinclair.edu","","","","menswear"
"https://www.youtube.com/channel/UCw7aeTxfJ4aP8REx8SMZQxQ/","Burberry","326361","111732529","","https://twitter.com/Burberry","http://www.facebook.com/burberry","http://www.instagram.com/burberry","menswear"
"https://www.youtube.com/channel/UCXTiA2eTkEvXuvoVO0AqvDg/","Prolitec Inc.","78","11195","","","","","menswear"
"https://www.youtube.com/channel/UC17vBR3-3hEu9RKqp54csnA/","Hawa Boiro","2393","1449292","","","","","menswear"
"https://www.youtube.com/channel/UCVj9baa6kYO3qwpk-xGzw0g/","Samantha Brekke","621","","","","","","menswear"
"https://www.youtube.com/channel/UC__BNlwRUOWoqOkRPhZil_Q/","Heather Loduca","778","118914","","https://twitter.com/heatherloduca/","","https://www.instagram.com/heatherloduca/","menswear"
"https://www.youtube.com/channel/UCSBGHTppfvL049b2sOVzFYA/","Emma Kate","27150","845051","officialemmakate@gmail.com","","","","menswear"
"https://www.youtube.com/channel/UC7Rrwkjj9xrCw63DQ2iyAMg/","toniandguyworld","3129","518132","","https://twitter.com/toniandguyworld","https://www.facebook.com/toniandguyworld/?ref=bookmarks","","menswear"
"https://www.youtube.com/channel/UCW5AxPXjjiO4ip9XnjIrGAg/","Sam Syd","2179","1146182","","","","","menswear"
"https://www.youtube.com/channel/UCBEN9EJXK3iUgmtWvmoi7Kg/","JusticeAndrew","10253","14715568","andrew.dominguez40@yahoo.com","","","","menswear"
"https://www.youtube.com/channel/UCbUhO-tut97b5IQhZ3i7TMA/","Mr Carrington","23787","2146781","mrcarringtonblogs@gmail.com","","","","menswear"
"https://www.youtube.com/channel/UCzghvQPRhLxHA9foGXyzyjA/","Studio For Image Professionals","348","24993","info@studioforimageprofessionals.com","","","","menswear"
"https://www.youtube.com/channel/UC6VQA6WFZShPbHFH2uwe6ig/","Tailor Fitted","9536","587333","officialtailorfitted@gmail.com","https://www.twitter.com/TheTailorFitted","https://www.facebook.com/TheTailorFitted","http://www.instagram.com/thetailorfitted","menswear"
"https://www.youtube.com/channel/UC0TlSeWfj19yP_xGfK3Gfew/","Only In Saigon","8206","619373","onlyinsaigon@gmail.com","","","","menswear"
"https://www.youtube.com/channel/UCLq74S17TYi3dcbdDEh2qvQ/","José Manuel Carioca","4686","1307943","","","","","menswear"
"https://www.youtube.com/channel/UCHzCYuXh4z0xtjSQKKsP_lA/","Le Bazar Des Tendances","1503","644013","frederic.sauvage@lebazardestendances.com","","","","menswear"
"https://www.youtube.com/channel/UCICWmGlYMLAMau1LSN9bAUw/","OurLittleSecretYT","1262","220422","ourlittlescretyt@gmail.com","https://twitter.com/OurLittleSyt","","https://instagram.com/ourlittlesecretyt/","menswear"
"https://www.youtube.com/channel/UCrmC7FlbQ3QFYeTwn8YW8Rw/","Stella McCartney","10462","2361659","","http://www.twitter.com/stellamccartney","http://www.facebook.com/stellamccartney","http://www.instagram.com/stellamccartney","menswear"
"https://www.youtube.com/channel/UC6dztP9snlqa7kqB8YBZXug/","Ali Menswear","0","2","","","","","menswear"
"https://www.youtube.com/channel/UCOO2dEI0nzLVFTeypS3EjYA/","Stanley's Menswear Bentleigh East","3","1578","stans@stans.com.au","","/redirect?q=https%3A%2F%2Fwww.facebook.com%2Fmedia%2Fset%2F%3Fset%3Da.124573327667856.9886.124572657667923%26type%3D3&redir_token=G4T_6T9SgRH3WpBwnKOjhOoiGuR8MTU2NzI2NjAwNUAxNTY3MTc5NjA1&event=channel_description","","menswear"
"https://www.youtube.com/channel/UCNy_nqcSNd41ils3y7ws5yQ/","Melbourne Fashion Festival","1760","877040","fashion@mff.com.au","http://twitter.com/VAMFF/","https://www.facebook.com/MelbourneFashionFestival/","http://instagram.com/vamff/","menswear"
"https://www.youtube.com/channel/UCYjrB-MvkMHU1CGwZwFwsCA/","The Woolmark Company","3971","2306558","","/redirect?redir_token=0tQfDFXLmlPgTQFYOWNqq6LD_Ld8MTU2NzI2NjAwNkAxNTY3MTc5NjA2&event=channel_description&q=https%3A%2F%2Ftwitter.com%2FWoolmark%3Fref_src%3Dtwsrc%255Egoogle%257Ctwcamp%255Eserp%257Ctwgr%255Eauthor","http://www.facebook.com/woolmark","/redirect?redir_token=0tQfDFXLmlPgTQFYOWNqq6LD_Ld8MTU2NzI2NjAwNkAxNTY3MTc5NjA2&event=channel_description&q=https%3A%2F%2Fwww.instagram.com%2Fthewoolmarkcompany%2F%3Fhl%3Den","menswear"
"https://www.youtube.com/channel/UC-0NVxIlTFwcTDZnL3wleoQ/","nbhgtrfde vbghyuj","303","245573","","","","","menswear"
"https://www.youtube.com/channel/UCkSsoUlfwZnizsuAwHjOu1g/","M E","817","799390","","","","","menswear"
"https://www.youtube.com/channel/UCQY1yQ1pT7mgbtChH2M1LQQ/","Justin Boone","821","5638","iamjboone@gmail.com","","","http://www.instagram.com/justinb00ne","menswear"
"https://www.youtube.com/channel/UCeY9Ct5rC3OOZGSJ7oy_-FA/","Melissa de Mata","158","15913","info@melissademata.com","https://twitter.com/melissademata","https://www.facebook.com/melissademataphotography","http://instagram.com/melissademata","menswear"
"https://www.youtube.com/channel/UCagig38on887iM06oiUgZzQ/","Clare Maguire","14494","1441461","","http://www.twitter.com/claremaguire","https://www.facebook.com/claremaguiremusic","http://instagram.com/claremaguire","menswear"
"https://www.youtube.com/channel/UCCYy_KR1b0G1uX-GQTymQXg/","Hall Productions","2857","1616472","","","","","menswear"
"https://www.youtube.com/channel/UCxeyFyjVL1K2RShy0JlEY9g/","Matvey Lykov - Topic","31","","","","","","menswear"
"https://www.youtube.com/channel/UCdSATMFLCEWunULxA-0oOig/","Gatsby Singapore","1471","825896","gatsby@mandom.com.sg","","https://www.facebook.com/GatsbySingapore/?fref=ts&ref=br_tf","https://www.instagram.com/gatsbysg/","menswear"
"https://www.youtube.com/channel/UCMTvxN0kmnencHbFonLbF5A/","Louis Atkin","1","48","","","","","menswear"
"https://www.youtube.com/channel/UC4-bMWJ7mRGbaTzjtO6CfKg/","Portrait De L'HOMME","","11910","","","","","menswear"
"https://www.youtube.com/channel/UCmYKVPItJr-1Htn0NLkzrBQ/","Heart of AKL City","1203","1934515","info@heartofthecity.co.nz","","","","menswear"
"https://www.youtube.com/channel/UC-LpzUzkhlp2R7X9HFkmUMw/","The Wedding Brigade","15361","1423142","info@indear.in","/redirect?q=https%3A%2F%2Ftwitter.com%2FTWeddingBrigade&redir_token=LaMfsrF2TC6YOp4nHSR8MzJoM8l8MTU2NzI2NjAxMkAxNTY3MTc5NjEy&event=channel_description","https://www.facebook.com/theweddingbrigade","https://www.instagram.com/theweddingbrigade/","menswear"
"https://www.youtube.com/channel/UCd56Uw8DWgbcXnwORemgVug/","Central Saint Martins Fashion Department","1234","120374","","","","","menswear"
"https://www.youtube.com/channel/UCIGN4uSFN8FnJW9zPLRhmHw/","StyleShoots","12919","1253432","info@styleshoots.com","","","https://instagram.com/styleshoots.bv/","menswear"
"https://www.youtube.com/channel/UCBeAf6QnB7d54VsstsaDOSQ/","Catriona Stewart","884","178492","info@CatrionaStewartClothing.co.uk","","","","menswear"
"https://www.youtube.com/channel/UCMp1zVyRHsIpFcXD6FDHeWg/","Oscar de la Renta","6705","842616","press@odlr.com","https://twitter.com/OscardelaRenta","https://www.facebook.com/oscardelarenta/?ref=br_rs","https://www.instagram.com/oscardelarenta/","menswear"
"https://www.youtube.com/channel/UCzgCmB58gZd3T_PWS8cRQUg/","Bike EXIF","57931","6434007","editor@bikeexif.com","https://twitter.com/BikeEXIF","https://www.facebook.com/BikeEXIF","http://instagram.com/bikeexif","menswear"
"https://www.youtube.com/channel/UCV8otZVCgfA_01-I4m9lDBQ/","Outerknown","423","111970","news@outerknown.com","","https://www.facebook.com/oknwn/","https://www.instagram.com/outerknown","menswear"
"https://www.youtube.com/channel/UCW_hhNj4bLjMzyblFaI0gHQ/","FashionWeek NYC","6555","3220635","","","","","menswear"
"https://www.youtube.com/channel/UCRWUfKsMWTLqK6Lor3mpQdg/","Bali Swim & Activewear Manufacturer - Ladies & Athleisure | Factory","34","5108","","","","","menswear"
"https://www.youtube.com/channel/UC-9LgBhXKzqVRuZWG-tAIow/","Dobell Menswear","","2886","","","","","menswear"
"https://www.youtube.com/channel/UC7KrrdUpxaPIOkXC0pRMiHg/","Con Murphys Menswear Cork","35","1639","","","","","menswear"
"https://www.youtube.com/channel/UCIkFEXV_zvjOlmOcKEHW_hg/","LOEWE","","14433354","","https://twitter.com/LoeweOfficial","https://www.facebook.com/Loewe","https://instagram.com/Loewe","menswear"
"https://www.youtube.com/channel/UCa5DPaMMPtxzzAo8awyouGA/","Constance Murphy","","1103","contact@mursway.com","http://twitter.com/msconstancemur","https://www.facebook.com/pages/Mursway-by-Constance-Murphy/349640431713285","http://instagram.com/msconstancemurphy","menswear"
"https://www.youtube.com/channel/UCHS2jaS-Q3ck3m--4SBRWBQ/","parkeandronen","2208","726702","officialparkeandronen@gmail.com","","","","menswear"
"https://www.youtube.com/channel/UC6xjppaXBbkSYQyRCpNecLw/","4Anastasia","4786","506217","4A.channel@gmail.com","https://twitter.com/4A_channel","https://www.facebook.com/4Achannel/","","menswear"
"https://www.youtube.com/channel/UCNZtXR-bY-TxlQ5rjY2tGYw/","Styleify","","45614","susmitaghosh994@gmail.com","","https://www.facebook.com/profile.php?id=100008467118351","","menswear"
"https://www.youtube.com/channel/UCVRA0-CxDB0goYW1u1d2slQ/","ttop64","558","191281","","","","","menswear"
"https://www.youtube.com/channel/UCVnercf1hMdHu6rz8xhuUDA/","Nordstrom Rack","21034","6544974","","/redirect?q=https%3A%2F%2Ftwitter.com%2FNordstromRack&event=channel_description&redir_token=zYMe6P5hYDR8qr96O8hADGaRT5R8MTU2NzI2NjAyMkAxNTY3MTc5NjIy","http://facebook.com/NordstromRack","https://www.instagram.com/nordstromrack","menswear"
"https://www.youtube.com/channel/UCOYP5XacoUw5ZFx8_X8IHVg/","CROCHET","83703","9995125","","","","","menswear"
"https://www.youtube.com/channel/UCvjBDWN0vq6MFxY4v6fOa5Q/","BlackMovieChannels","1532","177516","Info@blackmoviechannels.com","https://twitter.com/Blackmoviechann","https://www.facebook.com/BlackMovieChannels","http://instagram.com/blackmoviechannels","menswear"
"https://www.youtube.com/channel/UCxgqP_lqhatvrTuyccEnJmw/","Pleb PotatoGaming","23","172","","","","","menswear"
"https://www.youtube.com/channel/UC5Gg1EM1JOs-Y7uC84_edog/","pawn shop videos","55","13404","","","","","menswear"
"https://www.youtube.com/channel/UCj9peGCfg5X6PrinJKAyCDw/","Murad Merali","46130","13396293","murad_99@hotmail.co.uk","","","","menswear"
"https://www.youtube.com/channel/UC0CM9l-7mgfD78xkr_0x_-A/","Daily Maverick","2538","632311","","","","","menswear"
"https://www.youtube.com/channel/UCP1Uw_k_hjdEvD0KvdmM54Q/","CoutureFashionWeek","2073","791929","info@couturefashionweek.com","","","","menswear"
"https://www.youtube.com/channel/UChV0ilc16iq0QHCldb83tyg/","CHETANVEENA","147","5581","info@cvstudios.in","","","","menswear"
"https://www.youtube.com/channel/UCOAGEiEImHtPQ161YQKNPow/","Opera Lane","7","878","","","","","menswear"
"https://www.youtube.com/channel/UC9XuoZRtM8rgBFxKyUGfV6g/","TheBrownEagle","459","14927","talbrowneagle@gmail.com","","","https://www.instagram.com/talrbrown/","menswear"
"https://www.youtube.com/channel/UCB_ZabVgWfXodxkGP82KQww/","Gents Lifestyle","116","9570","","","","","menswear"
"https://www.youtube.com/channel/UCcIXpwq8gTPRKkqrBDFf6nA/","Aubri Ebony","258","25868","","","","","menswear"
"https://www.youtube.com/channel/UCMbTVfWBMQOjUEHWSLK2iqA/","Knotted Men","372","167132","mayusritharan@gmail.com","","","https://instagram.com/knotted_menswear","menswear"
"https://www.youtube.com/channel/UCPRNhZcbFEWftagNlXMeVew/","Christian Milano","1825","303478","sales@artisanbrand.com","","","","menswear"
"https://www.youtube.com/channel/UChXlh71TnzbuyiW7h8cUX0w/","MenStyleFashion","3082","1117877","contact@menstylefashion.com","/redirect?redir_token=0ONDmJeJQA8f548CxNrZ5mDVCLF8MTU2NzI2NjAyNkAxNTY3MTc5NjI2&q=https%3A%2F%2Fwww.twitter.com%2FMenStyleFashion&event=channel_description","/redirect?redir_token=0ONDmJeJQA8f548CxNrZ5mDVCLF8MTU2NzI2NjAyNkAxNTY3MTc5NjI2&q=https%3A%2F%2Fwww.facebook.com%2FMenStyleFashion&event=channel_description","","menswear"
"https://www.youtube.com/channel/UC-LPh77Ml7wLw0kaxJKSGDw/","Matthew Manyak","1140","366427","officialm@matthewmanyak.com","","https://www.facebook.com/DirectorDoubleM/","https://www.instagram.com/directordoublem/","menswear"
"https://www.youtube.com/channel/UCtO4HvnJhAUKbJ6pbN5kZmg/","RBR - Total Home Remodeling","487","131012","","","","","menswear"
"https://www.youtube.com/channel/UCp1Uv0vXi1xbiuPIPKNAbww/","BerksMenswear","4","1909","bruce.berk@berksmenswear.com","","","","menswear"
"https://www.youtube.com/channel/UCx75lQwQbW61j0JD-bqsyiQ/","Loïc Prigent - Topic","475","","","","","","menswear"
"https://www.youtube.com/channel/UCmm9nqCXpbv9vWLamarIuYQ/","Shoeline.com","517","553294","","","","","menswear"
"https://www.youtube.com/channel/UCyZJx_ObCmfcurrR57xSGzw/","Adam Stbhun","69","28553","","","","","menswear"
"https://www.youtube.com/channel/UCO67r1xtsKqg9L0V4kpLhzQ/","GayHills","1585","2094952","","","","","menswear"
"https://www.youtube.com/channel/UCgRNIYCQ2FD1h3TJOTQ0orw/","Zobello","82","20425","info@zobello.com","https://twitter.com/ZobelloClothing","https://www.facebook.com/zobelloclothing","https://www.instagram.com/zobelloclothing/","menswear"
"https://www.youtube.com/channel/UCQRcG9o2pBhMX9muqLYImmw/","eHowEducation","188035","39588465","","","","","menswear"
"https://www.youtube.com/channel/UCKMt04ojdifAfAx2Q9EyzAg/","watchFashionNews","16245","24401829","erica@watchmedia-network.com","","","","menswear"
"https://www.youtube.com/channel/UCEzwPVaaYfiikMB5JXesC6w/","Elite & Luck Cufflinks Rings and Accessories","196","30447","sales@eliteandluck.com","https://twitter.com/EliteandLuck","https://www.facebook.com/EliteandLuck","http://instagram.com/eliteandluck","menswear"
"https://www.youtube.com/channel/UCYQlJXeNzLBTTS4KkZpVW1w/","Ian Hung","577","344864","","","","","menswear"
"https://www.youtube.com/channel/UChz9IaGCNtGxRm40Jzbp1MA/","Kadin Yu","33689","10014343","Kadin.Yu@gmail.com","https://twitter.com/KadinYu","","https://www.instagram.com/jiakadin/","menswear"
"https://www.youtube.com/channel/UCKfFGa9nvQWnyoQBCfErHHA/","Tom Marchitelli","23","10743","","","","","menswear"
"https://www.youtube.com/channel/UCwET_vn--82-tcMLPzUnQUA/","Nate Maingard","5289","299383","nate@natemaingard.com","","","http://instagram.com/natemaingard","menswear"
"https://www.youtube.com/channel/UCIzTfBfotdrPy1bX0oxQRuA/","HIRE5 MENSWEAR","2","252","","","","","menswear"
"https://www.youtube.com/channel/UCFWKQTxx_jnowVADEk6-iAg/","Roberto Cavalli","14456","3217608","info@robertocavalli.com","https://twitter.com/roberto_cavalli","https://www.facebook.com/RobertoCavalli","http://instagram.com/roberto_cavalli#","menswear"
"https://www.youtube.com/channel/UC1RxrhgpdJHpushRkY3mDuA/","F*CK YEA MENSWEAR & LIFESTYLE","24","1542","","","","","menswear"
"https://www.youtube.com/channel/UC2yBEuceWeBteJstVSlEckg/","Jill Maurer","2089","268148","jillmaurerjewelry@gmail.com","https://twitter.com/realjillmaurer","","","menswear"
"https://www.youtube.com/channel/UC9WrMV7GRMzP9NV5sKenIoQ/","Snowflake Designs","334","67201","info@SnowflakeDesigns.com","","","","menswear"
"https://www.youtube.com/channel/UCMs6WmlNftZOz_NpbY2oDxA/","WatchMeLevi","10455","5657933","","","","","menswear"
"https://www.youtube.com/channel/UCl80xYzdqXAi73HIGuBkXvQ/","Oxford Fashion Studio","","41413","Hello@oxfordfashionstudio.com","","","","menswear"
"https://www.youtube.com/channel/UCsQ6VsdkjkX3yK5kCMzNffg/","Abbie Davis","0","11","","","","","menswear"
"https://www.youtube.com/channel/UCGTltRvE0g1hLXOHTJNUrOA/","SimplyDapperTV","177","19095","SimplyDapperTv@Gmail.com","http://www.Twitter.com/SimplyDapperTV","http://www.Facebook.com/SimplyDapperTV","http://www.instagram.com/SimplyDapperTV","menswear"
"https://www.youtube.com/channel/UCo4p_2rlmWXO0yqPa3Dowrg/","Kaceydia","4036","907562","kaceyhahn@yahoo.com","https://twitter.com/kaceydia","https://www.facebook.com/kaceydia.youtube","http://instagram.com/thekaceydia","menswear"
"https://www.youtube.com/channel/UCiWbT1LV1h47Ym8xo43p7CA/","Jeromes Menswear","11","1115","","","","","menswear"
"https://www.youtube.com/channel/UCAzwhO4AWwSAadO0xOw1ocQ/","Philip Browne Menswear","17","4034","","/redirect?q=https%3A%2F%2Ftwitter.com%2Fphilipbrowne86&redir_token=BudAkc3iNEktMtlqrvElj3ugO8p8MTU2NzI2NjA0NkAxNTY3MTc5NjQ2&event=channel_description","/redirect?q=https%3A%2F%2Fwww.facebook.com%2Fphilipbrownemenswear&redir_token=BudAkc3iNEktMtlqrvElj3ugO8p8MTU2NzI2NjA0NkAxNTY3MTc5NjQ2&event=channel_description","","menswear"
"https://www.youtube.com/channel/UC6PZuPtyJ320R1OPUyeLnbg/","Dyoniss99","359","450548","","","","","menswear"
"https://www.youtube.com/channel/UC0tC4TnZdDfZ651mh3Q5x2w/","Jerry Perez","1","","","","","","menswear"
"https://www.youtube.com/channel/UCedj-ELxKOdC3ongA4bpGZQ/","Clément Lazuech","25","32904","","","","","menswear"
"https://www.youtube.com/channel/UC9mCGTML3vy9mgnoKNuMb5w/","Bill and Brandon","63","15540","","","","","menswear"
"https://www.youtube.com/channel/UCX7wuuhrhEK8vfkWqkTkWBg/","Gadsby's Clothing","1","84","","","","","menswear"
"https://www.youtube.com/channel/UC5fTMFZ87q8o-eTcpp9As2w/","Odrin","2","267","","","","","menswear"
"https://www.youtube.com/channel/UCxW5wI4gTFgVrGRPuPyOUSw/","TheModernFit","477","196057","","","","www.instagram.com/themodernfit","menswear"
"https://www.youtube.com/channel/UCAlCfUnmrtXAEY3P-qf-Whw/","YOYUU LAB","136","6852","info@yoyuu.ca","","https://www.facebook.com/yoyuu.official/","https://instagram.com/yoyuu.lab","menswear"
"https://www.youtube.com/channel/UCCEZVthd3xArCYDvNjwSNFg/","Azir Menswear","3","4174","","","","","menswear"
"https://www.youtube.com/channel/UCPNe_4bPBVLfHHd4awk7yrw/","Disney Channel Australia & New Zealand","151213","47776468","","","","http://instagram.com/disneychannelau","menswear"
"https://www.youtube.com/channel/UCnnM_3w_RzTbydQTySlaONw/","karenkooper","570","1382236","","","","","menswear"
"https://www.youtube.com/channel/UCupShvw4GQu7FAcQk9wcbRA/","Y/PROJECT","175","3621","","","","","menswear"
"https://www.youtube.com/channel/UC2lv4vdVhqAx_au1xHEFnBg/","Gatcher Productions","44","33808","","","","","menswear"
"https://www.youtube.com/channel/UChqJ2pbHwlMqmKQJ5HGf9Rg/","Micki Fashion","167","9119","Gmail.-micki13121984@gmail.com","","","","menswear"
"https://www.youtube.com/channel/UCPHbC3ilQLCZoYDmc-4VLEw/","MENSPIRE TV","2358","52050","","","","","menswear"
"https://www.youtube.com/channel/UCsvGxRr9TpydL3ZkWL7Ihkg/","Jhon Uzcátegui","360","44579","","https://www.twitter.com/harpercolls","","https://www.instagram.com/harpercolls","menswear"
"https://www.youtube.com/channel/UCbBp4RQP4_Ri2KsMyF59JDQ/","LIFESTYLE TV","858","799909","marketing@lifestyle-tv.com","http://www.twitter.com/#!/lifestyletvcom","https://www.facebook.com/LIFESTYLETV","https://www.instagram.com/lifestyle_tv_/","menswear"
"https://www.youtube.com/channel/UCi7IPrPsabWFXF_hAK3a5tg/","BA:M15 LCF MENSWEAR","21","3049","","","","","menswear"
"https://www.youtube.com/channel/UC8e0-Djdvo-sxPDmpStEq4g/","Christopher Kane","333","18550","","","","https://instagram.com/christopherkane/","menswear"
"https://www.youtube.com/channel/UC8g8WsGC3zo0S9AhnVvvxCA/","Cranmore Park","3","452","","https://twitter.com/CranmorePark","","https://www.instagram.com/cranmorepark/","menswear"
"https://www.youtube.com/channel/UCk62f_ZaVYhZiu3QeAFiC_g/","TheVintageNews","1522","514685","","https://twitter.com/TheVintageNews","https://www.facebook.com/pages/The-Vintage-News/229668777093113","http://instagram.com/thevintagenews","menswear"
"https://www.youtube.com/channel/UCsvQn8KCdv1kNaCAu8C1Gog/","TSC","7634","6969796","CustomerService@theShoppingChannel.com","https://twitter.com/ShopTSC","https://www.facebook.com/ShopTSC/","https://www.instagram.com/shoptsc/","menswear"
"https://www.youtube.com/channel/UCz2pmpGJCO6U0yrQHmRRo3w/","Drapers Online","398","136407","","","","","menswear"
"https://www.youtube.com/channel/UC0hR869RMWzbBVe2pkJLLnQ/","TED BAKER","11487","20150331","","https://twitter.com/ted_baker","http://www.facebook.com/TedBaker","https://www.instagram.com/ted_baker/","menswear"
"https://www.youtube.com/channel/UCeLF0LUgddUa4rwkr1DXvJQ/","Pure London","2452","642063","","/redirect?q=http%3A%2F%2Fwww.twitter.com%2FPureLondonShow&redir_token=eKXIocJ4C-tKa3d2Y7YdK66xMW18MTU2NzI2NjA1N0AxNTY3MTc5NjU3&event=channel_description","/redirect?q=http%3A%2F%2Fwww.Facebook.com%2FPureLondonShow&redir_token=eKXIocJ4C-tKa3d2Y7YdK66xMW18MTU2NzI2NjA1N0AxNTY3MTc5NjU3&event=channel_description","/redirect?q=http%3A%2F%2Fwww.Instagram.com%2FPureLondonShow&redir_token=eKXIocJ4C-tKa3d2Y7YdK66xMW18MTU2NzI2NjA1N0AxNTY3MTc5NjU3&event=channel_description","menswear"
"https://www.youtube.com/channel/UCqeZBMaDo88etRHfFZh9fTw/","Sissy Boy","23","4471","","","","","menswear"
"https://www.youtube.com/channel/UCkDrbuiySY3N5gZdACyLOLw/","Jerome Henry","485","337615","","https://twitter.com/dadbritain","","https://instagram.com/dadbritain","menswear"
"https://www.youtube.com/channel/UCQWgwKXQirZTfwa7nnh2TGw/","MickAmrl","212","14355","mickamrzl@gmail.com","","","","menswear"
"https://www.youtube.com/channel/UC434J-VZtRVEBoFj5g7fPKA/","Soyleh Menswear","2","139","","","","","menswear"
"https://www.youtube.com/channel/UCPbmyX1nINBphlLAp7iMGzQ/","Melvin McGill","1","42","","","","","menswear"
"https://www.youtube.com/channel/UC1ymLrNjFkIE8qtEnhmIGmQ/","FredsTreds","4383","691757","freddypalmer247@gmail.com","","","https://www.instagram.com/fredstreds/?hl=en","menswear"
"https://www.youtube.com/channel/UC-fxRMaT7ntboNghUuz9fbA/","Zico He","509","94967","zicoqhe@gmail.com","https://twitter.com/ZicoHeMan","","https://www.instagram.com/zicoheman/","menswear"
"https://www.youtube.com/channel/UCve6lKjgZ_tbj07VTGgEZXQ/","Masha Vasyukova","46","29594","","","","","menswear"
"https://www.youtube.com/channel/UCYTraFfJjBoPZCRn0ncTihA/","Brad Zac Evans","107","","","","","","menswear"
"https://www.youtube.com/channel/UCrEFCdOOfJHZi5tvnS0jLlA/","Sangiev","105252","9613174","pratheesh@wearenwn.com","https://twitter.com/sangiev","","https://instagram.com/sangiev/","menswear"
"https://www.youtube.com/channel/UCZxfQFzkS-N5HMuAsIBXx-Q/","Creative Solution Team","822","1636133","","","","","menswear"
"https://www.youtube.com/channel/UCqON0WfD5OhjxQkyHsIo6Xw/","Tapered Menswear","5","502","support@taperedmenswear.com","","","","menswear"
"https://www.youtube.com/channel/UCVHtuPuWVoEvnMSSl50JvbA/","Next Management","7142","1794492","","/redirect?q=https%3A%2F%2Ftwitter.com%2FNextModels&redir_token=1_ipukAdVbdhuBRoirbNZoGh4Mx8MTU2NzI2NjA2M0AxNTY3MTc5NjYz&event=channel_description","","/redirect?q=http%3A%2F%2Finstagram.com%2Fnextmodels&redir_token=1_ipukAdVbdhuBRoirbNZoGh4Mx8MTU2NzI2NjA2M0AxNTY3MTc5NjYz&event=channel_description","menswear"
"https://www.youtube.com/channel/UCnVi64vcYPZ5J8V5agZYREA/","serpedaus","27469","41866659","","","","","menswear"
"https://www.youtube.com/channel/UCg0hvEm34iv0bKzJd2I1Xhg/","Ianthia Smith","2682","577164","hello@ianthia-smith.com","https://twitter.com/iamianthia/","https://www.facebook.com/IanthiaSASmith1/","https://www.instagram.com/iamianthia/","menswear"
"https://www.youtube.com/channel/UCCHA6zJlYqi3IjDA32PDe7g/","Revelist","4314","968462","editors@revelist.com","","","","menswear"
"https://www.youtube.com/channel/UCzouqJZ6O2Wb-T01hVmejBw/","toodypot - dank gorillaz edits","2080","1538264","","","","","menswear"
"https://www.youtube.com/channel/UC6gODrqlgV9RROXlQi9HoIw/","WILVORST","142","85997","","","","","menswear"
"https://www.youtube.com/channel/UC1nMTwkpgQ694hTt5PV78Vw/","Jewish Museum London","6972","1465350","admin@jewishmuseum.org.uk","http://www.twitter.com/JewishMuseumLDN","https://www.facebook.com/JewishMuseumLDN","http://instagram.com/jewishmuseumldn","menswear"
"https://www.youtube.com/channel/UCYRKapMKYGWbZQyNx4wuZIA/","London College of Fashion","16084","2346974","","","","","menswear"
"https://www.youtube.com/channel/UC15YcbyiROBS-7wz2rAIkzw/","Stylebydillan","753","26167","dillan@stylebydillan.com","","","","menswear"
"https://www.youtube.com/channel/UCfO3B57E6NpIn-KsVjvmLLw/","The Transition Channel","18189","1207868","staff@thetransitionchannel.org","https://twitter.com/Transitionchan","http://www.facebook.com/thetransitionchannel","https://www.instagram.com/thetransitionchannel/","menswear"
"https://www.youtube.com/channel/UC5CECl8CZ72XBcOh6p9gxUQ/","Ayr Racecourse","40","13553","","","","","menswear"
"https://www.youtube.com/channel/UCw-PG2QrtM8gYyThGmEIkEw/","ulliedel","86","107456","","","","","menswear"
"https://www.youtube.com/channel/UCtGL0GlHshcUgww9yIlk9IA/","THE SOCIETY SHOP","21","3469","info@thesocietyshop.com","","/redirect?q=https%3A%2F%2Fwww.facebook.com%2Fthesocietyshop&redir_token=53Bvr7UUSZPG_ag3wPXV2sbbq1B8MTU2NzI2NjA2OUAxNTY3MTc5NjY5&event=channel_description","/redirect?q=https%3A%2F%2Finstagram.com%2Fthesocietyshop%2F&redir_token=53Bvr7UUSZPG_ag3wPXV2sbbq1B8MTU2NzI2NjA2OUAxNTY3MTc5NjY5&event=channel_description","menswear"
"https://www.youtube.com/channel/UCvLQZtPyTRWb5sIi1v9-LuQ/","Scotty Leakes","538","429058","","","","","menswear"
"https://www.youtube.com/channel/UC-lsFFLKAfJDZ5fygAGF1Ig/","dimitropia","209","","httpdemetra@gmail.com","","","https://instagram.com/dimitrayo/?modal=true","menswear"
"https://www.youtube.com/channel/UC3IF_DF1bsMhxW9jfA331zQ/","DapHer Gents","242","8621","info@daphergents.com","","","","menswear"
"https://www.youtube.com/channel/UCuaRg264d2phel-7-RV8u0Q/","NOWFASHION","2118","350052","","http://twitter.com/nowfashion","http://facebook.com/nowfashion","http://instagram.com/nowfashion","menswear"
"https://www.youtube.com/channel/UCqDfnaPreNcvjebVrIJy5FA/","ANGELO GALASSO","130","16940","","","","","menswear"
"https://www.youtube.com/channel/UCnlMeQFaIo-FNp9Ve8c0Fhg/","A Style Breeze","1214","133327","","","","","menswear"
"https://www.youtube.com/channel/UC1UxRK__mNvGAzyH4uVDkSQ/","LUISAVIAROMA","5670","11845451","customerservice@luisaviaroma.com","https://twitter.com/LuisaViaRoma","http://www.facebook.com/luisaviaroma","http://www.instagram.com/luisaviaroma","menswear"
"https://www.youtube.com/channel/UCdYU18ljfCECD6tyrxBaeAQ/","Walkers.Style","121","265891","girls@walkers.style","https://twitter.com/walkersclothing","https://www.facebook.com/pages/Walkers-of-Pottergate/131686456858265","/redirect?q=https%3A%2F%2Finstagram.com%2Fwalkersofpottergate%2F&event=channel_description&redir_token=YkB80_xrPD_6MdePugf2GXGAdRV8MTU2NzI2NjA3MkAxNTY3MTc5Njcy","menswear"
"https://www.youtube.com/channel/UC6cuhMcuKFF53yglUHG-UwQ/","noted man","34","6962","","","","","menswear"
"https://www.youtube.com/channel/UCb5fLauQA9bFS5ZesN6t71w/","RHODES","52941","8938503","","http://twitter.com/rhodesmusic","http://facebook.com/rhodesmusicuk","http://instagram.com/rhodesmusic","menswear"
"https://www.youtube.com/channel/UCQBxCe11qA_lHSajBGNyInA/","BetterShared","122","6785","","https://twitter.com/bettershareduk","","https://instagram.com/bettershared","menswear"
"https://www.youtube.com/channel/UCWHsP7jA7dMbR_cTeCndi8A/","Garrison Tailors","33","1324","","","","","menswear"
"https://www.youtube.com/channel/UCO_UoSx3oArw4rzjpCBeWPA/","Marks and Spencer India","2229","26461272","","","","","menswear"
"https://www.youtube.com/channel/UC9QTWU_d2YlijS6z1KjDprg/","Fresh Pepper - Modeling Tips","32391","3291805","francisukpolo@gmail.com","https://twitter.com/Fresh_Pepper","","http://instagram.com/fresh_pepper/","menswear"
"https://www.youtube.com/channel/UCxUFk4wkTf8HmSNhjkj34Ag/","CS Edit.","1546","250936","","","","","menswear"
"https://www.youtube.com/channel/UC3Ovs7OdYN3gfcF9Wu-Wblw/","Sneakerhead Balo","3853","944911","lemanderduverger@yahoo.com","","","","menswear"
"https://www.youtube.com/channel/UC8T5YiFkBr9gQNJdwG02V5g/","EPmodels TV","69","15068","info@epmodelsagency.com.br","http://twitter.com/epmodelsagency","https://www.facebook.com/pages/EPmodels-Agency-Mgt-Brasil/189435414442324","http://instagram.com/epmodelsbrasil","menswear"
"https://www.youtube.com/channel/UCuHzBCaKmtaLcRAOoazhCPA/","Beyoncé","19299296","11126328875","","","","","menswear"
"https://www.youtube.com/channel/UCy_RR6Lx_Jiquu3RPkjRRHQ/","officer Sweetchuck","3282","584448","","","","","menswear"
"https://www.youtube.com/channel/UCKbHhnjFW19BtIQUis7WTdQ/","originalboland","22582","38316117","","","","","menswear"
,,,,,,,,
,,,,,,,,
,,,,,,,,
,,,,,,,,
,,,,,,,,
,,,,,,,,
,,,,,,,,
,,,,,,,,
,,,,,,,,
,,,,,,,,
,,,,,,,,
,,,,,,,,
,,,,,,,,
,,,,,,,,
,,,,,,,,
,,,,,,,,
,,,,,,,,
,,,,,,,,
,,,,,,,,
,,,,,,,,
,,,,,,,,
,,,,,,,,
,,,,,,,,
,,,,,,,,
,,,,,,,,
,,,,,,,,
,,,,,,,,
,,,,,,,,
,,,,,,,,
,,,,,,,,
,,,,,,,,
,,,,,,,,
,,,,,,,,
,,,,,,,,
,,,,,,,,
,,,,,,,,
,,,,,,,,
,,,,,,,,
,,,,,,,,
,,,,,,,,
,,,,,,,,
,,,,,,,,
,,,,,,,,
,,,,,,,,
,,,,,,,,
,,,,,,,,
,,,,,,,,
,,,,,,,,
,,,,,,,,
,,,,,,,,
,,,,,,,,
,,,,,,,,
,,,,,,,,
,,,,,,,,
,,,,,,,,
,,,,,,,,
,,,,,,,,
,,,,,,,,
,,,,,,,,
,,,,,,,,
,,,,,,,,
,,,,,,,,
,,,,,,,,
,,,,,,,,
,,,,,,,,
,,,,,,,,
,,,,,,,,
,,,,,,,,
,,,,,,,,
,,,,,,,,
,,,,,,,,
,,,,,,,,
,,,,,,,,
,,,,,,,,
,,,,,,,,
,,,,,,,,
,,,,,,,,
,,,,,,,,
,,,,,,,,
,,,,,,,,
,,,,,,,,
,,,,,,,,
,,,,,,,,
,,,,,,,,
,,,,,,,,
,,,,,,,,
,,,,,,,,
,,,,,,,,
,,,,,,,,
,,,,,,,,
,,,,,,,,
,,,,,,,,
,,,,,,,,
,,,,,,,,
,,,,,,,,
,,,,,,,,
,,,,,,,,
,,,,,,,,
,,,,,,,,
,,,,,,,,
,,,,,,,,
,,,,,,,,
,,,,,,,,
,,,,,,,,
,,,,,,,,
,,,,,,,,
,,,,,,,,
,,,,,,,,
,,,,,,,,
,,,,,,,,
,,,,,,,,
,,,,,,,,
,,,,,,,,
,,,,,,,,
,,,,,,,,
,,,,,,,,
,,,,,,,,
,,,,,,,,
,,,,,,,,
,,,,,,,,
,,,,,,,,
,,,,,,,,
,,,,,,,,
,,,,,,,,
,,,,,,,,
,,,,,,,,
,,,,,,,,
,,,,,,,,
,,,,,,,,
,,,,,,,,
,,,,,,,,
,,,,,,,,
,,,,,,,,
,,,,,,,,
,,,,,,,,
,,,,,,,,
,,,,,,,,
,,,,,,,,
,,,,,,,,
,,,,,,,,
,,,,,,,,
,,,,,,,,
,,,,,,,,
,,,,,,,,
,,,,,,,,
,,,,,,,,
,,,,,,,,
,,,,,,,,
,,,,,,,,
,,,,,,,,
,,,,,,,,
,,,,,,,,
,,,,,,,,
,,,,,,,,
,,,,,,,,
,,,,,,,,
,,,,,,,,
,,,,,,,,
,,,,,,,,
,,,,,,,,
,,,,,,,,
,,,,,,,,
,,,,,,,,
,,,,,,,,
,,,,,,,,
,,,,,,,,
,,,,,,,,
,,,,,,,,
,,,,,,,,
,,,,,,,,
,,,,,,,,
,,,,,,,,
,,,,,,,,
,,,,,,,,
,,,,,,,,
,,,,,,,,
,,,,,,,,
,,,,,,,,
,,,,,,,,
,,,,,,,,
,,,,,,,,
,,,,,,,,
,,,,,,,,
,,,,,,,,
,,,,,,,,
,,,,,,,,
,,,,,,,,
,,,,,,,,
,,,,,,,,
,,,,,,,,
,,,,,,,,
,,,,,,,,
,,,,,,,,
,,,,,,,,
,,,,,,,,
,,,,,,,,
,,,,,,,,
,,,,,,,,
,,,,,,,,
,,,,,,,,
,,,,,,,,
,,,,,,,,
,,,,,,,,
,,,,,,,,
,,,,,,,,
,,,,,,,,
,,,,,,,,
,,,,,,,,
,,,,,,,,
,,,,,,,,
,,,,,,,,
,,,,,,,,
,,,,,,,,
,,,,,,,,
,,,,,,,,
,,,,,,,,
,,,,,,,,
,,,,,,,,
,,,,,,,,
,,,,,,,,
,,,,,,,,
,,,,,,,,
,,,,,,,,
,,,,,,,,
,,,,,,,,
,,,,,,,,
,,,,,,,,
,,,,,,,,
,,,,,,,,
,,,,,,,,
,,,,,,,,
,,,,,,,,
,,,,,,,,
,,,,,,,,
,,,,,,,,
,,,,,,,,
,,,,,,,,
,,,,,,,,
,,,,,,,,
,,,,,,,,
,,,,,,,,
,,,,,,,,
,,,,,,,,
,,,,,,,,
,,,,,,,,
,,,,,,,,
,,,,,,,,
,,,,,,,,
,,,,,,,,
,,,,,,,,
,,,,,,,,
,,,,,,,,
,,,,,,,,
,,,,,,,,
,,,,,,,,
,,,,,,,,
,,,,,,,,
,,,,,,,,
,,,,,,,,
,,,,,,,,
,,,,,,,,
,,,,,,,,
,,,,,,,,
,,,,,,,,
,,,,,,,,
,,,,,,,,
,,,,,,,,
,,,,,,,,
,,,,,,,,
,,,,,,,,
,,,,,,,,
,,,,,,,,
,,,,,,,,
,,,,,,,,
,,,,,,,,
,,,,,,,,
,,,,,,,,
,,,,,,,,
,,,,,,,,
,,,,,,,,
,,,,,,,,
,,,,,,,,
,,,,,,,,
,,,,,,,,
,,,,,,,,
,,,,,,,,
,,,,,,,,
,,,,,,,,
,,,,,,,,
,,,,,,,,
,,,,,,,,
,,,,,,,,
,,,,,,,,
,,,,,,,,
,,,,,,,,
,,,,,,,,
,,,,,,,,
,,,,,,,,
,,,,,,,,
,,,,,,,,
,,,,,,,,
,,,,,,,,
,,,,,,,,
,,,,,,,,
,,,,,,,,
,,,,,,,,
,,,,,,,,
,,,,,,,,
,,,,,,,,
,,,,,,,,
,,,,,,,,
,,,,,,,,
,,,,,,,,
,,,,,,,,
,,,,,,,,
,,,,,,,,
,,,,,,,,
,,,,,,,,
,,,,,,,,
,,,,,,,,
,,,,,,,,
,,,,,,,,
,,,,,,,,
,,,,,,,,
,,,,,,,,
,,,,,,,,
,,,,,,,,
,,,,,,,,
,,,,,,,,
,,,,,,,,
,,,,,,,,
,,,,,,,,
,,,,,,,,
,,,,,,,,
,,,,,,,,
,,,,,,,,
,,,,,,,,
,,,,,,,,
,,,,,,,,
,,,,,,,,
,,,,,,,,
,,,,,,,,
,,,,,,,,
,,,,,,,,
,,,,,,,,
,,,,,,,,
,,,,,,,,
,,,,,,,,
,,,,,,,,
,,,,,,,,
,,,,,,,,
,,,,,,,,
,,,,,,,,
,,,,,,,,
,,,,,,,,
,,,,,,,,
,,,,,,,,
,,,,,,,,
,,,,,,,,
,,,,,,,,
,,,,,,,,
,,,,,,,,
,,,,,,,,
,,,,,,,,
,,,,,,,,
,,,,,,,,
,,,,,,,,
,,,,,,,,
,,,,,,,,
,,,,,,,,
,,,,,,,,
,,,,,,,,
,,,,,,,,
,,,,,,,,
,,,,,,,,
,,,,,,,,
,,,,,,,,
,,,,,,,,
,,,,,,,,
,,,,,,,,
,,,,,,,,
,,,,,,,,
,,,,,,,,
,,,,,,,,
,,,,,,,,
,,,,,,,,
,,,,,,,,
,,,,,,,,
,,,,,,,,
,,,,,,,,
,,,,,,,,
,,,,,,,,
,,,,,,,,
,,,,,,,,
,,,,,,,,
,,,,,,,,
,,,,,,,,
,,,,,,,,
,,,,,,,,
,,,,,,,,
,,,,,,,,
,,,,,,,,
,,,,,,,,
,,,,,,,,
,,,,,,,,
,,,,,,,,
,,,,,,,,
,,,,,,,,
,,,,,,,,
,,,,,,,,
,,,,,,,,
,,,,,,,,
,,,,,,,,
,,,,,,,,
,,,,,,,,
